emp_id,emp_name,gender,department,job_role,salary,email,phone,city,join_date
EMP00001,Mark Johnson,Male,IT,ML engineer,26049,mark.johnson1@meta.com,+91-71175-50026,Sambalpur,2025-10-15
EMP00002,Daniel Doyle,Male,Research and Development,R&D Project Manager,37493,daniel.doyle2@meta.com,+91-74287-14227,Gudivada,2025-02-22
EMP00003,Javier Johnson,Male,Marketing,Marketing Manager,33526,javier.johnson3@meta.com,+91-86875-93586,Muzaffarpur,2025-07-05
EMP00004,Jonathan Johnson,Male,Research and Development,Research Scientist,13003,jonathan.johnson4@meta.com,+91-77988-34813,Bongaigaon,2025-12-10
EMP00005,Jennifer Cole,Female,Research and Development,Research Scientist,49920,jennifer.cole5@meta.com,+91-75242-96237,Chennai,2025-01-29
EMP00006,Peter Moore,Male,IT,ML engineer,36290,peter.moore6@meta.com,+91-80957-24861,Mau,2025-03-13
EMP00007,Donald Lewis,Male,Research and Development,R&D Project Manager,45322,donald.lewis7@meta.com,+91-87453-91478,Kota,2025-03-20
EMP00008,Brandon Davis,Male,Research and Development,Product Development Engineer,49086,brandon.davis8@meta.com,+91-63542-59618,Mahbubnagar,2025-05-17
EMP00009,Deborah Williams,Female,IT,ML engineer,38492,deborah.williams9@meta.com,+91-74982-51982,Jorhat,2025-11-24
EMP00010,Calvin Nielsen,Male,IT,ML engineer,20587,calvin.nielsen10@meta.com,+91-65413-98225,Suryapet,2025-02-10
EMP00011,Edward Fuller,Male,Research and Development,Product Development Engineer,14535,edward.fuller11@meta.com,+91-71452-84257,Gangtok,2025-04-13
EMP00012,Cheryl Jones,Female,Marketing,Marketing Analyst,38711,cheryl.jones12@meta.com,+91-91235-22062,Ramagundam,2025-01-17
EMP00013,Victoria Wyatt,Female,IT,data scientist,28250,victoria.wyatt13@meta.com,+91-92195-47810,Nadiad,2025-08-09
EMP00014,Diana Reid,Female,Marketing,SEO Specialist,40606,diana.reid14@meta.com,+91-66904-38214,Ujjain,2025-08-05
EMP00015,Jacob Clark,Male,Marketing,SEO Specialist,26371,jacob.clark15@meta.com,+91-64850-98998,Madurai,2025-03-27
EMP00016,Lisa Jackson,Female,Marketing,SEO Specialist,24008,lisa.jackson16@meta.com,+91-99103-97267,Ujjain,2025-10-12
EMP00017,Julia Nelson,Female,IT,data scientist,29445,julia.nelson17@meta.com,+91-79557-05581,Anantapur,2025-09-18
EMP00018,Ryan Parsons,Male,IT,software engineer,48996,ryan.parsons18@meta.com,+91-66218-25645,Patna,2025-09-25
EMP00019,Renee Morales,Female,Marketing,Digital Marketing Specialist,30590,renee.morales19@meta.com,+91-72164-99065,Rajpur Sonarpur,2025-02-21
EMP00020,Thomas Bradley,Male,Research and Development,R&D Engineer,43153,thomas.bradley20@meta.com,+91-81302-24539,Rajpur Sonarpur,2025-12-01
EMP00021,Matthew Foster,Male,Research and Development,R&D Project Manager,29620,matthew.foster21@meta.com,+91-69111-52672,Asansol,2025-11-21
EMP00022,Deborah Wright,Female,Research and Development,Product Development Engineer,26457,deborah.wright22@meta.com,+91-60420-76275,Bhimavaram,2025-08-07
EMP00023,Jeffrey Silva,Male,IT,software engineer,19768,jeffrey.silva23@meta.com,+91-68511-38788,Muzaffarnagar,2025-04-18
EMP00024,Zachary Taylor,Male,Research and Development,Research Scientist,33178,zachary.taylor24@meta.com,+91-99792-17141,Mysore,2025-06-20
EMP00025,Nicole Callahan,Female,Research and Development,R&D Engineer,27485,nicole.callahan25@meta.com,+91-77188-28437,Kozhikode,2025-04-27
EMP00026,Ricky Henderson,Male,IT,data scientist,36113,ricky.henderson26@meta.com,+91-82073-56830,Kharagpur,2025-05-14
EMP00027,James Ferrell,Male,Research and Development,Research Analyst,12507,james.ferrell27@meta.com,+91-65374-91810,Begusarai,2025-08-12
EMP00028,Scott Smith,Male,Research and Development,R&D Project Manager,22912,scott.smith28@meta.com,+91-84996-61956,Jorhat,2025-06-17
EMP00029,Nicole Mack,Female,Research and Development,Research Analyst,46333,nicole.mack29@meta.com,+91-71637-15483,Gorakhpur,2025-04-18
EMP00030,Elaine Moore,Female,Research and Development,R&D Project Manager,31118,elaine.moore30@meta.com,+91-94657-97626,Firozabad,2025-11-14
EMP00031,Valerie Gill,Female,IT,data scientist,30343,valerie.gill31@meta.com,+91-78109-67485,Bihar Sharif,2025-12-23
EMP00032,Sarah Romero,Female,Marketing,SEO Specialist,25989,sarah.romero32@meta.com,+91-76077-14195,Jamnagar,2025-01-26
EMP00033,James Martin,Male,IT,data analytics,18738,james.martin33@meta.com,+91-96959-86758,Khora ,2025-10-08
EMP00034,Erika Smith,Female,IT,data analytics,39495,erika.smith34@meta.com,+91-87827-42472,Aizawl,2025-06-21
EMP00035,Cynthia Allen,Female,Research and Development,Research Scientist,19068,cynthia.allen35@meta.com,+91-72670-45424,Guwahati,2025-10-27
EMP00036,Nicholas Cabrera,Male,Research and Development,Product Development Engineer,41259,nicholas.cabrera36@meta.com,+91-69238-85778,Warangal,2025-09-07
EMP00037,Matthew Arroyo,Male,Marketing,SEO Specialist,41827,matthew.arroyo37@meta.com,+91-63677-89959,Bilaspur,2025-10-31
EMP00038,Joseph Obrien,Male,IT,data analytics,18893,joseph.obrien38@meta.com,+91-91234-38294,Panvel,2025-02-11
EMP00039,Nicole Vaughn,Female,IT,software engineer,32935,nicole.vaughn39@meta.com,+91-76767-91011,Silchar,2025-12-09
EMP00040,Zachary Santos,Male,Research and Development,R&D Engineer,40476,zachary.santos40@meta.com,+91-87167-18910,Hazaribagh,2025-06-09
EMP00041,Jocelyn Wright,Female,Marketing,Digital Marketing Specialist,14980,jocelyn.wright41@meta.com,+91-71786-19734,Sonipat,2025-07-09
EMP00042,Alex Spencer,Male,Research and Development,Research Analyst,10829,alex.spencer42@meta.com,+91-98196-87479,Chennai,2025-05-19
EMP00043,Andrea Welch,Female,Marketing,SEO Specialist,48828,andrea.welch43@meta.com,+91-83292-47563,Jabalpur,2025-09-11
EMP00044,Susan Heath,Female,IT,data analytics,23901,susan.heath44@meta.com,+91-87387-20907,Kottayam,2025-09-08
EMP00045,David Caldwell,Male,Research and Development,Product Development Engineer,42166,david.caldwell45@meta.com,+91-97026-35454,Panvel,2025-10-09
EMP00046,Brandi Walls,Female,Marketing,SEO Specialist,27754,brandi.walls46@meta.com,+91-82111-57124,Latur,2025-10-29
EMP00047,Rachel Aguirre,Female,IT,data scientist,29414,rachel.aguirre47@meta.com,+91-73371-00296,Bareilly,2025-09-09
EMP00048,Brent Jordan,Male,IT,ML engineer,40762,brent.jordan48@meta.com,+91-94109-48406,Bulandshahr,2025-01-28
EMP00049,John Daniel,Male,IT,ML engineer,15582,john.daniel49@meta.com,+91-71767-25448,Ghaziabad,2025-08-08
EMP00050,Jennifer Morgan,Female,Research and Development,R&D Project Manager,13947,jennifer.morgan50@meta.com,+91-69226-11004,Kulti,2025-11-01
EMP00051,Cheryl Herrera,Female,Marketing,Marketing Manager,25170,cheryl.herrera51@meta.com,+91-87746-97669,Bhusawal,2025-08-06
EMP00052,Clifford Ford,Male,Research and Development,R&D Engineer,19764,clifford.ford52@meta.com,+91-88013-75216,Mango,2025-12-25
EMP00053,Rhonda Chase,Female,Marketing,Content Marketing Manager,45388,rhonda.chase53@meta.com,+91-94587-60268,Dhanbad,2025-10-28
EMP00054,Matthew Fernandez,Male,Research and Development,Research Analyst,47764,matthew.fernandez54@meta.com,+91-67154-29489,Tiruchirappalli,2025-08-29
EMP00055,Tammy Allison,Female,Marketing,Marketing Analyst,31040,tammy.allison55@meta.com,+91-68362-98543,Vellore,2025-06-15
EMP00056,John Lewis,Male,Marketing,Content Marketing Manager,10075,john.lewis56@meta.com,+91-94137-67259,Allahabad,2025-08-13
EMP00057,Carmen Smith,Female,IT,software engineer,49903,carmen.smith57@meta.com,+91-77304-28196,Bilaspur,2025-03-20
EMP00058,Tammy Glover,Female,Research and Development,Research Analyst,43349,tammy.glover58@meta.com,+91-84444-11571,Bhusawal,2025-02-05
EMP00059,Melissa Cross,Female,Marketing,Marketing Analyst,43275,melissa.cross59@meta.com,+91-88225-94153,Bhatpara,2025-10-10
EMP00060,Cheryl Robinson,Female,Marketing,Marketing Analyst,22363,cheryl.robinson60@meta.com,+91-75270-77836,Adoni,2025-11-30
EMP00061,Noah Brown,Male,Marketing,Marketing Manager,18273,noah.brown61@meta.com,+91-88845-47461,Howrah,2025-08-29
EMP00062,Amber Woods,Female,Marketing,Content Marketing Manager,36049,amber.woods62@meta.com,+91-68883-37780,Howrah,2025-02-05
EMP00063,Tyler Miller,Male,Research and Development,Research Analyst,24908,tyler.miller63@meta.com,+91-64068-46907,Coimbatore,2025-05-31
EMP00064,Linda Leonard,Female,Marketing,SEO Specialist,19540,linda.leonard64@meta.com,+91-75571-08629,Sambhal,2025-03-15
EMP00065,Bryan Zamora,Male,Marketing,Marketing Analyst,40118,bryan.zamora65@meta.com,+91-86842-50992,Adoni,2025-08-06
EMP00066,Linda Harvey,Female,Marketing,Marketing Analyst,23055,linda.harvey66@meta.com,+91-98133-26083,Ballia,2025-01-05
EMP00067,Keith Stewart,Male,Research and Development,Product Development Engineer,28756,keith.stewart67@meta.com,+91-76366-67686,Kurnool,2025-11-18
EMP00068,Michael Edwards,Male,Marketing,SEO Specialist,12186,michael.edwards68@meta.com,+91-87027-11595,Tenali,2025-05-20
EMP00069,Carlos Brewer,Male,Marketing,SEO Specialist,29342,carlos.brewer69@meta.com,+91-88407-26638,Satna,2025-10-13
EMP00070,Tanya Walls,Female,IT,data analytics,10912,tanya.walls70@meta.com,+91-85466-58912,Berhampore,2025-01-13
EMP00071,Lisa Hart,Female,Research and Development,R&D Engineer,14142,lisa.hart71@meta.com,+91-99341-93408,Srinagar,2025-03-11
EMP00072,Kimberly Wagner,Female,Marketing,Marketing Analyst,45402,kimberly.wagner72@meta.com,+91-95786-86926,Karnal,2025-04-22
EMP00073,Shirley Suarez,Female,Marketing,Digital Marketing Specialist,33768,shirley.suarez73@meta.com,+91-69396-02998,Anantapuram,2025-02-16
EMP00074,Christopher Bass,Male,Research and Development,R&D Project Manager,11399,christopher.bass74@meta.com,+91-67215-07228,Pudukkottai,2025-06-18
EMP00075,William Roman,Male,Research and Development,Research Scientist,28171,william.roman75@meta.com,+91-79571-81375,Begusarai,2025-01-09
EMP00076,Edwin Alvarado,Male,Marketing,Marketing Manager,18307,edwin.alvarado76@meta.com,+91-95747-51590,Bilaspur,2025-12-04
EMP00077,Ashley Rodriguez,Female,Marketing,Marketing Manager,13986,ashley.rodriguez77@meta.com,+91-98417-48311,Darbhanga,2025-11-16
EMP00078,Diane Clark,Female,Marketing,Content Marketing Manager,44770,diane.clark78@meta.com,+91-84607-86772,Kurnool,2025-08-20
EMP00079,Michael Farrell,Male,Marketing,Marketing Analyst,39720,michael.farrell79@meta.com,+91-94046-31908,Chandrapur,2025-02-17
EMP00080,Susan Mathis,Female,IT,ML engineer,18527,susan.mathis80@meta.com,+91-65531-36787,Bhusawal,2025-05-28
EMP00081,Sandra Williams,Female,Marketing,Marketing Manager,47874,sandra.williams81@meta.com,+91-71483-51224,Bikaner,2025-10-15
EMP00082,Mark Green,Male,Research and Development,Research Analyst,11897,mark.green82@meta.com,+91-72793-11607,Suryapet,2025-01-16
EMP00083,Michael Hoffman,Male,Research and Development,R&D Project Manager,24098,michael.hoffman83@meta.com,+91-94337-75001,Aurangabad,2025-11-13
EMP00084,Tony Vazquez,Male,Research and Development,Research Scientist,27832,tony.vazquez84@meta.com,+91-96442-71426,Bongaigaon,2025-09-07
EMP00085,Amanda Wood,Female,IT,data scientist,35903,amanda.wood85@meta.com,+91-60321-23071,Chinsurah,2025-07-14
EMP00086,Cameron Parker,Male,Research and Development,R&D Project Manager,33210,cameron.parker86@meta.com,+91-63744-03446,Secunderabad,2025-05-29
EMP00087,Daniel Wright,Male,Marketing,Marketing Manager,31284,daniel.wright87@meta.com,+91-78689-08255,Raichur,2025-07-22
EMP00088,Penny Henson,Female,Research and Development,Research Analyst,24520,penny.henson88@meta.com,+91-87065-17396,Udupi,2025-03-17
EMP00089,Paul Frost,Male,IT,data scientist,26775,paul.frost89@meta.com,+91-71170-96455,Ujjain,2025-12-15
EMP00090,Vanessa Cochran,Female,Research and Development,Research Analyst,19893,vanessa.cochran90@meta.com,+91-90432-05340,Nagpur,2025-05-27
EMP00091,Christopher Middleton,Male,Research and Development,Research Scientist,48933,christopher.middleton91@meta.com,+91-94578-48634,Kulti,2025-03-19
EMP00092,Derek Cobb,Male,Marketing,Marketing Manager,32507,derek.cobb92@meta.com,+91-65124-45132,Eluru,2025-07-29
EMP00093,Shelby Garrison,Female,Research and Development,R&D Project Manager,13431,shelby.garrison93@meta.com,+91-80062-76983,Kollam,2025-10-26
EMP00094,Robert Stevens,Male,Marketing,Marketing Analyst,35687,robert.stevens94@meta.com,+91-75933-78687,Ambattur,2025-12-17
EMP00095,Daniel Keller,Male,Research and Development,Product Development Engineer,43324,daniel.keller95@meta.com,+91-80393-71912,Ozhukarai,2025-02-21
EMP00096,Donald Jones,Male,Research and Development,Research Analyst,18588,donald.jones96@meta.com,+91-91166-97037,Etawah,2025-08-16
EMP00097,Margaret Ross,Female,Research and Development,Product Development Engineer,25335,margaret.ross97@meta.com,+91-73848-39942,Bhopal,2025-07-15
EMP00098,Ashley Waller,Female,IT,data scientist,49627,ashley.waller98@meta.com,+91-78043-97510,Amaravati,2025-03-24
EMP00099,Tonya Baker,Female,Marketing,Content Marketing Manager,19656,tonya.baker99@meta.com,+91-90988-94333,Kavali,2025-02-11
EMP00100,Jessica Chandler,Female,IT,software engineer,30885,jessica.chandler100@meta.com,+91-68671-28617,Junagadh,2025-08-18
EMP00101,Larry Dixon,Male,IT,software engineer,26772,larry.dixon101@meta.com,+91-78575-12304,Gangtok,2025-11-15
EMP00102,Cheryl Williams,Female,IT,software engineer,42756,cheryl.williams102@meta.com,+91-66572-03516,Mumbai,2025-09-26
EMP00103,Kelly Drake,Female,IT,software engineer,35588,kelly.drake103@meta.com,+91-90337-30261,Bharatpur,2025-10-25
EMP00104,Jessica Rush,Female,IT,software engineer,33088,jessica.rush104@meta.com,+91-88174-66807,Satara,2025-08-23
EMP00105,Matthew Martinez,Male,Marketing,Digital Marketing Specialist,12870,matthew.martinez105@meta.com,+91-78333-84062,Guna,2025-01-25
EMP00106,Ellen Ortiz,Female,Marketing,Marketing Manager,34118,ellen.ortiz106@meta.com,+91-98783-94495,Sagar,2025-02-12
EMP00107,Kristen Lee,Female,IT,data analytics,49482,kristen.lee107@meta.com,+91-75306-36463,Akola,2025-01-22
EMP00108,Lisa Turner,Female,Research and Development,Product Development Engineer,27993,lisa.turner108@meta.com,+91-60638-69167,Avadi,2025-01-18
EMP00109,Dustin Jordan,Male,IT,data scientist,34007,dustin.jordan109@meta.com,+91-83566-93755,Kirari Suleman Nagar,2025-07-23
EMP00110,Jessica Lowe,Female,Research and Development,Research Analyst,26358,jessica.lowe110@meta.com,+91-60159-17726,Gulbarga,2025-12-22
EMP00111,Mary Campbell,Female,IT,software engineer,18895,mary.campbell111@meta.com,+91-64840-68330,Tiruchirappalli,2025-10-05
EMP00112,Sabrina Potter,Female,Marketing,Digital Marketing Specialist,21409,sabrina.potter112@meta.com,+91-85121-70538,Kamarhati,2025-10-10
EMP00113,Robert Hernandez,Male,Research and Development,Research Scientist,14308,robert.hernandez113@meta.com,+91-83744-45130,Sambalpur,2025-08-27
EMP00114,Victoria Carr,Female,IT,data scientist,18456,victoria.carr114@meta.com,+91-95885-31929,Sirsa,2025-09-23
EMP00115,Jennifer Soto,Female,IT,ML engineer,22864,jennifer.soto115@meta.com,+91-81355-19167,Yamunanagar,2025-11-06
EMP00116,Kathleen Sanchez,Female,Research and Development,Research Scientist,11859,kathleen.sanchez116@meta.com,+91-60656-74646,Aligarh,2025-05-29
EMP00117,Paula Robinson,Female,Marketing,Digital Marketing Specialist,36613,paula.robinson117@meta.com,+91-84614-43183,Dhanbad,2025-06-26
EMP00118,Kristin Lowery,Female,IT,ML engineer,43749,kristin.lowery118@meta.com,+91-63422-02362,Sirsa,2025-03-23
EMP00119,Brandi Marshall,Female,Research and Development,Research Analyst,22440,brandi.marshall119@meta.com,+91-74543-09592,Mango,2025-06-30
EMP00120,Lonnie Ball,Male,IT,ML engineer,42433,lonnie.ball120@meta.com,+91-92011-23400,Motihari,2025-10-15
EMP00121,Jeremy Moore,Male,Marketing,Content Marketing Manager,28913,jeremy.moore121@meta.com,+91-63458-66103,Hospet,2025-06-23
EMP00122,Deanna Wright,Female,IT,data scientist,49483,deanna.wright122@meta.com,+91-95013-44653,Saharsa,2025-11-10
EMP00123,Kari Allen,Female,IT,data analytics,29610,kari.allen123@meta.com,+91-85545-40314,Solapur,2025-06-07
EMP00124,Micheal Young,Male,Research and Development,Product Development Engineer,27401,micheal.young124@meta.com,+91-77516-68160,Imphal,2025-12-25
EMP00125,Steven Miller,Male,IT,software engineer,38903,steven.miller125@meta.com,+91-84425-64877,Ahmednagar,2025-09-23
EMP00126,James Hernandez,Male,Research and Development,Research Analyst,41350,james.hernandez126@meta.com,+91-93193-37766,Rajkot,2025-11-09
EMP00127,Jennifer Rivera,Female,IT,data scientist,28284,jennifer.rivera127@meta.com,+91-82922-27339,Vijayanagaram,2025-05-21
EMP00128,Amy Wall,Female,IT,data analytics,35856,amy.wall128@meta.com,+91-89822-73424,Bhimavaram,2025-04-14
EMP00129,Theresa Smith,Female,Research and Development,Research Analyst,18996,theresa.smith129@meta.com,+91-66526-56047,Morena,2025-02-21
EMP00130,Aaron Bell,Male,IT,data scientist,36667,aaron.bell130@meta.com,+91-94193-69055,Gurgaon,2025-01-20
EMP00131,Joshua Navarro,Male,Marketing,Digital Marketing Specialist,12381,joshua.navarro131@meta.com,+91-97178-20269,Morbi,2025-06-21
EMP00132,Colleen Graham,Female,Marketing,Content Marketing Manager,44361,colleen.graham132@meta.com,+91-98152-83767,Pali,2025-01-08
EMP00133,Gabriella Shelton,Female,Marketing,Content Marketing Manager,22659,gabriella.shelton133@meta.com,+91-76644-34094,Dehradun,2025-05-08
EMP00134,Ryan Calhoun,Male,Marketing,SEO Specialist,25435,ryan.calhoun134@meta.com,+91-97937-06601,Singrauli,2025-06-07
EMP00135,Kevin Alvarado,Male,Marketing,Content Marketing Manager,30380,kevin.alvarado135@meta.com,+91-66932-94493,Haldia,2025-12-26
EMP00136,Brandy Murray,Female,Research and Development,R&D Engineer,26217,brandy.murray136@meta.com,+91-65539-18925,Bhilwara,2025-03-26
EMP00137,Jamie Lewis,Female,Research and Development,Product Development Engineer,17617,jamie.lewis137@meta.com,+91-77484-01455,Naihati,2025-12-11
EMP00138,Paige Gray,Female,Research and Development,Research Scientist,35948,paige.gray138@meta.com,+91-88750-30990,Nizamabad,2025-08-30
EMP00139,Ruben Ruiz,Male,Marketing,SEO Specialist,21795,ruben.ruiz139@meta.com,+91-77964-93893,Etawah,2025-12-16
EMP00140,Danny Jones,Male,Research and Development,Research Analyst,17774,danny.jones140@meta.com,+91-79319-87947,Ludhiana,2025-08-06
EMP00141,Tiffany Gonzalez,Female,IT,data scientist,40187,tiffany.gonzalez141@meta.com,+91-81187-06698,Jamnagar,2025-05-04
EMP00142,David Wells,Male,IT,software engineer,48924,david.wells142@meta.com,+91-64682-04577,Phusro,2025-03-13
EMP00143,Theresa Marshall,Female,IT,ML engineer,47845,theresa.marshall143@meta.com,+91-82895-42557,Arrah,2025-03-31
EMP00144,Carol Lawson,Female,Research and Development,Product Development Engineer,13072,carol.lawson144@meta.com,+91-89673-41374,Ujjain,2025-04-26
EMP00145,Traci Rodriguez,Female,Research and Development,R&D Engineer,40344,traci.rodriguez145@meta.com,+91-65951-22698,Bijapur,2025-02-17
EMP00146,Kenneth Odonnell,Male,IT,ML engineer,34718,kenneth.odonnell146@meta.com,+91-68177-54839,Sikar,2025-01-08
EMP00147,Todd Gonzalez,Male,IT,software engineer,41386,todd.gonzalez147@meta.com,+91-76732-32463,Kota,2025-07-04
EMP00148,Melissa Turner,Female,Marketing,Marketing Manager,40768,melissa.turner148@meta.com,+91-89345-21295,Buxar,2025-08-02
EMP00149,Rachel Reed,Female,IT,data scientist,31618,rachel.reed149@meta.com,+91-73846-62896,Uluberia,2025-09-09
EMP00150,Andrea Holland,Female,IT,ML engineer,21092,andrea.holland150@meta.com,+91-77495-60089,Bidar,2025-12-09
EMP00151,Rodney Garcia,Male,IT,data analytics,19010,rodney.garcia151@meta.com,+91-70124-06996,Jaunpur,2025-01-09
EMP00152,Michael Graham,Male,Research and Development,R&D Project Manager,36957,michael.graham152@meta.com,+91-60752-56491,Tadepalligudem,2025-02-19
EMP00153,Robert Medina,Male,IT,data scientist,44501,robert.medina153@meta.com,+91-88233-45926,Kirari Suleman Nagar,2025-02-11
EMP00154,Jeffrey Simon,Male,IT,data analytics,34855,jeffrey.simon154@meta.com,+91-95001-44758,North Dumdum,2025-02-18
EMP00155,Samuel Rivas,Male,IT,data scientist,47144,samuel.rivas155@meta.com,+91-92962-56180,Alwar,2025-04-17
EMP00156,Stephen Sanchez,Male,Research and Development,Product Development Engineer,15042,stephen.sanchez156@meta.com,+91-81283-83719,Jehanabad,2025-02-10
EMP00157,Lisa Gray,Female,IT,software engineer,38645,lisa.gray157@meta.com,+91-78379-37029,Shimla,2025-09-09
EMP00158,Samuel White,Male,Marketing,Content Marketing Manager,34603,samuel.white158@meta.com,+91-91537-22023,Raichur,2025-11-21
EMP00159,Robert Peterson,Male,Research and Development,Product Development Engineer,30753,robert.peterson159@meta.com,+91-81033-21145,Miryalaguda,2025-07-28
EMP00160,Adam Vaughan,Male,IT,software engineer,33194,adam.vaughan160@meta.com,+91-65780-47759,New Delhi,2025-05-05
EMP00161,Nathan Freeman,Male,Research and Development,Product Development Engineer,21108,nathan.freeman161@meta.com,+91-72211-22739,Fatehpur,2025-11-17
EMP00162,Maria Henry,Female,Research and Development,R&D Project Manager,22815,maria.henry162@meta.com,+91-91393-68338,Tiruchirappalli,2025-11-30
EMP00163,Edward Sullivan,Male,Marketing,Marketing Analyst,49532,edward.sullivan163@meta.com,+91-74133-76973,Farrukhabad,2025-05-24
EMP00164,Mary Wood,Female,Marketing,Marketing Manager,46952,mary.wood164@meta.com,+91-75565-94742,Khandwa,2025-12-21
EMP00165,Zachary Pierce,Male,Marketing,SEO Specialist,19121,zachary.pierce165@meta.com,+91-82677-09445,Malda,2025-12-21
EMP00166,Denise King,Female,Research and Development,Research Scientist,33562,denise.king166@meta.com,+91-61261-65669,Nellore,2025-06-19
EMP00167,Emily Newton,Female,IT,software engineer,16462,emily.newton167@meta.com,+91-82756-23466,Nellore,2025-03-19
EMP00168,Cindy Washington,Female,IT,data analytics,16851,cindy.washington168@meta.com,+91-84919-13424,Salem,2025-09-01
EMP00169,Ronnie Phillips,Male,Marketing,SEO Specialist,30900,ronnie.phillips169@meta.com,+91-63818-66192,Mangalore,2025-03-31
EMP00170,Eric Erickson,Male,Marketing,Content Marketing Manager,37942,eric.erickson170@meta.com,+91-92416-40615,Panipat,2025-07-19
EMP00171,Angel Brown,Male,Research and Development,R&D Engineer,23486,angel.brown171@meta.com,+91-87801-81342,Cuttack,2025-09-08
EMP00172,Margaret Mullins,Female,Research and Development,Product Development Engineer,35725,margaret.mullins172@meta.com,+91-63868-72601,Ahmedabad,2025-03-02
EMP00173,Kenneth Harrison,Male,Marketing,Marketing Manager,21996,kenneth.harrison173@meta.com,+91-86541-31666,Mau,2025-03-30
EMP00174,Cody Williams,Male,Marketing,Marketing Analyst,19194,cody.williams174@meta.com,+91-73403-01895,Raipur,2025-09-11
EMP00175,Samantha Morales,Female,Research and Development,Product Development Engineer,37238,samantha.morales175@meta.com,+91-94007-22514,Gangtok,2025-09-11
EMP00176,Mark Brown,Male,Research and Development,Research Scientist,27556,mark.brown176@meta.com,+91-85774-24762,Phusro,2025-01-17
EMP00177,Tiffany Miller,Female,Marketing,Marketing Analyst,15700,tiffany.miller177@meta.com,+91-98182-76864,Kochi,2025-11-12
EMP00178,Justin Butler,Male,IT,data scientist,13890,justin.butler178@meta.com,+91-85519-25959,Nagaon,2025-02-18
EMP00179,James Kerr,Male,Marketing,Marketing Manager,28174,james.kerr179@meta.com,+91-77113-28316,Giridih,2025-11-18
EMP00180,Wanda Torres,Female,Marketing,SEO Specialist,14949,wanda.torres180@meta.com,+91-64768-44588,Phagwara,2025-02-17
EMP00181,Toni Garcia,Female,Research and Development,Research Analyst,14150,toni.garcia181@meta.com,+91-92422-83554,Rajpur Sonarpur,2025-06-25
EMP00182,Dennis Miller,Male,IT,software engineer,40119,dennis.miller182@meta.com,+91-61840-92616,Malegaon,2025-03-23
EMP00183,Kristen Moore,Female,IT,ML engineer,26409,kristen.moore183@meta.com,+91-63913-36267,Hospet,2025-01-01
EMP00184,Michael Harrison,Male,Marketing,Marketing Manager,18696,michael.harrison184@meta.com,+91-75403-18642,Ahmednagar,2025-02-15
EMP00185,Dwayne Campbell,Male,IT,ML engineer,34088,dwayne.campbell185@meta.com,+91-81771-91506,Madurai,2025-08-14
EMP00186,Melissa Bradshaw,Female,Research and Development,R&D Engineer,19920,melissa.bradshaw186@meta.com,+91-96428-11734,Khandwa,2025-03-13
EMP00187,Brian Walker,Male,Marketing,Marketing Manager,26263,brian.walker187@meta.com,+91-87686-35572,Shimoga,2025-01-28
EMP00188,Ronald Jones,Male,Marketing,SEO Specialist,17388,ronald.jones188@meta.com,+91-74559-99185,Aizawl,2025-07-07
EMP00189,Kurt Holloway,Male,Marketing,Marketing Manager,11093,kurt.holloway189@meta.com,+91-60299-32774,Bahraich,2025-07-25
EMP00190,Caleb Barker,Male,Research and Development,R&D Project Manager,45235,caleb.barker190@meta.com,+91-72352-85368,Darbhanga,2025-12-15
EMP00191,Jonathan Snyder,Male,Marketing,SEO Specialist,25639,jonathan.snyder191@meta.com,+91-62916-06610,Khora ,2025-03-12
EMP00192,Andrew Reynolds,Male,IT,data analytics,32721,andrew.reynolds192@meta.com,+91-81172-87082,Mahbubnagar,2025-02-02
EMP00193,Danielle Davis,Female,Research and Development,R&D Project Manager,15050,danielle.davis193@meta.com,+91-94345-32157,Agartala,2025-04-27
EMP00194,Kenneth Hines,Male,IT,software engineer,26026,kenneth.hines194@meta.com,+91-64319-85974,Nandyal,2025-06-14
EMP00195,Joseph Ramos,Male,Marketing,Marketing Analyst,27777,joseph.ramos195@meta.com,+91-65160-25048,Bokaro,2025-05-25
EMP00196,Yolanda Graham,Female,Marketing,Marketing Manager,46247,yolanda.graham196@meta.com,+91-90253-64547,Mysore,2025-04-11
EMP00197,John Ortiz,Male,IT,software engineer,36872,john.ortiz197@meta.com,+91-62388-90687,Vasai-Virar,2025-02-23
EMP00198,Scott Rivera,Male,Research and Development,R&D Engineer,37513,scott.rivera198@meta.com,+91-99912-02848,Tumkur,2025-08-23
EMP00199,Matthew Morales,Male,Research and Development,Research Scientist,43123,matthew.morales199@meta.com,+91-76350-61289,Malda,2025-07-21
EMP00200,Anita King,Female,Marketing,SEO Specialist,27822,anita.king200@meta.com,+91-70275-11445,Sambhal,2025-04-17
EMP00201,Sharon Bryan,Female,Marketing,SEO Specialist,27367,sharon.bryan201@meta.com,+91-60837-62817,Hosur,2025-07-02
EMP00202,Julia Brown,Female,Research and Development,Research Scientist,29584,julia.brown202@meta.com,+91-88198-55017,Panchkula,2025-03-04
EMP00203,Mario Wolf,Male,IT,data scientist,18566,mario.wolf203@meta.com,+91-78366-52800,Shimoga,2025-11-27
EMP00204,Kirsten Pennington,Female,IT,software engineer,31728,kirsten.pennington204@meta.com,+91-60415-83061,Shivpuri,2025-04-20
EMP00205,Bryan Dudley,Male,Marketing,Marketing Analyst,39229,bryan.dudley205@meta.com,+91-70622-45021,Kozhikode,2025-04-13
EMP00206,Eric Smith,Male,Research and Development,R&D Project Manager,11279,eric.smith206@meta.com,+91-97354-95313,Tiruchirappalli,2025-04-23
EMP00207,Danny Skinner,Male,Marketing,Marketing Manager,40912,danny.skinner207@meta.com,+91-87991-62890,Surendranagar Dudhrej,2025-04-23
EMP00208,Theresa Holland,Female,Marketing,Digital Marketing Specialist,21540,theresa.holland208@meta.com,+91-75869-07955,Panchkula,2025-04-07
EMP00209,Tara Carter,Female,Research and Development,Research Analyst,21505,tara.carter209@meta.com,+91-90060-43683,Vijayanagaram,2025-04-01
EMP00210,Sandra Baird,Female,IT,software engineer,19680,sandra.baird210@meta.com,+91-77889-39313,Sirsa,2025-03-11
EMP00211,Juan Reyes,Male,Research and Development,Product Development Engineer,41929,juan.reyes211@meta.com,+91-81969-72513,Coimbatore,2025-12-19
EMP00212,Desiree Tyler,Female,IT,data scientist,10117,desiree.tyler212@meta.com,+91-98751-38661,Mau,2025-09-12
EMP00213,Timothy Romero,Male,Marketing,Marketing Manager,25597,timothy.romero213@meta.com,+91-89180-76842,Ichalkaranji,2025-05-08
EMP00214,Nicholas Monroe,Male,Marketing,Marketing Analyst,17080,nicholas.monroe214@meta.com,+91-60441-48338,Jalgaon,2025-10-23
EMP00215,Jeremy Washington,Male,IT,data analytics,14830,jeremy.washington215@meta.com,+91-62390-13758,Suryapet,2025-02-17
EMP00216,Pamela Bennett,Female,Research and Development,R&D Project Manager,41636,pamela.bennett216@meta.com,+91-64664-03945,Maheshtala,2025-10-04
EMP00217,Veronica Allen,Female,Research and Development,Research Analyst,29490,veronica.allen217@meta.com,+91-70354-00086,Muzaffarpur,2025-09-03
EMP00218,Scott Jenkins,Male,IT,software engineer,23562,scott.jenkins218@meta.com,+91-76941-74826,Bhalswa Jahangir Pur,2025-07-18
EMP00219,Michael Shepherd,Male,Marketing,SEO Specialist,34209,michael.shepherd219@meta.com,+91-74242-20760,Saharanpur,2025-06-26
EMP00220,Kathleen Johnson,Female,Research and Development,R&D Engineer,46280,kathleen.johnson220@meta.com,+91-68845-84840,Salem,2025-01-18
EMP00221,Shane Alexander,Male,IT,data analytics,21329,shane.alexander221@meta.com,+91-79814-94968,Kanpur,2025-05-13
EMP00222,Miranda Ortiz,Female,Research and Development,Research Scientist,15703,miranda.ortiz222@meta.com,+91-95585-90757,Aurangabad,2025-02-27
EMP00223,Julie Costa,Female,IT,data scientist,47132,julie.costa223@meta.com,+91-69512-53434,Sikar,2025-11-08
EMP00224,Marie Christian,Female,IT,data scientist,28049,marie.christian224@meta.com,+91-91660-83279,Ratlam,2025-07-10
EMP00225,Mark Clay,Male,Marketing,Marketing Analyst,30378,mark.clay225@meta.com,+91-88869-23773,Hosur,2025-08-02
EMP00226,Andrew Jones,Male,IT,data analytics,23853,andrew.jones226@meta.com,+91-97788-51351,Ambattur,2025-09-26
EMP00227,Paul Hamilton,Male,IT,data scientist,23154,paul.hamilton227@meta.com,+91-62497-28561,Salem,2025-01-16
EMP00228,Jeremy Benson,Male,Marketing,SEO Specialist,48931,jeremy.benson228@meta.com,+91-91853-18762,Ranchi,2025-07-17
EMP00229,Frederick Brown,Male,IT,data scientist,24506,frederick.brown229@meta.com,+91-76240-77096,Dindigul,2025-11-04
EMP00230,Jeffrey Sanchez,Male,IT,ML engineer,49868,jeffrey.sanchez230@meta.com,+91-87728-84235,Buxar,2025-11-16
EMP00231,Melanie White,Female,Research and Development,Research Scientist,10481,melanie.white231@meta.com,+91-85526-43232,Vijayawada,2025-12-02
EMP00232,Lisa Reyes,Female,IT,data scientist,43901,lisa.reyes232@meta.com,+91-78886-66769,Mehsana,2025-05-13
EMP00233,Susan Thomas,Female,Marketing,SEO Specialist,12314,susan.thomas233@meta.com,+91-73766-49331,Rohtak,2025-12-03
EMP00234,Joe Estrada,Male,Marketing,Marketing Manager,40853,joe.estrada234@meta.com,+91-77759-98622,Tumkur,2025-06-07
EMP00235,Megan Moore,Female,Marketing,Marketing Analyst,27076,megan.moore235@meta.com,+91-84106-56411,Hapur,2025-12-15
EMP00236,Victoria Evans,Female,Research and Development,Research Analyst,37073,victoria.evans236@meta.com,+91-68193-98918,Chandrapur,2025-04-03
EMP00237,Jesus Turner,Male,Marketing,Marketing Analyst,21588,jesus.turner237@meta.com,+91-86027-17470,Karawal Nagar,2025-11-11
EMP00238,Ashley James,Female,Research and Development,Product Development Engineer,36436,ashley.james238@meta.com,+91-99301-30381,Ramgarh,2025-12-13
EMP00239,Edward Lyons,Male,Research and Development,R&D Engineer,24828,edward.lyons239@meta.com,+91-83153-00945,Tenali,2025-09-26
EMP00240,Denise Knight,Female,Marketing,Digital Marketing Specialist,32461,denise.knight240@meta.com,+91-93199-42717,Medininagar,2025-10-29
EMP00241,Patrick Wall,Male,IT,ML engineer,12448,patrick.wall241@meta.com,+91-98250-96606,Berhampur,2025-08-02
EMP00242,Lisa Gomez,Female,Marketing,Marketing Manager,45866,lisa.gomez242@meta.com,+91-84166-36626,Udupi,2025-03-12
EMP00243,Danielle Campos,Female,IT,software engineer,28527,danielle.campos243@meta.com,+91-67467-89341,Jalandhar,2025-10-08
EMP00244,Stephanie Lucas,Female,IT,data analytics,31666,stephanie.lucas244@meta.com,+91-70698-61057,Gandhidham,2025-02-21
EMP00245,Amanda Diaz,Female,Research and Development,R&D Engineer,39933,amanda.diaz245@meta.com,+91-82088-83641,Mysore,2025-01-24
EMP00246,Theodore Murphy,Male,IT,data scientist,31539,theodore.murphy246@meta.com,+91-88927-33144,Akola,2025-07-17
EMP00247,Christina Buchanan,Female,Marketing,Digital Marketing Specialist,17409,christina.buchanan247@meta.com,+91-76091-45861,Bettiah,2025-07-14
EMP00248,Kathryn Nelson,Female,Research and Development,Research Scientist,18562,kathryn.nelson248@meta.com,+91-99140-23767,Bardhaman,2025-10-23
EMP00249,Thomas Raymond,Male,Research and Development,Research Analyst,44019,thomas.raymond249@meta.com,+91-64746-61886,Sonipat,2025-01-06
EMP00250,Robert Mcdonald,Male,Research and Development,Product Development Engineer,42495,robert.mcdonald250@meta.com,+91-70429-02642,Ajmer,2025-08-24
EMP00251,Nicole Perez,Female,Research and Development,Product Development Engineer,15768,nicole.perez251@meta.com,+91-94146-14500,Proddatur,2025-11-06
EMP00252,Holly Gibbs,Female,Research and Development,R&D Project Manager,23556,holly.gibbs252@meta.com,+91-99302-45646,Bilaspur,2025-08-20
EMP00253,Joshua Gibson,Male,IT,data scientist,10143,joshua.gibson253@meta.com,+91-83675-31848,Bhimavaram,2025-07-29
EMP00254,James Little,Male,Marketing,Content Marketing Manager,22839,james.little254@meta.com,+91-71828-13706,Moradabad,2025-12-11
EMP00255,Michael Ruiz,Male,Marketing,SEO Specialist,48621,michael.ruiz255@meta.com,+91-79075-45979,Phagwara,2025-12-21
EMP00256,Daniel Brown,Male,Research and Development,R&D Engineer,16786,daniel.brown256@meta.com,+91-96638-46623,Barasat,2025-06-25
EMP00257,Marie Wilson,Female,Marketing,Digital Marketing Specialist,19055,marie.wilson257@meta.com,+91-96858-53752,Agra,2025-04-18
EMP00258,Elizabeth Vasquez,Female,Research and Development,Research Analyst,18694,elizabeth.vasquez258@meta.com,+91-75631-34564,Noida,2025-10-01
EMP00259,Stacy Taylor,Female,Marketing,Marketing Manager,44257,stacy.taylor259@meta.com,+91-60161-71228,Uluberia,2025-12-20
EMP00260,Meagan Paul,Female,IT,software engineer,33506,meagan.paul260@meta.com,+91-91878-75277,Dharmavaram,2025-05-28
EMP00261,Patrick Moore,Male,Marketing,SEO Specialist,37300,patrick.moore261@meta.com,+91-89072-88426,Navi Mumbai,2025-12-30
EMP00262,Sandra Gilbert,Female,Research and Development,R&D Project Manager,49543,sandra.gilbert262@meta.com,+91-77921-61153,Patna,2025-08-08
EMP00263,Melissa Robinson,Female,Research and Development,Research Analyst,18524,melissa.robinson263@meta.com,+91-75237-11309,Noida,2025-11-12
EMP00264,Savannah Garcia,Female,Marketing,Content Marketing Manager,46055,savannah.garcia264@meta.com,+91-80759-57154,Tinsukia,2025-06-28
EMP00265,Steven Newman,Male,IT,ML engineer,31696,steven.newman265@meta.com,+91-82964-57613,Sikar,2025-05-04
EMP00266,Donald Donaldson,Male,IT,ML engineer,34993,donald.donaldson266@meta.com,+91-63529-83840,Mysore,2025-11-30
EMP00267,Matthew May,Male,Marketing,Content Marketing Manager,15396,matthew.may267@meta.com,+91-61950-06784,Dhanbad,2025-02-23
EMP00268,Richard Sanchez,Male,Research and Development,Product Development Engineer,14726,richard.sanchez268@meta.com,+91-70700-12089,Buxar,2025-07-28
EMP00269,Christine Gallegos,Female,Marketing,SEO Specialist,38378,christine.gallegos269@meta.com,+91-80656-67570,Dharmavaram,2025-09-15
EMP00270,Daniel Kane,Male,Marketing,Marketing Analyst,49751,daniel.kane270@meta.com,+91-62938-01277,Siliguri,2025-10-07
EMP00271,Rachel Carlson,Female,Research and Development,R&D Engineer,29533,rachel.carlson271@meta.com,+91-89081-05350,Ulhasnagar,2025-04-18
EMP00272,Victoria Fernandez,Female,IT,data analytics,43590,victoria.fernandez272@meta.com,+91-71281-17889,Bhubaneswar,2025-10-09
EMP00273,Mary Johnson,Female,Research and Development,R&D Project Manager,14793,mary.johnson273@meta.com,+91-86215-93622,Secunderabad,2025-02-05
EMP00274,Richard Young,Male,Marketing,SEO Specialist,39533,richard.young274@meta.com,+91-86355-33402,Pune,2025-04-24
EMP00275,Carrie Williams,Female,Marketing,Marketing Analyst,18801,carrie.williams275@meta.com,+91-88433-51688,Hajipur,2025-03-13
EMP00276,Brian Brown,Male,Marketing,Marketing Manager,14941,brian.brown276@meta.com,+91-68685-72028,Mirzapur,2025-10-04
EMP00277,Kayla Rodriguez,Female,Research and Development,R&D Engineer,33974,kayla.rodriguez277@meta.com,+91-92772-45356,Srikakulam,2025-11-11
EMP00278,Andrew Logan,Male,Research and Development,R&D Engineer,39243,andrew.logan278@meta.com,+91-71969-74324,Berhampore,2025-02-02
EMP00279,Maria Johnson,Female,Marketing,Digital Marketing Specialist,12805,maria.johnson279@meta.com,+91-75739-80619,Rewa,2025-11-21
EMP00280,Jessica Rodriguez,Female,Research and Development,Research Analyst,47921,jessica.rodriguez280@meta.com,+91-73358-02924,Srinagar,2025-06-26
EMP00281,Stephanie Morris,Female,Marketing,Content Marketing Manager,10432,stephanie.morris281@meta.com,+91-74252-11686,Amritsar,2025-08-01
EMP00282,Beth Weber,Female,Research and Development,Research Scientist,41556,beth.weber282@meta.com,+91-94564-21515,Eluru,2025-10-21
EMP00283,Zachary Schmidt,Male,IT,data scientist,26925,zachary.schmidt283@meta.com,+91-75496-87892,Dibrugarh,2025-11-07
EMP00284,Lisa Garcia,Female,Marketing,Digital Marketing Specialist,24376,lisa.garcia284@meta.com,+91-96781-62734,Suryapet,2025-10-30
EMP00285,Nathan Lewis,Male,IT,data analytics,35261,nathan.lewis285@meta.com,+91-71285-41046,Ambattur,2025-01-20
EMP00286,Jason Wilcox,Male,IT,data analytics,18541,jason.wilcox286@meta.com,+91-68765-30528,Vijayanagaram,2025-07-15
EMP00287,Monica Edwards,Female,Research and Development,R&D Project Manager,16403,monica.edwards287@meta.com,+91-91428-28417,Rohtak,2025-01-04
EMP00288,James Hernandez,Male,Research and Development,Research Scientist,34577,james.hernandez288@meta.com,+91-76331-62843,Jabalpur,2025-05-22
EMP00289,Anna Miller,Female,IT,data analytics,46182,anna.miller289@meta.com,+91-91549-57318,Jalandhar,2025-03-02
EMP00290,Patrick Watson,Male,Marketing,Digital Marketing Specialist,16571,patrick.watson290@meta.com,+91-75786-60368,Miryalaguda,2025-03-16
EMP00291,Amy Frye,Female,Research and Development,Product Development Engineer,15776,amy.frye291@meta.com,+91-62367-94629,Bhilai,2025-01-30
EMP00292,Jason Russo,Male,Research and Development,Product Development Engineer,38768,jason.russo292@meta.com,+91-62682-05521,Faridabad,2025-01-19
EMP00293,Tracy Burke,Female,IT,software engineer,20318,tracy.burke293@meta.com,+91-69733-55700,Vasai-Virar,2025-05-26
EMP00294,Laura Lewis,Female,Marketing,Marketing Analyst,24830,laura.lewis294@meta.com,+91-74401-55531,Rajahmundry,2025-09-20
EMP00295,Sarah Bell,Female,Research and Development,R&D Project Manager,26393,sarah.bell295@meta.com,+91-99577-94450,Raipur,2025-03-01
EMP00296,Pamela Andrews,Female,IT,data analytics,24442,pamela.andrews296@meta.com,+91-78435-72237,Kishanganj,2025-06-25
EMP00297,William Cardenas,Male,Research and Development,R&D Engineer,41231,william.cardenas297@meta.com,+91-83829-69417,Narasaraopet,2025-05-16
EMP00298,Timothy Gallegos,Male,IT,data scientist,26364,timothy.gallegos298@meta.com,+91-81196-66750,Bhopal,2025-09-04
EMP00299,Catherine Park,Female,Research and Development,Research Analyst,42266,catherine.park299@meta.com,+91-84992-25074,Sonipat,2025-10-04
EMP00300,Gregory White,Male,Research and Development,Research Analyst,35802,gregory.white300@meta.com,+91-74153-06313,Buxar,2025-05-13
EMP00301,Matthew Jones,Male,Research and Development,Research Analyst,25541,matthew.jones301@meta.com,+91-84634-27382,Mysore,2025-04-03
EMP00302,Paul Lewis,Male,Research and Development,R&D Engineer,16545,paul.lewis302@meta.com,+91-88581-87404,Malda,2025-03-10
EMP00303,Glenda Wood,Female,Marketing,Marketing Analyst,26447,glenda.wood303@meta.com,+91-63608-46433,Tezpur,2025-10-14
EMP00304,Linda Ware,Female,Marketing,Marketing Manager,36985,linda.ware304@meta.com,+91-63665-65923,Sangli-Miraj & Kupwad,2025-09-19
EMP00305,Nicole Williams,Female,Research and Development,Product Development Engineer,15138,nicole.williams305@meta.com,+91-96498-69464,Darbhanga,2025-02-06
EMP00306,Jeremy Coleman,Male,IT,ML engineer,24956,jeremy.coleman306@meta.com,+91-83226-24835,Vijayanagaram,2025-08-19
EMP00307,Denise Fischer,Female,IT,data scientist,11513,denise.fischer307@meta.com,+91-77697-01108,Hapur,2025-10-08
EMP00308,Jeffrey Campbell,Male,IT,data analytics,44339,jeffrey.campbell308@meta.com,+91-61609-32741,Hajipur,2025-09-27
EMP00309,Michael Williams,Male,IT,software engineer,33385,michael.williams309@meta.com,+91-88489-51955,Khora ,2025-08-22
EMP00310,Amy Harris,Female,Research and Development,R&D Project Manager,30293,amy.harris310@meta.com,+91-84203-41057,Durgapur,2025-03-11
EMP00311,Pamela Roberts,Female,Marketing,SEO Specialist,45068,pamela.roberts311@meta.com,+91-66472-77575,Chennai,2025-04-07
EMP00312,Kathleen Jordan,Female,Research and Development,Product Development Engineer,35870,kathleen.jordan312@meta.com,+91-71733-24279,Nadiad,2025-12-22
EMP00313,Kim Hall,Female,Marketing,Content Marketing Manager,27617,kim.hall313@meta.com,+91-91011-44743,Madurai,2025-03-19
EMP00314,James Harmon,Male,Research and Development,Research Scientist,22185,james.harmon314@meta.com,+91-62140-00247,Surat,2025-09-13
EMP00315,Julia Miller,Female,Marketing,Marketing Manager,31643,julia.miller315@meta.com,+91-68907-04188,Ramgarh,2025-01-07
EMP00316,Jeffrey Sullivan,Male,Research and Development,R&D Engineer,35218,jeffrey.sullivan316@meta.com,+91-92917-06239,Ramagundam,2025-06-15
EMP00317,Brian Smith,Male,Research and Development,Research Scientist,46017,brian.smith317@meta.com,+91-62618-82163,Tirunelveli,2025-03-27
EMP00318,Rebecca Montgomery,Female,Research and Development,Research Scientist,35939,rebecca.montgomery318@meta.com,+91-70074-53010,Hubli–Dharwad,2025-11-13
EMP00319,Jessica Rodriguez,Female,Research and Development,Research Scientist,13917,jessica.rodriguez319@meta.com,+91-86771-29778,Giridih,2025-08-13
EMP00320,James Miller,Male,IT,data analytics,33472,james.miller320@meta.com,+91-72075-54553,Sonipat,2025-08-28
EMP00321,Connie Maxwell,Female,Research and Development,R&D Project Manager,20508,connie.maxwell321@meta.com,+91-65485-47578,Sasaram,2025-11-14
EMP00322,Madeline Schmidt,Female,Research and Development,R&D Engineer,31017,madeline.schmidt322@meta.com,+91-66535-45636,Karnal,2025-02-26
EMP00323,Gregory Mullen,Male,Research and Development,Research Scientist,12868,gregory.mullen323@meta.com,+91-71011-06346,Noida,2025-10-30
EMP00324,Ashley Scott,Female,IT,ML engineer,24465,ashley.scott324@meta.com,+91-60969-84637,Madanapalle,2025-08-01
EMP00325,Brittany Malone,Female,Research and Development,Research Scientist,27420,brittany.malone325@meta.com,+91-67802-51231,Belgaum,2025-12-03
EMP00326,Trevor Burton,Male,Research and Development,R&D Engineer,46596,trevor.burton326@meta.com,+91-97756-74175,Phusro,2025-09-16
EMP00327,Olivia Cole,Female,Research and Development,R&D Engineer,44989,olivia.cole327@meta.com,+91-99959-84683,Satna,2025-05-04
EMP00328,Chris Jones,Male,Marketing,Content Marketing Manager,26651,chris.jones328@meta.com,+91-89437-95593,Avadi,2025-06-03
EMP00329,Robert Vargas,Male,IT,ML engineer,11422,robert.vargas329@meta.com,+91-89555-04128,Guna,2025-05-08
EMP00330,Benjamin Murray,Male,Marketing,Marketing Analyst,16023,benjamin.murray330@meta.com,+91-95203-44878,Howrah,2025-02-18
EMP00331,Jackie Mitchell,Female,IT,data analytics,15143,jackie.mitchell331@meta.com,+91-69384-91778,Srikakulam,2025-01-06
EMP00332,Linda Cruz,Female,IT,ML engineer,44365,linda.cruz332@meta.com,+91-63536-16997,Hospet,2025-10-22
EMP00333,Terry Armstrong,Male,IT,data analytics,28991,terry.armstrong333@meta.com,+91-91347-52346,Pondicherry,2025-03-11
EMP00334,Lisa Mason,Female,Research and Development,R&D Engineer,41972,lisa.mason334@meta.com,+91-96167-20739,Hospet,2025-02-15
EMP00335,Brian Nolan,Male,Research and Development,Product Development Engineer,37757,brian.nolan335@meta.com,+91-83350-39694,Guwahati,2025-03-16
EMP00336,Kathy Thompson,Female,IT,data scientist,23086,kathy.thompson336@meta.com,+91-81707-26182,Bahraich,2025-06-25
EMP00337,William Warren,Male,Marketing,SEO Specialist,40879,william.warren337@meta.com,+91-63725-75696,Bharatpur,2025-12-09
EMP00338,Jake Campbell,Male,Marketing,Content Marketing Manager,44524,jake.campbell338@meta.com,+91-62026-24906,Sonipat,2025-12-06
EMP00339,Meghan Williams,Female,IT,software engineer,29168,meghan.williams339@meta.com,+91-92390-38515,Amritsar,2025-08-23
EMP00340,Gary Grant,Male,IT,data scientist,44695,gary.grant340@meta.com,+91-83313-36295,Anantapuram,2025-02-01
EMP00341,Darlene York,Female,Marketing,Marketing Manager,46368,darlene.york341@meta.com,+91-82331-75686,Thoothukudi,2025-08-02
EMP00342,Brad Alvarado,Male,Research and Development,R&D Engineer,37948,brad.alvarado342@meta.com,+91-89352-15883,Tirupati,2025-12-28
EMP00343,Walter Hale,Male,Marketing,Digital Marketing Specialist,47017,walter.hale343@meta.com,+91-73591-38778,Bikaner,2025-07-31
EMP00344,Linda Hurley,Female,Marketing,SEO Specialist,27943,linda.hurley344@meta.com,+91-77117-62522,Karaikudi,2025-12-18
EMP00345,James Conner,Male,Marketing,Marketing Manager,41234,james.conner345@meta.com,+91-75673-84110,Hajipur,2025-01-08
EMP00346,Anna Santiago,Female,Marketing,Digital Marketing Specialist,23292,anna.santiago346@meta.com,+91-70998-43424,Surat,2025-01-22
EMP00347,Heidi White,Female,Research and Development,Research Analyst,35831,heidi.white347@meta.com,+91-65480-95375,Mau,2025-09-22
EMP00348,Travis Tucker,Male,IT,ML engineer,38806,travis.tucker348@meta.com,+91-98721-29694,Durgapur,2025-11-27
EMP00349,Brittney Phillips,Female,IT,software engineer,21781,brittney.phillips349@meta.com,+91-73304-88803,Guna,2025-11-29
EMP00350,Randy Conley,Male,Research and Development,Research Scientist,15976,randy.conley350@meta.com,+91-67607-79615,Naihati,2025-01-23
EMP00351,Shawn Williamson,Male,Marketing,Content Marketing Manager,19836,shawn.williamson351@meta.com,+91-78174-37461,Jamnagar,2025-03-09
EMP00352,Christopher Guerra,Male,IT,ML engineer,10800,christopher.guerra352@meta.com,+91-94486-42644,Bahraich,2025-11-04
EMP00353,Andrew Diaz,Male,IT,ML engineer,46539,andrew.diaz353@meta.com,+91-70160-86829,Raiganj,2025-01-26
EMP00354,Leroy Goodwin,Male,Marketing,Digital Marketing Specialist,20573,leroy.goodwin354@meta.com,+91-86657-14590,Muzaffarpur,2025-06-03
EMP00355,Kimberly Collins,Female,Marketing,SEO Specialist,14434,kimberly.collins355@meta.com,+91-98041-83422,Jammu,2025-01-30
EMP00356,Jacob Valentine,Male,Research and Development,R&D Project Manager,15745,jacob.valentine356@meta.com,+91-97677-48256,Surendranagar Dudhrej,2025-03-08
EMP00357,Patricia Strickland,Female,Research and Development,Product Development Engineer,42276,patricia.strickland357@meta.com,+91-78221-14772,Nanded,2025-11-12
EMP00358,Ruth Solis,Female,Marketing,Marketing Manager,31875,ruth.solis358@meta.com,+91-85602-27353,Chandrapur,2025-01-04
EMP00359,Anthony Castillo,Male,Research and Development,Research Analyst,32371,anthony.castillo359@meta.com,+91-97601-33697,Begusarai,2025-11-27
EMP00360,Timothy Dawson,Male,Marketing,Digital Marketing Specialist,40187,timothy.dawson360@meta.com,+91-84890-55650,Anantapuram,2025-10-23
EMP00361,Angela Martin,Female,Marketing,Marketing Manager,19784,angela.martin361@meta.com,+91-88335-16117,Anand,2025-06-07
EMP00362,Brittany Kim,Female,Research and Development,Research Scientist,27792,brittany.kim362@meta.com,+91-90838-35130,Hospet,2025-04-14
EMP00363,Stephen Arias,Male,Marketing,Content Marketing Manager,11634,stephen.arias363@meta.com,+91-99134-83370,Meerut,2025-09-22
EMP00364,James Brooks,Male,IT,software engineer,40105,james.brooks364@meta.com,+91-97509-65040,Jodhpur,2025-09-24
EMP00365,Jade Johnson,Female,IT,ML engineer,23752,jade.johnson365@meta.com,+91-82257-62119,Thanjavur,2025-10-14
EMP00366,Rick Taylor,Male,IT,ML engineer,46003,rick.taylor366@meta.com,+91-82985-13850,Chittoor,2025-01-15
EMP00367,Melissa Taylor,Female,Research and Development,Research Scientist,16942,melissa.taylor367@meta.com,+91-90415-58663,Sultan Pur Majra,2025-04-12
EMP00368,Luis Bullock,Male,Marketing,Content Marketing Manager,18637,luis.bullock368@meta.com,+91-68944-67422,Bardhaman,2025-11-12
EMP00369,Cindy Hernandez,Female,Marketing,SEO Specialist,22016,cindy.hernandez369@meta.com,+91-87840-43417,Bhubaneswar,2025-11-06
EMP00370,Ricardo Young,Male,Research and Development,Research Scientist,36587,ricardo.young370@meta.com,+91-63675-44659,Nashik,2025-07-16
EMP00371,David Fowler,Male,Marketing,Digital Marketing Specialist,48729,david.fowler371@meta.com,+91-97475-26095,Rajkot,2025-09-07
EMP00372,Brian Stein,Male,Research and Development,R&D Project Manager,40337,brian.stein372@meta.com,+91-85819-01873,Kottayam,2025-09-11
EMP00373,Kenneth Higgins,Male,IT,data scientist,19104,kenneth.higgins373@meta.com,+91-67642-64282,Haldia,2025-12-14
EMP00374,April Gomez,Female,Marketing,Marketing Analyst,15851,april.gomez374@meta.com,+91-66588-09905,Gaya,2025-07-03
EMP00375,Matthew Miller,Male,Marketing,Marketing Manager,25416,matthew.miller375@meta.com,+91-97333-35641,Jabalpur,2025-07-16
EMP00376,Tiffany Stephens,Female,Marketing,Digital Marketing Specialist,28905,tiffany.stephens376@meta.com,+91-71007-44906,Pali,2025-08-01
EMP00377,Shelley Williams,Female,Research and Development,R&D Project Manager,37898,shelley.williams377@meta.com,+91-74483-24047,Dindigul,2025-12-31
EMP00378,Dawn Smith,Female,Marketing,Content Marketing Manager,47771,dawn.smith378@meta.com,+91-80043-59075,Hapur,2025-05-24
EMP00379,Daisy Sandoval,Female,Research and Development,Research Scientist,44298,daisy.sandoval379@meta.com,+91-62666-65569,Amaravati,2025-10-01
EMP00380,Nicholas Cook,Male,Marketing,SEO Specialist,43597,nicholas.cook380@meta.com,+91-95339-21653,Nagercoil,2025-10-16
EMP00381,Kimberly Li,Female,IT,data analytics,47889,kimberly.li381@meta.com,+91-75627-04107,Madhyamgram,2025-05-10
EMP00382,William Mendoza,Male,Research and Development,Research Analyst,28036,william.mendoza382@meta.com,+91-80115-14827,Bhavnagar,2025-09-06
EMP00383,Arthur Parsons,Male,Research and Development,Research Scientist,32468,arthur.parsons383@meta.com,+91-69588-74367,Vadodara,2025-03-27
EMP00384,Edward Williams,Male,Research and Development,Research Analyst,13560,edward.williams384@meta.com,+91-87113-37753,Kalyan-Dombivli,2025-12-28
EMP00385,Emily Collins,Female,Marketing,Marketing Analyst,19512,emily.collins385@meta.com,+91-90946-96096,Tinsukia,2025-08-10
EMP00386,Kara Johnson,Female,Marketing,Marketing Analyst,27503,kara.johnson386@meta.com,+91-62546-26756,Baranagar,2025-04-03
EMP00387,Heather Norman,Female,Research and Development,Research Scientist,10555,heather.norman387@meta.com,+91-60014-22100,Darbhanga,2025-11-01
EMP00388,Caleb Richardson,Male,Research and Development,Research Scientist,17862,caleb.richardson388@meta.com,+91-68168-59862,Gandhidham,2025-08-28
EMP00389,Steven Hughes,Male,Research and Development,Product Development Engineer,28113,steven.hughes389@meta.com,+91-96672-72039,Mehsana,2025-05-13
EMP00390,Melissa Richardson,Female,IT,data analytics,14548,melissa.richardson390@meta.com,+91-99236-15461,Gwalior,2025-08-15
EMP00391,Monica Miller,Female,IT,software engineer,14778,monica.miller391@meta.com,+91-65248-16962,Bongaigaon,2025-12-25
EMP00392,Elizabeth Garcia,Female,Marketing,Content Marketing Manager,10242,elizabeth.garcia392@meta.com,+91-94478-02367,Sagar,2025-03-04
EMP00393,Elizabeth Morrison,Female,Marketing,Marketing Analyst,36254,elizabeth.morrison393@meta.com,+91-66905-90476,Rourkela,2025-04-01
EMP00394,Michael Bell,Male,Marketing,Digital Marketing Specialist,29586,michael.bell394@meta.com,+91-98630-67117,Nagercoil,2025-10-31
EMP00395,Lucas Graham,Male,Marketing,SEO Specialist,14128,lucas.graham395@meta.com,+91-84989-03374,Aurangabad,2025-04-19
EMP00396,Megan Sullivan,Female,Research and Development,R&D Project Manager,19761,megan.sullivan396@meta.com,+91-79016-49071,Ludhiana,2025-03-30
EMP00397,Charles Lawson,Male,Marketing,Marketing Manager,39896,charles.lawson397@meta.com,+91-78081-56023,Visakhapatnam,2025-12-14
EMP00398,Beth Young,Female,Marketing,Marketing Manager,47746,beth.young398@meta.com,+91-73920-10271,Mirzapur,2025-07-09
EMP00399,James Bradley,Male,Marketing,Digital Marketing Specialist,48141,james.bradley399@meta.com,+91-61763-18009,Hospet,2025-12-28
EMP00400,Tiffany Watson,Female,Marketing,SEO Specialist,18316,tiffany.watson400@meta.com,+91-71242-16576,Chapra,2025-02-15
EMP00401,Brenda Richardson,Female,Marketing,SEO Specialist,10299,brenda.richardson401@meta.com,+91-71996-89546,Alwar,2025-04-17
EMP00402,Danielle Wilson,Female,IT,data scientist,17384,danielle.wilson402@meta.com,+91-76941-60624,Panchkula,2025-06-21
EMP00403,Kelly Mcintyre,Female,IT,software engineer,13437,kelly.mcintyre403@meta.com,+91-71050-24547,Firozabad,2025-06-16
EMP00404,Reginald Padilla,Male,IT,ML engineer,24927,reginald.padilla404@meta.com,+91-62418-05042,Pudukkottai,2025-11-09
EMP00405,Donna Hendricks,Female,IT,data analytics,34476,donna.hendricks405@meta.com,+91-74132-30521,Kollam,2025-08-27
EMP00406,Barbara Farrell,Female,Marketing,Digital Marketing Specialist,32516,barbara.farrell406@meta.com,+91-78676-61980,Malegaon,2025-09-25
EMP00407,Stephanie Wallace,Female,IT,data analytics,40327,stephanie.wallace407@meta.com,+91-80482-42999,Imphal,2025-01-03
EMP00408,Mary Mckinney,Female,IT,software engineer,40844,mary.mckinney408@meta.com,+91-64386-04076,Dewas,2025-07-28
EMP00409,Samuel Joseph,Male,IT,ML engineer,29384,samuel.joseph409@meta.com,+91-76043-78704,Mirzapur,2025-03-12
EMP00410,Katie Martinez,Female,IT,ML engineer,40428,katie.martinez410@meta.com,+91-68083-04295,Kolhapur,2025-04-17
EMP00411,David Snyder,Male,Research and Development,Research Analyst,13592,david.snyder411@meta.com,+91-88136-31507,Begusarai,2025-04-15
EMP00412,Kenneth Mcdonald,Male,Marketing,Digital Marketing Specialist,45365,kenneth.mcdonald412@meta.com,+91-66778-77738,Pudukkottai,2025-09-15
EMP00413,Stacey Jones,Female,Marketing,Marketing Manager,14152,stacey.jones413@meta.com,+91-83451-76526,Nangloi Jat,2025-12-11
EMP00414,Joseph Hammond,Male,IT,data analytics,15721,joseph.hammond414@meta.com,+91-63190-11112,Cuttack,2025-11-18
EMP00415,William Day,Male,Marketing,SEO Specialist,45483,william.day415@meta.com,+91-74470-10885,Kirari Suleman Nagar,2025-06-21
EMP00416,Melanie Cooper,Female,Research and Development,Research Analyst,31384,melanie.cooper416@meta.com,+91-95684-31712,Bikaner,2025-09-05
EMP00417,Jessica Bartlett,Female,Marketing,Marketing Manager,19721,jessica.bartlett417@meta.com,+91-82961-51179,Amravati,2025-03-20
EMP00418,Joseph Torres,Male,IT,software engineer,12696,joseph.torres418@meta.com,+91-85432-76914,North Dumdum,2025-03-25
EMP00419,Taylor Perez,Female,IT,software engineer,36513,taylor.perez419@meta.com,+91-97991-95562,Vijayawada,2025-05-29
EMP00420,David Reid,Male,Research and Development,Product Development Engineer,32196,david.reid420@meta.com,+91-67915-34840,Cuttack,2025-01-29
EMP00421,Mario Mendez,Male,Research and Development,R&D Project Manager,24558,mario.mendez421@meta.com,+91-81086-99346,Ambala,2025-09-19
EMP00422,Martin Vargas,Male,Research and Development,Research Analyst,36054,martin.vargas422@meta.com,+91-77430-33452,Tirunelveli,2025-08-16
EMP00423,Mary Le,Female,Marketing,Marketing Analyst,20734,mary.le423@meta.com,+91-97485-13953,Phusro,2025-10-30
EMP00424,Amanda Shields,Female,IT,software engineer,36834,amanda.shields424@meta.com,+91-84577-11350,Ranchi,2025-06-04
EMP00425,Tiffany Wise,Female,Marketing,Content Marketing Manager,40372,tiffany.wise425@meta.com,+91-70029-84684,Bhagalpur,2025-09-09
EMP00426,Randall Butler,Male,IT,software engineer,28167,randall.butler426@meta.com,+91-99075-58646,Mehsana,2025-03-03
EMP00427,Stacy Gardner,Female,Research and Development,R&D Project Manager,11149,stacy.gardner427@meta.com,+91-81038-11249,Karawal Nagar,2025-07-02
EMP00428,David Aguirre,Male,Marketing,Marketing Analyst,44708,david.aguirre428@meta.com,+91-65710-75886,Bihar Sharif,2025-06-04
EMP00429,Jody Barker,Female,Research and Development,Research Analyst,16280,jody.barker429@meta.com,+91-88053-43911,Gandhidham,2025-04-24
EMP00430,Jason Marshall,Male,Research and Development,R&D Project Manager,44449,jason.marshall430@meta.com,+91-64911-03614,Medininagar,2025-11-02
EMP00431,Briana Hensley,Female,IT,ML engineer,11884,briana.hensley431@meta.com,+91-62812-11067,Hapur,2025-02-09
EMP00432,William Anderson,Male,Marketing,SEO Specialist,12786,william.anderson432@meta.com,+91-71750-12067,Kottayam,2025-03-05
EMP00433,Justin Flores,Male,Research and Development,R&D Engineer,22109,justin.flores433@meta.com,+91-80172-53876,Bhilai,2025-09-16
EMP00434,Derek Wright,Male,IT,software engineer,44657,derek.wright434@meta.com,+91-77917-07998,Dhanbad,2025-09-01
EMP00435,Donna Cruz,Female,Research and Development,R&D Project Manager,22132,donna.cruz435@meta.com,+91-96189-45473,Kulti,2025-08-27
EMP00436,Victor Barrera,Male,Research and Development,R&D Engineer,42493,victor.barrera436@meta.com,+91-87503-12639,Gangtok,2025-08-16
EMP00437,Nathan Lee,Male,Research and Development,Product Development Engineer,29044,nathan.lee437@meta.com,+91-91084-61941,Panchkula,2025-08-13
EMP00438,Zachary Owens,Male,IT,data scientist,35874,zachary.owens438@meta.com,+91-96978-13128,Mehsana,2025-07-26
EMP00439,Alexander Landry,Male,IT,data analytics,42709,alexander.landry439@meta.com,+91-87757-89369,New Delhi,2025-09-06
EMP00440,Cindy Gomez,Female,IT,data analytics,17080,cindy.gomez440@meta.com,+91-62461-00069,Ichalkaranji,2025-07-15
EMP00441,Kathleen Khan,Female,IT,ML engineer,16313,kathleen.khan441@meta.com,+91-66544-24558,Baranagar,2025-10-04
EMP00442,Joshua Boone,Male,IT,data analytics,17807,joshua.boone442@meta.com,+91-94840-16781,Guntur,2025-08-09
EMP00443,Stephen Luna,Male,Marketing,SEO Specialist,41945,stephen.luna443@meta.com,+91-65455-45102,Ambarnath,2025-10-30
EMP00444,Amber Williams,Female,Research and Development,Research Analyst,28640,amber.williams444@meta.com,+91-80513-85763,Mirzapur,2025-08-08
EMP00445,Kristen Jones,Female,Marketing,SEO Specialist,33020,kristen.jones445@meta.com,+91-66265-90330,Jamalpur,2025-06-16
EMP00446,Douglas Hays,Male,Marketing,SEO Specialist,47227,douglas.hays446@meta.com,+91-92659-33581,Warangal,2025-12-12
EMP00447,William Long,Male,Marketing,SEO Specialist,42949,william.long447@meta.com,+91-81292-69082,Proddatur,2025-05-16
EMP00448,Todd Fischer,Male,Marketing,Content Marketing Manager,36347,todd.fischer448@meta.com,+91-76975-52554,Madanapalle,2025-06-27
EMP00449,Jordan Porter,Male,Research and Development,Research Analyst,43072,jordan.porter449@meta.com,+91-84524-64710,Agra,2025-12-27
EMP00450,Chad Cook,Male,Research and Development,Product Development Engineer,23956,chad.cook450@meta.com,+91-92688-99702,Kadapa,2025-08-25
EMP00451,Jesus Obrien,Male,IT,data scientist,29678,jesus.obrien451@meta.com,+91-94896-82216,Khammam,2025-05-01
EMP00452,Tara Flores,Female,IT,software engineer,19827,tara.flores452@meta.com,+91-70734-94922,Tadepalligudem,2025-01-15
EMP00453,Nancy Evans,Female,Marketing,Content Marketing Manager,21533,nancy.evans453@meta.com,+91-69408-06894,Guna,2025-07-06
EMP00454,Ronald Patel,Male,Marketing,Digital Marketing Specialist,25469,ronald.patel454@meta.com,+91-65516-57540,Fatehpur,2025-11-04
EMP00455,Robert Richardson,Male,Marketing,Marketing Analyst,48294,robert.richardson455@meta.com,+91-98792-12248,Erode,2025-01-29
EMP00456,Lauren Robles,Female,Research and Development,Research Analyst,17403,lauren.robles456@meta.com,+91-85422-71433,Kavali,2025-11-27
EMP00457,John Coffey,Male,Research and Development,Research Scientist,25707,john.coffey457@meta.com,+91-85393-81883,Faridabad,2025-07-21
EMP00458,Lauren Jackson,Female,Marketing,Marketing Manager,25431,lauren.jackson458@meta.com,+91-82896-87408,Siliguri,2025-09-09
EMP00459,Samantha Allen,Female,Research and Development,Product Development Engineer,31805,samantha.allen459@meta.com,+91-98886-53687,Jhansi,2025-08-21
EMP00460,Albert Edwards,Male,IT,data scientist,39058,albert.edwards460@meta.com,+91-70235-12776,Haridwar,2025-03-08
EMP00461,Melissa Jenkins,Female,Marketing,SEO Specialist,41350,melissa.jenkins461@meta.com,+91-72687-14189,Ghaziabad,2025-10-20
EMP00462,Michael Stone,Male,IT,software engineer,46603,michael.stone462@meta.com,+91-79917-14420,Morena,2025-07-08
EMP00463,Joseph Edwards,Male,Research and Development,Research Scientist,10925,joseph.edwards463@meta.com,+91-97984-22982,Jaunpur,2025-09-11
EMP00464,Susan Peterson,Female,IT,data analytics,23540,susan.peterson464@meta.com,+91-79264-41226,Bilaspur,2025-05-08
EMP00465,Lisa Lee,Female,Research and Development,Product Development Engineer,15618,lisa.lee465@meta.com,+91-64893-23450,Alwar,2025-10-13
EMP00466,Justin Walker,Male,IT,ML engineer,25390,justin.walker466@meta.com,+91-99999-57026,Tumkur,2025-06-04
EMP00467,Michele Vaughn,Female,Research and Development,Research Analyst,18666,michele.vaughn467@meta.com,+91-65259-81351,Ratlam,2025-03-01
EMP00468,Karen Castro,Female,IT,data scientist,42716,karen.castro468@meta.com,+91-87928-67238,Tumkur,2025-06-11
EMP00469,Barbara Rhodes,Female,IT,data analytics,13487,barbara.rhodes469@meta.com,+91-71202-74990,Tenali,2025-07-02
EMP00470,Sabrina Blevins,Female,Marketing,SEO Specialist,17372,sabrina.blevins470@meta.com,+91-71081-15285,Ramagundam,2025-10-26
EMP00471,Andrew Moses,Male,Research and Development,R&D Project Manager,21833,andrew.moses471@meta.com,+91-99240-32913,Sri Ganganagar,2025-02-24
EMP00472,Tammy Douglas,Female,IT,software engineer,15312,tammy.douglas472@meta.com,+91-98649-50969,Kakinada,2025-06-16
EMP00473,Dale Ryan,Male,IT,software engineer,28543,dale.ryan473@meta.com,+91-87756-02273,Durgapur,2025-01-11
EMP00474,Brian Yang,Male,IT,data analytics,36371,brian.yang474@meta.com,+91-86912-87996,Latur,2025-07-03
EMP00475,Anthony Stein,Male,Marketing,Content Marketing Manager,23098,anthony.stein475@meta.com,+91-94326-04316,Muzaffarpur,2025-02-17
EMP00476,Anthony Gutierrez,Male,Research and Development,Research Analyst,40377,anthony.gutierrez476@meta.com,+91-76795-60408,Salem,2025-06-03
EMP00477,Michael Taylor,Male,IT,ML engineer,26295,michael.taylor477@meta.com,+91-92000-14065,Vellore,2025-05-10
EMP00478,Marissa Gilmore,Female,Marketing,Content Marketing Manager,15358,marissa.gilmore478@meta.com,+91-61611-30825,Morena,2025-08-21
EMP00479,Marie Avila,Female,Research and Development,Research Analyst,32369,marie.avila479@meta.com,+91-72092-64030,Pondicherry,2025-12-02
EMP00480,Donna Brown,Female,Marketing,SEO Specialist,49445,donna.brown480@meta.com,+91-93866-96801,Chapra,2025-04-08
EMP00481,David Rodgers,Male,IT,data scientist,11757,david.rodgers481@meta.com,+91-74128-85071,Akola,2025-08-05
EMP00482,Jason Monroe,Male,IT,data scientist,19989,jason.monroe482@meta.com,+91-99485-25800,Sikar,2025-11-19
EMP00483,Rachel Lopez,Female,Marketing,SEO Specialist,47923,rachel.lopez483@meta.com,+91-80357-99820,Agra,2025-01-10
EMP00484,Alexandra Bradley,Female,Research and Development,Research Analyst,46258,alexandra.bradley484@meta.com,+91-62681-66441,Thanjavur,2025-04-09
EMP00485,Dominique Hays,Female,Marketing,SEO Specialist,25211,dominique.hays485@meta.com,+91-75698-74873,Guntur,2025-08-02
EMP00486,Sarah Mcdonald,Female,Marketing,Digital Marketing Specialist,23579,sarah.mcdonald486@meta.com,+91-86041-14794,Gorakhpur,2025-05-01
EMP00487,Gary Simon,Male,Research and Development,Research Scientist,11188,gary.simon487@meta.com,+91-88318-80046,Gaya,2025-03-03
EMP00488,Adrian Rogers,Male,Marketing,Marketing Analyst,32303,adrian.rogers488@meta.com,+91-87758-88610,Tezpur,2025-08-13
EMP00489,Megan Lee,Female,IT,software engineer,49954,megan.lee489@meta.com,+91-68016-89124,Purnia,2025-09-17
EMP00490,Kaylee Miller,Female,Research and Development,Research Scientist,20111,kaylee.miller490@meta.com,+91-83184-47283,Udaipur,2025-09-16
EMP00491,William Woods,Male,IT,ML engineer,34407,william.woods491@meta.com,+91-93617-42844,Chennai,2025-08-23
EMP00492,Debbie Young,Female,IT,data analytics,19541,debbie.young492@meta.com,+91-67503-47430,Ozhukarai,2025-11-25
EMP00493,Eric Sharp,Male,Research and Development,Research Scientist,44064,eric.sharp493@meta.com,+91-84878-73389,Bhilwara,2025-11-09
EMP00494,Matthew Schwartz,Male,Research and Development,Product Development Engineer,39241,matthew.schwartz494@meta.com,+91-78664-38678,Kochi,2025-02-13
EMP00495,John Moore,Male,Research and Development,Research Analyst,35558,john.moore495@meta.com,+91-75525-33608,Kochi,2025-10-04
EMP00496,Margaret Shepard,Female,IT,ML engineer,37705,margaret.shepard496@meta.com,+91-67825-17945,Srikakulam,2025-01-03
EMP00497,Connie Bernard,Female,Marketing,Digital Marketing Specialist,48115,connie.bernard497@meta.com,+91-73277-67523,Jamnagar,2025-10-26
EMP00498,Jesse Zhang,Male,Marketing,SEO Specialist,16421,jesse.zhang498@meta.com,+91-77800-84435,Vijayanagaram,2025-10-29
EMP00499,Mia Durham,Female,Marketing,Content Marketing Manager,42691,mia.durham499@meta.com,+91-99697-41544,Shahjahanpur,2025-12-27
EMP00500,Michael Larson,Male,Research and Development,R&D Engineer,39847,michael.larson500@meta.com,+91-90159-18132,Hajipur,2025-09-25
EMP00501,Jeremy Padilla,Male,IT,ML engineer,29983,jeremy.padilla501@meta.com,+91-83471-50882,Phusro,2025-09-08
EMP00502,Brian Poole,Male,IT,ML engineer,14427,brian.poole502@meta.com,+91-64559-74767,Chapra,2025-09-16
EMP00503,Kimberly Martin,Female,Marketing,SEO Specialist,19763,kimberly.martin503@meta.com,+91-80663-93064,Bhiwandi,2025-05-23
EMP00504,Michael Love,Male,IT,software engineer,47486,michael.love504@meta.com,+91-85151-65051,Mysore,2025-09-01
EMP00505,Steven Griffin,Male,IT,data scientist,11243,steven.griffin505@meta.com,+91-87278-48640,Malda,2025-01-12
EMP00506,Bonnie Perry,Female,Marketing,Digital Marketing Specialist,37193,bonnie.perry506@meta.com,+91-68321-01120,Karaikudi,2025-06-07
EMP00507,Julia Roman,Female,Research and Development,R&D Engineer,13860,julia.roman507@meta.com,+91-81720-18298,Tenali,2025-01-27
EMP00508,David Smith,Male,IT,data scientist,42307,david.smith508@meta.com,+91-99235-00690,Adoni,2025-10-11
EMP00509,Benjamin Henderson,Male,IT,data scientist,29963,benjamin.henderson509@meta.com,+91-94857-15129,Hosur,2025-10-12
EMP00510,Wendy Michael,Female,IT,software engineer,40451,wendy.michael510@meta.com,+91-86109-22698,Chittoor,2025-04-19
EMP00511,Amanda Ortiz,Female,IT,data scientist,45002,amanda.ortiz511@meta.com,+91-63311-52469,Bidar,2025-06-12
EMP00512,Jacqueline Vance,Female,Research and Development,Research Analyst,39669,jacqueline.vance512@meta.com,+91-82934-50660,Burhanpur,2025-09-01
EMP00513,James Vega,Male,IT,data scientist,37077,james.vega513@meta.com,+91-97576-00866,Karnal,2025-06-30
EMP00514,Barbara Haney,Female,Research and Development,Research Analyst,35346,barbara.haney514@meta.com,+91-78891-31077,Dehri,2025-12-15
EMP00515,Bethany Irwin,Female,IT,software engineer,29869,bethany.irwin515@meta.com,+91-72432-97218,Lucknow,2025-07-22
EMP00516,William Ford,Male,Marketing,Content Marketing Manager,42789,william.ford516@meta.com,+91-91176-61571,Katihar,2025-10-19
EMP00517,James Hall,Male,Research and Development,Research Analyst,22573,james.hall517@meta.com,+91-69652-54969,Sri Ganganagar,2025-01-27
EMP00518,Brittney Lopez,Female,Marketing,SEO Specialist,27959,brittney.lopez518@meta.com,+91-66437-82244,Patna,2025-01-03
EMP00519,Rhonda Barnes,Female,IT,ML engineer,15361,rhonda.barnes519@meta.com,+91-69269-91306,New Delhi,2025-01-15
EMP00520,Christine Garcia,Female,Marketing,Marketing Manager,48832,christine.garcia520@meta.com,+91-88249-88520,Amroha,2025-11-04
EMP00521,Linda Warner,Female,IT,data analytics,47941,linda.warner521@meta.com,+91-60003-80194,Sambalpur,2025-06-04
EMP00522,Natalie Morales,Female,IT,software engineer,13656,natalie.morales522@meta.com,+91-62307-25603,Panvel,2025-08-08
EMP00523,Daniel Shields,Male,Marketing,Marketing Manager,39758,daniel.shields523@meta.com,+91-85107-58915,Kolhapur,2025-07-01
EMP00524,Kathy Roberts,Female,Marketing,Content Marketing Manager,39138,kathy.roberts524@meta.com,+91-72703-49738,Gangtok,2025-03-16
EMP00525,Kyle Chambers,Male,Marketing,Marketing Analyst,49539,kyle.chambers525@meta.com,+91-82956-12850,Patiala,2025-06-26
EMP00526,Eric Thomas,Male,IT,data scientist,14482,eric.thomas526@meta.com,+91-81464-68532,Haridwar,2025-06-18
EMP00527,Eric Brown,Male,IT,data analytics,12765,eric.brown527@meta.com,+91-92022-62793,Purnia,2025-07-12
EMP00528,Justin Williams,Male,Marketing,Digital Marketing Specialist,10440,justin.williams528@meta.com,+91-80351-46939,Eluru,2025-04-12
EMP00529,Richard Flores,Male,Marketing,Digital Marketing Specialist,24348,richard.flores529@meta.com,+91-87351-08906,Alappuzha,2025-07-14
EMP00530,Chase Bennett,Male,Marketing,Digital Marketing Specialist,29993,chase.bennett530@meta.com,+91-92869-99880,New Delhi,2025-03-15
EMP00531,Samuel Turner,Male,IT,data scientist,44901,samuel.turner531@meta.com,+91-96346-97582,Madhyamgram,2025-03-18
EMP00532,Suzanne Hart,Female,IT,software engineer,28354,suzanne.hart532@meta.com,+91-78982-04605,Proddatur,2025-11-27
EMP00533,Kendra Price,Female,Marketing,Content Marketing Manager,40426,kendra.price533@meta.com,+91-73367-42495,Kurnool,2025-01-19
EMP00534,Gary Miller,Male,IT,data scientist,39627,gary.miller534@meta.com,+91-73385-93510,Uluberia,2025-08-16
EMP00535,Anna Hardy,Female,IT,software engineer,40490,anna.hardy535@meta.com,+91-84448-33126,Faridabad,2025-07-03
EMP00536,Derrick Nunez,Male,Marketing,Content Marketing Manager,43606,derrick.nunez536@meta.com,+91-67900-02133,Srinagar,2025-12-16
EMP00537,Chelsea Gill,Female,IT,data scientist,45594,chelsea.gill537@meta.com,+91-80287-44564,Nangloi Jat,2025-09-20
EMP00538,Daniel Meadows,Male,Marketing,Digital Marketing Specialist,24871,daniel.meadows538@meta.com,+91-74577-74731,Kanpur,2025-12-24
EMP00539,Christy Lee,Female,IT,data analytics,39489,christy.lee539@meta.com,+91-63519-08834,Nangloi Jat,2025-12-18
EMP00540,Suzanne Dominguez,Female,Research and Development,R&D Project Manager,29637,suzanne.dominguez540@meta.com,+91-85501-99579,Sikar,2025-10-21
EMP00541,Suzanne Arnold,Female,Marketing,Digital Marketing Specialist,35600,suzanne.arnold541@meta.com,+91-65115-48015,Nadiad,2025-01-17
EMP00542,Julie Wong,Female,IT,data scientist,23041,julie.wong542@meta.com,+91-69322-54303,Bhilwara,2025-07-30
EMP00543,Heather Andrade,Female,IT,software engineer,18463,heather.andrade543@meta.com,+91-94098-12474,Navi Mumbai,2025-11-06
EMP00544,Rebekah Bowen,Female,Research and Development,R&D Engineer,42930,rebekah.bowen544@meta.com,+91-92010-38598,Kurnool,2025-08-24
EMP00545,Jacqueline Gutierrez,Female,Research and Development,Research Scientist,15970,jacqueline.gutierrez545@meta.com,+91-86938-73884,Ulhasnagar,2025-04-02
EMP00546,Alexis Tran,Female,Marketing,SEO Specialist,22022,alexis.tran546@meta.com,+91-63928-26296,Sagar,2025-04-22
EMP00547,Brittany Rivera,Female,Marketing,Content Marketing Manager,17944,brittany.rivera547@meta.com,+91-80173-42540,Jehanabad,2025-12-22
EMP00548,Sandra Porter,Female,Marketing,Marketing Analyst,36171,sandra.porter548@meta.com,+91-73019-37405,Bardhaman,2025-05-05
EMP00549,Pamela Burns,Female,IT,data analytics,28293,pamela.burns549@meta.com,+91-71012-53076,Jaunpur,2025-03-20
EMP00550,Carol Norton,Female,Marketing,Digital Marketing Specialist,24199,carol.norton550@meta.com,+91-68540-65661,Kolhapur,2025-12-20
EMP00551,Michelle Freeman,Female,Marketing,Marketing Manager,49203,michelle.freeman551@meta.com,+91-60322-91000,Loni,2025-04-09
EMP00552,Andrew Bradford,Male,IT,software engineer,21002,andrew.bradford552@meta.com,+91-70583-66934,Chennai,2025-04-29
EMP00553,Jason Kirby,Male,IT,ML engineer,31192,jason.kirby553@meta.com,+91-70602-26260,Jabalpur,2025-04-22
EMP00554,Michelle Smith,Female,Marketing,Content Marketing Manager,42740,michelle.smith554@meta.com,+91-67795-20363,Dindigul,2025-12-22
EMP00555,Antonio Little,Male,Marketing,Digital Marketing Specialist,30838,antonio.little555@meta.com,+91-90094-57570,Morbi,2025-01-11
EMP00556,Alan Patel,Male,Marketing,Digital Marketing Specialist,38082,alan.patel556@meta.com,+91-76032-12095,Ahmedabad,2025-08-16
EMP00557,Alice Bowen,Female,IT,ML engineer,30810,alice.bowen557@meta.com,+91-65962-08325,Pune,2025-12-07
EMP00558,Jonathan Wolfe,Male,Research and Development,R&D Engineer,49850,jonathan.wolfe558@meta.com,+91-95160-49099,Mangalore,2025-03-06
EMP00559,Brian Davis,Male,IT,data scientist,25486,brian.davis559@meta.com,+91-64411-46359,New Delhi,2025-04-14
EMP00560,Cheryl Fox,Female,Marketing,Marketing Manager,33565,cheryl.fox560@meta.com,+91-93446-41947,Shimoga,2025-08-07
EMP00561,Robert Miller,Male,Marketing,Content Marketing Manager,45205,robert.miller561@meta.com,+91-75133-25437,Jaunpur,2025-04-11
EMP00562,Karl Branch,Male,IT,software engineer,10841,karl.branch562@meta.com,+91-84999-34654,Dewas,2025-01-20
EMP00563,Michael Abbott,Male,Marketing,Content Marketing Manager,20640,michael.abbott563@meta.com,+91-77977-37630,Tiruchirappalli,2025-07-17
EMP00564,Jennifer Bennett,Female,Research and Development,R&D Engineer,25882,jennifer.bennett564@meta.com,+91-90866-66246,Pimpri-Chinchwad,2025-05-11
EMP00565,Mark Warner,Male,Research and Development,R&D Project Manager,20579,mark.warner565@meta.com,+91-61073-79098,Panchkula,2025-03-26
EMP00566,Sarah Newman,Female,Marketing,Marketing Analyst,42810,sarah.newman566@meta.com,+91-95779-81578,Buxar,2025-05-18
EMP00567,William Dickson,Male,Research and Development,Product Development Engineer,30191,william.dickson567@meta.com,+91-69800-65671,Berhampur,2025-07-11
EMP00568,Daniel Parrish,Male,Research and Development,R&D Engineer,22977,daniel.parrish568@meta.com,+91-91948-10172,Gopalpur,2025-07-29
EMP00569,Amber Jones,Female,Research and Development,R&D Project Manager,17156,amber.jones569@meta.com,+91-70010-02470,Tinsukia,2025-05-17
EMP00570,Justin Johnson,Male,Research and Development,R&D Project Manager,12743,justin.johnson570@meta.com,+91-62735-92476,Pune,2025-06-22
EMP00571,Tonya Matthews,Female,Research and Development,Research Analyst,30658,tonya.matthews571@meta.com,+91-79630-33146,Solapur,2025-03-13
EMP00572,Edwin Elliott,Male,Research and Development,Research Scientist,44775,edwin.elliott572@meta.com,+91-89724-68560,Panvel,2025-11-23
EMP00573,Evelyn Campos,Female,IT,ML engineer,12998,evelyn.campos573@meta.com,+91-86247-73994,Vijayawada,2025-12-04
EMP00574,Jonathan Mccann,Male,Research and Development,Product Development Engineer,29258,jonathan.mccann574@meta.com,+91-77887-70408,Navi Mumbai,2025-10-08
EMP00575,Jessica Roberson,Female,IT,data analytics,17581,jessica.roberson575@meta.com,+91-96227-60471,Mahbubnagar,2025-06-17
EMP00576,Patricia Friedman,Female,Marketing,Digital Marketing Specialist,26883,patricia.friedman576@meta.com,+91-99669-64732,Khammam,2025-10-22
EMP00577,Allen Nelson,Male,Research and Development,Research Analyst,34707,allen.nelson577@meta.com,+91-96794-22213,Pallavaram,2025-10-31
EMP00578,Darren Tran,Male,Research and Development,Research Scientist,47541,darren.tran578@meta.com,+91-81337-35134,Bhiwani,2025-07-06
EMP00579,Cody Willis,Male,Research and Development,R&D Project Manager,48717,cody.willis579@meta.com,+91-71083-82261,Guwahati,2025-05-26
EMP00580,Raymond Phillips,Male,Research and Development,Research Scientist,49248,raymond.phillips580@meta.com,+91-83919-74847,Srinagar,2025-07-12
EMP00581,Bradley Moore,Male,Marketing,Digital Marketing Specialist,23802,bradley.moore581@meta.com,+91-77081-43968,Pali,2025-01-12
EMP00582,Emily Rodriguez,Female,Marketing,SEO Specialist,41026,emily.rodriguez582@meta.com,+91-87352-61831,Aizawl,2025-10-25
EMP00583,Jeremy Juarez,Male,Research and Development,Research Analyst,39984,jeremy.juarez583@meta.com,+91-75448-28163,Mira-Bhayandar,2025-10-22
EMP00584,Brandon Jordan,Male,Research and Development,R&D Engineer,34677,brandon.jordan584@meta.com,+91-96103-49153,Kota,2025-08-11
EMP00585,Alexander Gomez,Male,Research and Development,Product Development Engineer,26056,alexander.gomez585@meta.com,+91-61335-17796,Kavali,2025-02-15
EMP00586,Linda Nguyen,Female,Research and Development,Product Development Engineer,28036,linda.nguyen586@meta.com,+91-93104-65055,Ahmedabad,2025-05-21
EMP00587,Edgar Hughes,Male,Research and Development,R&D Engineer,35163,edgar.hughes587@meta.com,+91-99721-37854,Karaikudi,2025-12-25
EMP00588,Taylor Spence,Male,Marketing,Content Marketing Manager,45154,taylor.spence588@meta.com,+91-90858-67261,Nadiad,2025-11-03
EMP00589,Christopher Adams,Male,IT,data analytics,30597,christopher.adams589@meta.com,+91-60560-27012,Kumbakonam,2025-10-06
EMP00590,Charles Jackson,Male,Marketing,Marketing Manager,26275,charles.jackson590@meta.com,+91-80992-51439,Bidar,2025-06-30
EMP00591,Elijah Patton,Male,Research and Development,Research Scientist,12931,elijah.patton591@meta.com,+91-70182-15527,Chandrapur,2025-08-05
EMP00592,Tony Le,Male,Research and Development,Research Analyst,27083,tony.le592@meta.com,+91-96149-69126,Hindupur,2025-05-18
EMP00593,Luis Ellis,Male,Research and Development,Research Analyst,46938,luis.ellis593@meta.com,+91-74194-06011,Avadi,2025-10-08
EMP00594,Adriana Foster,Female,IT,ML engineer,15831,adriana.foster594@meta.com,+91-89717-20929,Ozhukarai,2025-03-05
EMP00595,Jeremiah Jordan,Male,Research and Development,Research Analyst,48589,jeremiah.jordan595@meta.com,+91-90352-20037,Dewas,2025-04-03
EMP00596,Erica Valentine,Female,Research and Development,R&D Project Manager,46154,erica.valentine596@meta.com,+91-94105-11370,Nangloi Jat,2025-11-24
EMP00597,Emily Oconnell,Female,Research and Development,R&D Engineer,49891,emily.oconnell597@meta.com,+91-97197-52498,Jalna,2025-04-28
EMP00598,Nancy Chen,Female,Research and Development,Research Scientist,30031,nancy.chen598@meta.com,+91-97860-20502,Anantapur,2025-09-10
EMP00599,James Velasquez,Male,Marketing,Content Marketing Manager,18940,james.velasquez599@meta.com,+91-94665-10180,Bharatpur,2025-08-06
EMP00600,Ashley Elliott,Female,IT,software engineer,49804,ashley.elliott600@meta.com,+91-99685-20859,Jamalpur,2025-08-05
EMP00601,Alyssa Acosta,Female,Marketing,Digital Marketing Specialist,34463,alyssa.acosta601@meta.com,+91-63688-82420,Bahraich,2025-11-20
EMP00602,Rebecca Guerra,Female,IT,ML engineer,43785,rebecca.guerra602@meta.com,+91-69880-04213,Alappuzha,2025-04-06
EMP00603,Megan Taylor,Female,Marketing,Marketing Manager,16641,megan.taylor603@meta.com,+91-94051-14162,New Delhi,2025-07-22
EMP00604,Dawn Moore,Female,Marketing,Marketing Analyst,38071,dawn.moore604@meta.com,+91-75296-41708,Burhanpur,2025-12-30
EMP00605,Benjamin Ewing,Male,IT,data scientist,28671,benjamin.ewing605@meta.com,+91-61430-69991,Ballia,2025-09-08
EMP00606,Jennifer Hunter,Female,Research and Development,R&D Engineer,31291,jennifer.hunter606@meta.com,+91-95983-11015,Tinsukia,2025-12-17
EMP00607,Andrew Schmitt,Male,IT,ML engineer,38158,andrew.schmitt607@meta.com,+91-64247-21527,Moradabad,2025-05-15
EMP00608,Randy Sandoval,Male,Research and Development,Product Development Engineer,23003,randy.sandoval608@meta.com,+91-97875-19562,Rourkela,2025-03-09
EMP00609,Maria Williams,Female,IT,ML engineer,22594,maria.williams609@meta.com,+91-74600-43623,Bathinda,2025-09-03
EMP00610,Vincent Jordan,Male,Research and Development,Product Development Engineer,13385,vincent.jordan610@meta.com,+91-81397-28106,Navi Mumbai,2025-06-14
EMP00611,David Dixon,Male,Marketing,SEO Specialist,28360,david.dixon611@meta.com,+91-64243-16671,Amroha,2025-07-04
EMP00612,Jacqueline Ford,Female,Research and Development,R&D Project Manager,44659,jacqueline.ford612@meta.com,+91-82250-16609,Hapur,2025-12-02
EMP00613,Zachary Webb,Male,IT,data analytics,16464,zachary.webb613@meta.com,+91-69634-75114,Vijayanagaram,2025-12-31
EMP00614,Tammie Miller,Female,Research and Development,Research Analyst,33986,tammie.miller614@meta.com,+91-96144-59712,Karnal,2025-03-08
EMP00615,Emily Gibson,Female,IT,software engineer,22464,emily.gibson615@meta.com,+91-94550-45536,Saharsa,2025-04-16
EMP00616,John Alvarez,Male,IT,data scientist,47479,john.alvarez616@meta.com,+91-75095-57282,Bidhannagar,2025-05-18
EMP00617,Francis Evans,Male,IT,data scientist,12989,francis.evans617@meta.com,+91-72692-18099,Lucknow,2025-04-18
EMP00618,Samuel Wong,Male,IT,ML engineer,49659,samuel.wong618@meta.com,+91-83982-18296,Latur,2025-01-06
EMP00619,Kelli Arnold,Female,IT,ML engineer,21582,kelli.arnold619@meta.com,+91-89597-71736,Karaikudi,2025-11-17
EMP00620,Jeffery Murray,Male,Marketing,Digital Marketing Specialist,31250,jeffery.murray620@meta.com,+91-82683-47414,Udaipur,2025-09-11
EMP00621,Cody Sandoval,Male,Marketing,Digital Marketing Specialist,21541,cody.sandoval621@meta.com,+91-75912-38861,Bhopal,2025-03-15
EMP00622,Omar Ware,Male,Marketing,Digital Marketing Specialist,39820,omar.ware622@meta.com,+91-91578-63087,Guntakal,2025-11-26
EMP00623,Jeffrey Smith,Male,IT,data scientist,15478,jeffrey.smith623@meta.com,+91-81609-91737,Tiruppur,2025-04-14
EMP00624,Donald Padilla,Male,Marketing,Content Marketing Manager,39119,donald.padilla624@meta.com,+91-73425-25005,Gangtok,2025-02-22
EMP00625,Ashley Wiggins,Female,IT,software engineer,24700,ashley.wiggins625@meta.com,+91-62332-96679,Ambarnath,2025-09-09
EMP00626,Gabriel Ellis,Male,IT,data scientist,16667,gabriel.ellis626@meta.com,+91-83619-98615,Unnao,2025-11-04
EMP00627,Joseph Fowler,Male,Research and Development,Product Development Engineer,19844,joseph.fowler627@meta.com,+91-86282-43297,Phagwara,2025-01-02
EMP00628,James Wilson,Male,Research and Development,R&D Engineer,30988,james.wilson628@meta.com,+91-73774-05920,Berhampore,2025-03-07
EMP00629,Luis Cervantes,Male,Marketing,Marketing Analyst,30926,luis.cervantes629@meta.com,+91-94647-38624,Srikakulam,2025-09-12
EMP00630,Leslie Powers,Female,Research and Development,R&D Project Manager,25080,leslie.powers630@meta.com,+91-90757-82032,Kochi,2025-01-09
EMP00631,Cynthia Wilson,Female,Research and Development,Product Development Engineer,18755,cynthia.wilson631@meta.com,+91-60388-82189,Ajmer,2025-08-04
EMP00632,Jorge Barnes,Male,IT,data scientist,13661,jorge.barnes632@meta.com,+91-71617-64015,Ramgarh,2025-09-02
EMP00633,James Lopez,Male,IT,data scientist,33936,james.lopez633@meta.com,+91-70058-11776,Miryalaguda,2025-06-03
EMP00634,Carol Roberts,Female,Marketing,Marketing Analyst,39096,carol.roberts634@meta.com,+91-62180-75086,Satna,2025-08-21
EMP00635,Sarah Harvey,Female,Research and Development,R&D Project Manager,30056,sarah.harvey635@meta.com,+91-74195-91262,Bangalore,2025-04-05
EMP00636,John Lee,Male,Research and Development,Product Development Engineer,41287,john.lee636@meta.com,+91-86430-34213,Kishanganj,2025-06-21
EMP00637,Jonathan Simpson,Male,IT,ML engineer,20666,jonathan.simpson637@meta.com,+91-60573-56029,Vijayanagaram,2025-10-17
EMP00638,Michael Wallace,Male,Research and Development,Product Development Engineer,12993,michael.wallace638@meta.com,+91-63903-23177,Gwalior,2025-03-08
EMP00639,Keith Flynn,Male,Marketing,SEO Specialist,43002,keith.flynn639@meta.com,+91-65707-48016,Jalna,2025-02-10
EMP00640,Andrew Walker,Male,Research and Development,R&D Engineer,24132,andrew.walker640@meta.com,+91-77195-76937,Gulbarga,2025-06-23
EMP00641,Phyllis Cunningham,Female,Marketing,Content Marketing Manager,38239,phyllis.cunningham641@meta.com,+91-68732-60164,Jamalpur,2025-01-08
EMP00642,Jorge Armstrong,Male,Marketing,Content Marketing Manager,15712,jorge.armstrong642@meta.com,+91-90391-23017,Tinsukia,2025-05-13
EMP00643,Samantha Richardson,Female,Marketing,SEO Specialist,19204,samantha.richardson643@meta.com,+91-69432-46645,Gandhidham,2025-11-16
EMP00644,Kimberly Fritz,Female,Marketing,Marketing Manager,37079,kimberly.fritz644@meta.com,+91-92866-67280,Shahjahanpur,2025-02-23
EMP00645,Elizabeth Kidd,Female,Marketing,Digital Marketing Specialist,47364,elizabeth.kidd645@meta.com,+91-98286-34581,Firozabad,2025-04-03
EMP00646,Gregory Montoya,Male,Marketing,SEO Specialist,23072,gregory.montoya646@meta.com,+91-93394-74201,Kochi,2025-08-29
EMP00647,Reginald Young,Male,Research and Development,R&D Engineer,30983,reginald.young647@meta.com,+91-69708-79220,Phagwara,2025-12-17
EMP00648,Mackenzie Martin,Female,Marketing,Marketing Analyst,21541,mackenzie.martin648@meta.com,+91-61208-44281,Tiruppur,2025-01-28
EMP00649,Robert Trujillo,Male,Marketing,Marketing Analyst,29457,robert.trujillo649@meta.com,+91-71945-79495,Katihar,2025-01-06
EMP00650,Douglas Ryan,Male,IT,data scientist,31216,douglas.ryan650@meta.com,+91-80894-37627,Jalna,2025-08-19
EMP00651,Dylan Adams,Male,Research and Development,Product Development Engineer,47904,dylan.adams651@meta.com,+91-60716-76221,Bhavnagar,2025-12-14
EMP00652,Victor Floyd,Male,Marketing,Marketing Analyst,11061,victor.floyd652@meta.com,+91-88586-64435,Bally,2025-09-25
EMP00653,Sharon Martinez,Female,IT,data scientist,40069,sharon.martinez653@meta.com,+91-93514-26667,Kulti,2025-02-20
EMP00654,Charles Morris,Male,IT,software engineer,11076,charles.morris654@meta.com,+91-91765-65868,Singrauli,2025-04-19
EMP00655,John Ray,Male,Marketing,Content Marketing Manager,34974,john.ray655@meta.com,+91-61419-94877,Vijayanagaram,2025-01-04
EMP00656,Jaime Jones,Female,IT,ML engineer,27538,jaime.jones656@meta.com,+91-83996-09007,Sambhal,2025-09-23
EMP00657,Kelli Ramirez,Female,Marketing,Digital Marketing Specialist,47498,kelli.ramirez657@meta.com,+91-92916-88516,Malda,2025-03-30
EMP00658,Tiffany Murphy,Female,Marketing,Content Marketing Manager,20383,tiffany.murphy658@meta.com,+91-92711-53798,Tiruchirappalli,2025-03-23
EMP00659,Monica Ellis,Female,IT,software engineer,16112,monica.ellis659@meta.com,+91-64650-79037,Rajkot,2025-03-08
EMP00660,Rebecca Sanders,Female,Research and Development,Research Analyst,22226,rebecca.sanders660@meta.com,+91-76218-78320,Rajpur Sonarpur,2025-02-12
EMP00661,Johnny Morris,Male,Research and Development,Research Scientist,47968,johnny.morris661@meta.com,+91-61911-21089,Naihati,2025-04-17
EMP00662,Kimberly Anderson,Female,IT,data analytics,11438,kimberly.anderson662@meta.com,+91-90906-33981,Tiruvottiyur,2025-01-06
EMP00663,Steven Farmer,Male,Research and Development,R&D Project Manager,49757,steven.farmer663@meta.com,+91-61339-50521,Navi Mumbai,2025-11-07
EMP00664,Mark Copeland,Male,Research and Development,Research Scientist,43947,mark.copeland664@meta.com,+91-72380-10612,Amravati,2025-04-13
EMP00665,Timothy Moore,Male,Marketing,Content Marketing Manager,29288,timothy.moore665@meta.com,+91-97453-11682,Mumbai,2025-07-21
EMP00666,William Patterson,Male,Research and Development,R&D Project Manager,30420,william.patterson666@meta.com,+91-77948-47866,Barasat,2025-08-08
EMP00667,Christopher Cantu,Male,Research and Development,Research Analyst,34507,christopher.cantu667@meta.com,+91-64892-46895,Tiruchirappalli,2025-07-23
EMP00668,Matthew Wright,Male,IT,data scientist,31147,matthew.wright668@meta.com,+91-97306-37130,Dehradun,2025-06-18
EMP00669,Anthony Garrett,Male,Marketing,Content Marketing Manager,31073,anthony.garrett669@meta.com,+91-75365-12688,Haldia,2025-02-08
EMP00670,Mary Padilla,Female,Research and Development,Product Development Engineer,30826,mary.padilla670@meta.com,+91-81040-21465,Kakinada,2025-05-02
EMP00671,John Anderson,Male,Marketing,Marketing Manager,47732,john.anderson671@meta.com,+91-69284-89060,Kadapa,2025-02-18
EMP00672,Melanie Smith,Female,Research and Development,Research Analyst,28001,melanie.smith672@meta.com,+91-87453-63648,Jamshedpur,2025-03-04
EMP00673,Virginia Henderson,Female,Research and Development,Research Scientist,11919,virginia.henderson673@meta.com,+91-70013-64119,Morena,2025-07-08
EMP00674,Benjamin Reyes,Male,Research and Development,Research Scientist,27018,benjamin.reyes674@meta.com,+91-61903-68211,Kota,2025-08-24
EMP00675,Erik Ibarra,Male,IT,ML engineer,19699,erik.ibarra675@meta.com,+91-96652-44274,Eluru,2025-02-17
EMP00676,Patricia Mullins,Female,Marketing,Marketing Manager,33134,patricia.mullins676@meta.com,+91-76720-90028,Asansol,2025-04-07
EMP00677,Andrea Elliott,Female,IT,ML engineer,23674,andrea.elliott677@meta.com,+91-87341-59239,Gandhidham,2025-11-14
EMP00678,Gregory Lewis,Male,Marketing,Digital Marketing Specialist,14498,gregory.lewis678@meta.com,+91-84695-14110,Bulandshahr,2025-08-24
EMP00679,Luis Ramos,Male,Marketing,Marketing Manager,41210,luis.ramos679@meta.com,+91-93153-23434,Chandigarh,2025-07-09
EMP00680,Steven Taylor,Male,IT,data analytics,37694,steven.taylor680@meta.com,+91-72455-44669,Giridih,2025-04-23
EMP00681,Nicholas Bell,Male,IT,software engineer,47698,nicholas.bell681@meta.com,+91-82528-64328,Satna,2025-12-21
EMP00682,Raven Wright,Female,Marketing,Digital Marketing Specialist,21208,raven.wright682@meta.com,+91-73257-05743,Kulti,2025-12-19
EMP00683,Juan Greene,Male,IT,ML engineer,14551,juan.greene683@meta.com,+91-71810-43120,Indore,2025-12-14
EMP00684,Ryan Barrett,Male,Research and Development,Research Analyst,41052,ryan.barrett684@meta.com,+91-64218-59851,Tiruppur,2025-03-17
EMP00685,Joseph Hicks,Male,IT,ML engineer,31998,joseph.hicks685@meta.com,+91-94356-24833,Sagar,2025-09-23
EMP00686,Maria Bowers,Female,IT,ML engineer,44033,maria.bowers686@meta.com,+91-61429-30564,Shimla,2025-04-16
EMP00687,James Allen,Male,IT,data analytics,17073,james.allen687@meta.com,+91-88684-95268,Dehri,2025-07-20
EMP00688,Stacy Smith,Female,Marketing,Marketing Analyst,22489,stacy.smith688@meta.com,+91-65781-75731,Ratlam,2025-01-05
EMP00689,Bonnie Valencia,Female,Research and Development,R&D Engineer,40560,bonnie.valencia689@meta.com,+91-75251-40242,Ambarnath,2025-10-31
EMP00690,Joshua Thompson,Male,IT,data analytics,30042,joshua.thompson690@meta.com,+91-64602-32867,Srinagar,2025-03-21
EMP00691,Alan Jones,Male,Research and Development,Research Analyst,19348,alan.jones691@meta.com,+91-74920-92633,Thrissur,2025-02-20
EMP00692,Amanda Brown,Female,Marketing,Content Marketing Manager,30364,amanda.brown692@meta.com,+91-75635-61153,Guna,2025-02-13
EMP00693,Donna Marquez,Female,Research and Development,Product Development Engineer,45771,donna.marquez693@meta.com,+91-73841-43974,Bhusawal,2025-08-07
EMP00694,Mia Miller,Female,Marketing,SEO Specialist,40230,mia.miller694@meta.com,+91-69070-19753,Alwar,2025-11-14
EMP00695,Angela Miller,Female,IT,data analytics,18253,angela.miller695@meta.com,+91-96475-80291,Bhatpara,2025-11-01
EMP00696,Joshua Myers,Male,Marketing,Content Marketing Manager,41553,joshua.myers696@meta.com,+91-88155-77559,Tirupati,2025-03-11
EMP00697,Michael Blair,Male,Research and Development,R&D Engineer,29719,michael.blair697@meta.com,+91-87986-20185,Howrah,2025-05-07
EMP00698,David Middleton,Male,IT,data analytics,11615,david.middleton698@meta.com,+91-93924-12826,Malda,2025-08-13
EMP00699,Logan Brown,Male,Marketing,Digital Marketing Specialist,11419,logan.brown699@meta.com,+91-71725-62421,Jamshedpur,2025-10-29
EMP00700,Alexandria Taylor,Female,Marketing,Marketing Analyst,35636,alexandria.taylor700@meta.com,+91-96144-04503,Ujjain,2025-11-27
EMP00701,Kathleen Reed,Female,IT,ML engineer,19129,kathleen.reed701@meta.com,+91-98401-58295,Rourkela,2025-09-20
EMP00702,Jacob Brady,Male,IT,data scientist,33059,jacob.brady702@meta.com,+91-84817-69084,Kochi,2025-08-30
EMP00703,Raymond Johnson,Male,Research and Development,R&D Project Manager,44434,raymond.johnson703@meta.com,+91-81393-64081,Darbhanga,2025-02-19
EMP00704,Joseph Baker,Male,Marketing,SEO Specialist,31211,joseph.baker704@meta.com,+91-79872-81874,Mehsana,2025-02-02
EMP00705,Jesse Ward,Male,Research and Development,Research Analyst,17502,jesse.ward705@meta.com,+91-68076-89363,Tezpur,2025-11-23
EMP00706,Christopher Moore,Male,IT,ML engineer,42184,christopher.moore706@meta.com,+91-96274-57009,Chapra,2025-02-19
EMP00707,Michael Wilson,Male,IT,data scientist,10343,michael.wilson707@meta.com,+91-87583-69751,Varanasi,2025-04-17
EMP00708,Shannon Smith,Female,Research and Development,Research Analyst,33362,shannon.smith708@meta.com,+91-78468-51514,Chittoor,2025-01-27
EMP00709,Helen Mora,Female,IT,data scientist,28998,helen.mora709@meta.com,+91-83381-25256,Vadodara,2025-06-09
EMP00710,Kristen Sloan,Female,Research and Development,Research Scientist,45778,kristen.sloan710@meta.com,+91-65996-04280,Rajahmundry,2025-04-15
EMP00711,Erica Butler,Female,Research and Development,Research Scientist,25441,erica.butler711@meta.com,+91-90997-70995,Gopalpur,2025-11-10
EMP00712,Roger Duncan,Male,Research and Development,Product Development Engineer,18484,roger.duncan712@meta.com,+91-87142-34782,Ambala,2025-01-29
EMP00713,Michael Williams,Male,IT,data analytics,11185,michael.williams713@meta.com,+91-90764-41489,Hazaribagh,2025-07-08
EMP00714,Vicki Finley,Female,IT,ML engineer,38608,vicki.finley714@meta.com,+91-62004-78508,Kirari Suleman Nagar,2025-05-08
EMP00715,Sean Ayala,Male,IT,software engineer,18304,sean.ayala715@meta.com,+91-91036-22641,Khammam,2025-02-09
EMP00716,Brandon Bryant,Male,Marketing,Content Marketing Manager,23491,brandon.bryant716@meta.com,+91-97888-43358,Kollam,2025-05-06
EMP00717,Dorothy Mueller,Female,Marketing,Content Marketing Manager,42993,dorothy.mueller717@meta.com,+91-60976-22192,Madhyamgram,2025-10-11
EMP00718,Jacob Bonilla,Male,IT,ML engineer,19303,jacob.bonilla718@meta.com,+91-69664-14023,Bongaigaon,2025-02-13
EMP00719,Philip Sanchez,Male,Marketing,Content Marketing Manager,35161,philip.sanchez719@meta.com,+91-90342-36560,Alappuzha,2025-06-28
EMP00720,Alexander Weaver,Male,Research and Development,Research Analyst,27205,alexander.weaver720@meta.com,+91-77384-47701,Thanjavur,2025-07-18
EMP00721,April Sandoval,Female,Research and Development,Product Development Engineer,37776,april.sandoval721@meta.com,+91-81379-10790,Vasai-Virar,2025-05-08
EMP00722,Christine Bird,Female,Marketing,Content Marketing Manager,35860,christine.bird722@meta.com,+91-66367-86153,Pallavaram,2025-05-16
EMP00723,Tyrone Kaufman,Male,Marketing,SEO Specialist,11131,tyrone.kaufman723@meta.com,+91-90036-54508,Parbhani,2025-10-10
EMP00724,Anna Morse,Female,IT,data analytics,21783,anna.morse724@meta.com,+91-87281-61601,Serampore,2025-01-20
EMP00725,Jimmy Adkins,Male,Research and Development,R&D Project Manager,38856,jimmy.adkins725@meta.com,+91-80707-22683,Dibrugarh,2025-01-23
EMP00726,Casey Wilkins,Male,Marketing,Marketing Manager,15077,casey.wilkins726@meta.com,+91-91025-86042,Guntakal,2025-01-13
EMP00727,Laura Graham,Female,Research and Development,Research Analyst,31953,laura.graham727@meta.com,+91-98392-03215,Patiala,2025-02-24
EMP00728,Eddie Rosales,Male,Marketing,Content Marketing Manager,43304,eddie.rosales728@meta.com,+91-89356-17699,Khammam,2025-04-25
EMP00729,Emily Nelson,Female,Research and Development,Research Scientist,44587,emily.nelson729@meta.com,+91-66653-15937,Panihati,2025-07-05
EMP00730,Chad Carrillo,Male,Marketing,Marketing Analyst,17563,chad.carrillo730@meta.com,+91-74940-50342,Bhatpara,2025-08-03
EMP00731,Brian Cole,Male,Research and Development,R&D Engineer,45233,brian.cole731@meta.com,+91-77451-22304,Vellore,2025-03-17
EMP00732,Barbara Howard,Female,Research and Development,R&D Engineer,21790,barbara.howard732@meta.com,+91-90125-97104,Bidhannagar,2025-12-20
EMP00733,Eric Baker,Male,IT,data scientist,43744,eric.baker733@meta.com,+91-99345-71885,Mysore,2025-11-12
EMP00734,Christopher Parks,Male,Research and Development,Research Scientist,14833,christopher.parks734@meta.com,+91-89967-47777,Thrissur,2025-10-29
EMP00735,Russell Murphy,Male,IT,software engineer,48899,russell.murphy735@meta.com,+91-86431-72724,Kulti,2025-01-25
EMP00736,Tracy Foster,Female,Marketing,Marketing Analyst,35170,tracy.foster736@meta.com,+91-87909-87428,Dewas,2025-06-10
EMP00737,David Ewing,Male,Marketing,Marketing Analyst,20852,david.ewing737@meta.com,+91-62421-92612,Machilipatnam,2025-05-23
EMP00738,Scott Hawkins,Male,IT,data scientist,46186,scott.hawkins738@meta.com,+91-70995-70802,Bareilly,2025-10-20
EMP00739,Julia Lara,Female,Research and Development,Product Development Engineer,44137,julia.lara739@meta.com,+91-78217-84428,Bhilai,2025-05-23
EMP00740,Adam Greer,Male,Marketing,Marketing Manager,24577,adam.greer740@meta.com,+91-63526-57739,Bikaner,2025-08-10
EMP00741,Craig Morales,Male,Research and Development,R&D Project Manager,30809,craig.morales741@meta.com,+91-78680-60139,Ballia,2025-12-11
EMP00742,Kevin Lowery,Male,Marketing,SEO Specialist,19924,kevin.lowery742@meta.com,+91-98721-89870,Lucknow,2025-02-04
EMP00743,Yolanda Gonzalez,Female,Research and Development,R&D Project Manager,23667,yolanda.gonzalez743@meta.com,+91-70666-23598,Warangal,2025-04-29
EMP00744,Anna Boone,Female,Research and Development,Product Development Engineer,42127,anna.boone744@meta.com,+91-95522-98744,Bhilai,2025-05-07
EMP00745,Amanda Murray,Female,IT,data scientist,40456,amanda.murray745@meta.com,+91-86331-88866,Chapra,2025-01-15
EMP00746,Jessica Ramsey,Female,Marketing,Content Marketing Manager,24097,jessica.ramsey746@meta.com,+91-90723-34392,Ludhiana,2025-04-23
EMP00747,Janet Simmons,Female,Research and Development,Research Scientist,30218,janet.simmons747@meta.com,+91-94512-69636,Kakinada,2025-01-11
EMP00748,Terry Hill,Male,Marketing,Marketing Manager,31842,terry.hill748@meta.com,+91-87565-31158,Jalgaon,2025-04-28
EMP00749,Amanda Harvey,Female,IT,ML engineer,31725,amanda.harvey749@meta.com,+91-92790-09134,Sagar,2025-03-22
EMP00750,Kathleen Andrade,Female,Marketing,Marketing Manager,25073,kathleen.andrade750@meta.com,+91-70783-48880,Ghaziabad,2025-09-16
EMP00751,Anita Reyes,Female,IT,software engineer,45500,anita.reyes751@meta.com,+91-70538-87473,Kollam,2025-08-23
EMP00752,Marvin Robles,Male,IT,ML engineer,47761,marvin.robles752@meta.com,+91-93424-22753,Tinsukia,2025-09-12
EMP00753,Rebecca Mayo,Female,Marketing,Content Marketing Manager,17097,rebecca.mayo753@meta.com,+91-92932-35638,Nangloi Jat,2025-02-12
EMP00754,Joshua Washington,Male,Research and Development,R&D Engineer,23610,joshua.washington754@meta.com,+91-95048-58704,Munger,2025-07-30
EMP00755,Debra Johnson,Female,Research and Development,Research Analyst,19870,debra.johnson755@meta.com,+91-63540-67753,Ludhiana,2025-11-30
EMP00756,Steven Osborne,Male,Marketing,SEO Specialist,41653,steven.osborne756@meta.com,+91-69401-05118,Chittoor,2025-02-28
EMP00757,Joseph Wang,Male,Marketing,SEO Specialist,21188,joseph.wang757@meta.com,+91-91840-19782,Kozhikode,2025-06-15
EMP00758,Ariel Sandoval,Female,Research and Development,R&D Engineer,19274,ariel.sandoval758@meta.com,+91-85267-52499,Deoghar,2025-03-11
EMP00759,Robert Stark,Male,Research and Development,Product Development Engineer,10643,robert.stark759@meta.com,+91-84109-31653,Muzaffarnagar,2025-02-01
EMP00760,Laura Mcgrath,Female,Research and Development,R&D Engineer,14375,laura.mcgrath760@meta.com,+91-86830-12947,Raichur,2025-07-08
EMP00761,Taylor Frey,Female,Marketing,Content Marketing Manager,45456,taylor.frey761@meta.com,+91-70172-21757,Belgaum,2025-06-19
EMP00762,Cynthia Stewart,Female,Research and Development,R&D Project Manager,41025,cynthia.stewart762@meta.com,+91-71790-81183,Gudivada,2025-01-27
EMP00763,Alfred Haynes,Male,Research and Development,Product Development Engineer,37879,alfred.haynes763@meta.com,+91-93515-33435,Phusro,2025-09-29
EMP00764,Travis Copeland,Male,Research and Development,R&D Engineer,20886,travis.copeland764@meta.com,+91-87854-76543,Hosur,2025-01-13
EMP00765,Ellen Henry,Female,Marketing,Marketing Analyst,37792,ellen.henry765@meta.com,+91-76891-39913,Pimpri-Chinchwad,2025-04-10
EMP00766,David Robinson,Male,Research and Development,Research Analyst,31525,david.robinson766@meta.com,+91-69950-26639,Mumbai,2025-12-27
EMP00767,Evelyn Mendez,Female,Marketing,Marketing Manager,47498,evelyn.mendez767@meta.com,+91-68996-44878,Mau,2025-01-20
EMP00768,Michelle Sellers,Female,IT,data scientist,21593,michelle.sellers768@meta.com,+91-70814-73828,Allahabad,2025-12-02
EMP00769,Alex Willis,Male,Marketing,Marketing Analyst,21089,alex.willis769@meta.com,+91-85948-60857,Bhubaneswar,2025-02-12
EMP00770,Ryan Valencia,Male,Marketing,Marketing Manager,28056,ryan.valencia770@meta.com,+91-76468-93514,Dindigul,2025-12-23
EMP00771,Michael Bates,Male,Research and Development,Product Development Engineer,15777,michael.bates771@meta.com,+91-69103-60106,Naihati,2025-08-24
EMP00772,Eric Taylor,Male,Research and Development,R&D Engineer,30170,eric.taylor772@meta.com,+91-77733-22548,Junagadh,2025-05-20
EMP00773,Ricky Yu,Male,IT,ML engineer,26997,ricky.yu773@meta.com,+91-92453-64680,Akola,2025-10-27
EMP00774,Michelle Hoffman,Female,IT,data scientist,38433,michelle.hoffman774@meta.com,+91-86623-95725,Rajahmundry,2025-04-18
EMP00775,Mary Olsen,Female,IT,data analytics,27094,mary.olsen775@meta.com,+91-69564-43569,Aizawl,2025-06-15
EMP00776,Nicholas Phillips,Male,Research and Development,Research Analyst,10517,nicholas.phillips776@meta.com,+91-74361-93410,Mumbai,2025-11-12
EMP00777,Tiffany Fry,Female,Research and Development,R&D Project Manager,38506,tiffany.fry777@meta.com,+91-94276-44092,Tezpur,2025-09-17
EMP00778,Andrew Guzman,Male,Marketing,SEO Specialist,27652,andrew.guzman778@meta.com,+91-95113-56595,Buxar,2025-03-13
EMP00779,Brian Crawford,Male,Research and Development,Research Analyst,13525,brian.crawford779@meta.com,+91-63784-10183,Solapur,2025-02-11
EMP00780,David Haas,Male,IT,data scientist,38609,david.haas780@meta.com,+91-67157-01053,Hubli–Dharwad,2025-04-19
EMP00781,Samantha Santiago,Female,Research and Development,Product Development Engineer,40374,samantha.santiago781@meta.com,+91-77017-17887,Amroha,2025-08-06
EMP00782,Alexandra Clark,Female,Research and Development,Research Scientist,32732,alexandra.clark782@meta.com,+91-96908-12350,Etawah,2025-11-03
EMP00783,Dawn Rodriguez,Female,IT,data scientist,19049,dawn.rodriguez783@meta.com,+91-91243-64238,Nashik,2025-01-18
EMP00784,Jasmin Oconnor,Female,Marketing,Digital Marketing Specialist,20717,jasmin.oconnor784@meta.com,+91-96840-61880,Haridwar,2025-06-13
EMP00785,Johnny Gray,Male,Research and Development,R&D Project Manager,35165,johnny.gray785@meta.com,+91-90664-04718,Salem,2025-08-19
EMP00786,Sandra Kramer,Female,Marketing,Marketing Analyst,45063,sandra.kramer786@meta.com,+91-81147-80097,Ujjain,2025-05-13
EMP00787,Jerry Lloyd,Male,Research and Development,R&D Project Manager,39818,jerry.lloyd787@meta.com,+91-90214-38623,Durg,2025-06-01
EMP00788,Alejandro Green,Male,Research and Development,Research Analyst,21713,alejandro.green788@meta.com,+91-83036-53072,Srinagar,2025-02-13
EMP00789,Glenn Barron,Male,IT,data scientist,42338,glenn.barron789@meta.com,+91-98346-99985,Aurangabad,2025-01-21
EMP00790,Joshua Villanueva,Male,Marketing,Marketing Analyst,12509,joshua.villanueva790@meta.com,+91-76781-57363,Sonipat,2025-07-25
EMP00791,Kirk Austin,Male,IT,ML engineer,15195,kirk.austin791@meta.com,+91-99759-65760,Ludhiana,2025-10-21
EMP00792,Jessica Valdez,Female,IT,data analytics,28008,jessica.valdez792@meta.com,+91-72669-62404,Sangli-Miraj & Kupwad,2025-03-08
EMP00793,Amy Rivera,Female,Marketing,SEO Specialist,49261,amy.rivera793@meta.com,+91-80272-67644,Alappuzha,2025-11-01
EMP00794,Melissa Bowen,Female,Research and Development,Product Development Engineer,41169,melissa.bowen794@meta.com,+91-63381-84513,Ichalkaranji,2025-07-26
EMP00795,Edward Davis,Male,Research and Development,R&D Project Manager,15151,edward.davis795@meta.com,+91-95329-32360,Aurangabad,2025-11-16
EMP00796,Joshua Henry,Male,Research and Development,Research Analyst,47020,joshua.henry796@meta.com,+91-94772-79353,Karimnagar,2025-03-05
EMP00797,Aaron Miller,Male,Marketing,Digital Marketing Specialist,23848,aaron.miller797@meta.com,+91-65117-74474,Kollam,2025-11-03
EMP00798,Anne Clark,Female,Marketing,Marketing Analyst,16923,anne.clark798@meta.com,+91-85524-72918,Jodhpur,2025-07-24
EMP00799,Kara Wilson,Female,IT,ML engineer,40410,kara.wilson799@meta.com,+91-76054-41026,Chittoor,2025-09-15
EMP00800,John Guerrero,Male,Research and Development,R&D Project Manager,36789,john.guerrero800@meta.com,+91-63254-03786,Tinsukia,2025-10-10
EMP00801,James Watson,Male,IT,data analytics,34186,james.watson801@meta.com,+91-71993-28242,Uluberia,2025-11-05
EMP00802,Chelsea Williams,Female,IT,data scientist,40238,chelsea.williams802@meta.com,+91-68889-27076,Kirari Suleman Nagar,2025-07-28
EMP00803,Deborah Hood,Female,Marketing,Marketing Manager,37334,deborah.hood803@meta.com,+91-88576-97480,Saharanpur,2025-07-23
EMP00804,Paul Contreras,Male,Marketing,SEO Specialist,43525,paul.contreras804@meta.com,+91-94112-87114,Hapur,2025-06-23
EMP00805,Robert Gutierrez,Male,IT,data analytics,23768,robert.gutierrez805@meta.com,+91-80608-42224,Begusarai,2025-08-19
EMP00806,Amy Hughes,Female,Research and Development,Research Analyst,48956,amy.hughes806@meta.com,+91-67122-33291,Jorhat,2025-11-21
EMP00807,Melissa Mayer,Female,Marketing,SEO Specialist,29325,melissa.mayer807@meta.com,+91-77612-36023,Fatehpur,2025-10-27
EMP00808,Edwin Foster,Male,Marketing,Marketing Analyst,43331,edwin.foster808@meta.com,+91-94996-55539,Ambala,2025-11-28
EMP00809,Kenneth Black,Male,Research and Development,Product Development Engineer,21494,kenneth.black809@meta.com,+91-98093-32277,Jamshedpur,2025-11-29
EMP00810,Travis Cole,Male,Marketing,SEO Specialist,40102,travis.cole810@meta.com,+91-68875-22630,Rajpur Sonarpur,2025-06-18
EMP00811,Robert Martinez,Male,Marketing,Content Marketing Manager,45045,robert.martinez811@meta.com,+91-69052-27662,Vijayawada,2025-12-20
EMP00812,Virginia Graham,Female,IT,software engineer,49920,virginia.graham812@meta.com,+91-85018-09502,Hindupur,2025-10-27
EMP00813,Deanna Bartlett,Female,Marketing,Marketing Manager,45188,deanna.bartlett813@meta.com,+91-63611-01524,Chandigarh,2025-10-19
EMP00814,James Sanders,Male,Research and Development,Product Development Engineer,17308,james.sanders814@meta.com,+91-97186-40764,Bally,2025-04-01
EMP00815,Kelly Stark,Female,Research and Development,Product Development Engineer,43698,kelly.stark815@meta.com,+91-89282-25349,Dharmavaram,2025-04-04
EMP00816,Kelly Barnes,Female,IT,ML engineer,43393,kelly.barnes816@meta.com,+91-94176-08368,Jalgaon,2025-04-10
EMP00817,Charles Matthews,Male,IT,data scientist,30132,charles.matthews817@meta.com,+91-83513-65117,Aligarh,2025-03-29
EMP00818,Justin Garcia,Male,Research and Development,R&D Engineer,31343,justin.garcia818@meta.com,+91-96772-94831,Jorhat,2025-06-20
EMP00819,Sheryl Humphrey,Female,Research and Development,Research Analyst,39472,sheryl.humphrey819@meta.com,+91-84347-49389,Yamunanagar,2025-05-21
EMP00820,Matthew Armstrong,Male,Research and Development,R&D Engineer,23671,matthew.armstrong820@meta.com,+91-82337-35125,Agra,2025-05-21
EMP00821,Christopher Powell,Male,IT,data scientist,20513,christopher.powell821@meta.com,+91-87959-97397,Agra,2025-05-08
EMP00822,Jennifer Koch,Female,Research and Development,R&D Project Manager,34577,jennifer.koch822@meta.com,+91-61623-91173,Dhanbad,2025-07-31
EMP00823,Patrick Mccall,Male,IT,ML engineer,47623,patrick.mccall823@meta.com,+91-75435-65861,Jaipur,2025-02-04
EMP00824,Gail Leon,Female,Marketing,SEO Specialist,24077,gail.leon824@meta.com,+91-73231-92691,Parbhani,2025-11-25
EMP00825,Sarah Garrison,Female,Marketing,SEO Specialist,41873,sarah.garrison825@meta.com,+91-68093-59983,Ambattur,2025-10-03
EMP00826,Brandy Mccann,Female,Marketing,Content Marketing Manager,31872,brandy.mccann826@meta.com,+91-67597-57809,Pondicherry,2025-11-09
EMP00827,Derrick Butler,Male,IT,data analytics,28144,derrick.butler827@meta.com,+91-94876-06356,Maheshtala,2025-08-10
EMP00828,Jeremy Mcintyre,Male,Marketing,Content Marketing Manager,29255,jeremy.mcintyre828@meta.com,+91-66303-18575,Shivpuri,2025-12-01
EMP00829,Peter Camacho,Male,Research and Development,Research Analyst,47804,peter.camacho829@meta.com,+91-71131-59013,Kottayam,2025-02-05
EMP00830,Rebecca Jones,Female,Marketing,Digital Marketing Specialist,23684,rebecca.jones830@meta.com,+91-73429-23184,Bhavnagar,2025-07-12
EMP00831,Richard Warren,Male,Marketing,Digital Marketing Specialist,34930,richard.warren831@meta.com,+91-64323-80197,Malegaon,2025-03-04
EMP00832,Corey Whitaker,Male,IT,software engineer,42054,corey.whitaker832@meta.com,+91-87319-73214,Kulti,2025-01-04
EMP00833,Amanda Williams,Female,Marketing,SEO Specialist,16557,amanda.williams833@meta.com,+91-83309-62768,Davanagere,2025-08-30
EMP00834,Donald Colon,Male,Marketing,Marketing Analyst,12973,donald.colon834@meta.com,+91-78105-14052,Amravati,2025-12-05
EMP00835,Melanie Allen,Female,Marketing,Content Marketing Manager,37189,melanie.allen835@meta.com,+91-74151-86397,Hindupur,2025-01-16
EMP00836,Jill Horne,Female,IT,ML engineer,36453,jill.horne836@meta.com,+91-89237-38089,Dharmavaram,2025-01-24
EMP00837,Kristen Cooper,Female,Research and Development,R&D Project Manager,21124,kristen.cooper837@meta.com,+91-71324-09448,Mysore,2025-08-14
EMP00838,Dustin Hughes,Male,Research and Development,Research Scientist,30409,dustin.hughes838@meta.com,+91-94916-36747,Aurangabad,2025-10-20
EMP00839,Richard Lewis,Male,IT,data scientist,43733,richard.lewis839@meta.com,+91-78167-72622,Kamarhati,2025-12-04
EMP00840,Megan Adams,Female,Marketing,SEO Specialist,48717,megan.adams840@meta.com,+91-87146-59093,Anand,2025-01-25
EMP00841,Alejandro Deleon,Male,IT,software engineer,19368,alejandro.deleon841@meta.com,+91-68230-48189,Bhalswa Jahangir Pur,2025-07-27
EMP00842,Susan Holland,Female,IT,data analytics,27223,susan.holland842@meta.com,+91-91279-38284,Rajahmundry,2025-10-09
EMP00843,Dawn Trujillo,Female,Research and Development,Research Scientist,32437,dawn.trujillo843@meta.com,+91-80369-12415,Panipat,2025-06-01
EMP00844,Jeff Bennett,Male,Marketing,Marketing Analyst,39659,jeff.bennett844@meta.com,+91-95999-18851,Jaunpur,2025-12-15
EMP00845,David Owens,Male,IT,data scientist,33195,david.owens845@meta.com,+91-75505-56911,Bhimavaram,2025-12-15
EMP00846,Brian Hunt,Male,Research and Development,R&D Project Manager,24828,brian.hunt846@meta.com,+91-75942-09435,Kishanganj,2025-08-04
EMP00847,Maria Lynch,Female,Marketing,Marketing Analyst,18920,maria.lynch847@meta.com,+91-80253-96904,Moradabad,2025-03-15
EMP00848,Karen Rogers,Female,IT,data scientist,35640,karen.rogers848@meta.com,+91-76318-09281,Anantapur,2025-10-27
EMP00849,Scott Green,Male,IT,data analytics,19332,scott.green849@meta.com,+91-87013-16462,Maheshtala,2025-03-05
EMP00850,Brittany Cannon,Female,IT,software engineer,32372,brittany.cannon850@meta.com,+91-89082-64178,Ghaziabad,2025-09-07
EMP00851,Jennifer Flores,Female,IT,software engineer,15804,jennifer.flores851@meta.com,+91-82847-40178,Indore,2025-05-22
EMP00852,Mary Bright,Female,Research and Development,R&D Project Manager,31550,mary.bright852@meta.com,+91-96230-74524,Gurgaon,2025-05-17
EMP00853,Jared Doyle,Male,Research and Development,Product Development Engineer,46744,jared.doyle853@meta.com,+91-96860-18600,Tiruvottiyur,2025-05-03
EMP00854,Molly Walker,Female,Research and Development,R&D Project Manager,37645,molly.walker854@meta.com,+91-97064-48038,Secunderabad,2025-08-10
EMP00855,Jordan Bruce,Male,IT,data scientist,11582,jordan.bruce855@meta.com,+91-80987-82839,Durg,2025-05-08
EMP00856,Anne Anderson,Female,Marketing,Marketing Manager,31267,anne.anderson856@meta.com,+91-96671-58677,Karaikudi,2025-03-30
EMP00857,Pamela White,Female,IT,ML engineer,33055,pamela.white857@meta.com,+91-73390-46672,Hubli–Dharwad,2025-12-29
EMP00858,Courtney Walker,Female,Marketing,Marketing Analyst,38689,courtney.walker858@meta.com,+91-87931-59757,Bidar,2025-10-03
EMP00859,Richard Rivera,Male,Marketing,Content Marketing Manager,14976,richard.rivera859@meta.com,+91-70796-81331,Bhimavaram,2025-07-17
EMP00860,Edward York,Male,Research and Development,Research Analyst,47362,edward.york860@meta.com,+91-63282-19026,Meerut,2025-04-23
EMP00861,Sean Silva,Male,IT,data analytics,24153,sean.silva861@meta.com,+91-70206-84554,Chittoor,2025-09-23
EMP00862,Stacy Mason,Female,Research and Development,R&D Project Manager,35369,stacy.mason862@meta.com,+91-87982-39933,Bettiah,2025-12-21
EMP00863,Edwin Brown,Male,Marketing,Digital Marketing Specialist,45276,edwin.brown863@meta.com,+91-70997-51823,Durgapur,2025-12-26
EMP00864,Willie Cooper,Male,Marketing,Marketing Analyst,47634,willie.cooper864@meta.com,+91-64450-90468,Asansol,2025-09-02
EMP00865,Eugene Baldwin,Male,IT,ML engineer,14286,eugene.baldwin865@meta.com,+91-85977-47992,Morbi,2025-08-20
EMP00866,Faith Hatfield,Female,Research and Development,Research Analyst,31661,faith.hatfield866@meta.com,+91-75891-56306,Howrah,2025-12-31
EMP00867,Abigail Hill,Female,Research and Development,Research Scientist,14653,abigail.hill867@meta.com,+91-65772-67116,Gangtok,2025-09-11
EMP00868,Phillip Burns,Male,Marketing,Marketing Manager,16170,phillip.burns868@meta.com,+91-95934-61303,Bikaner,2025-12-29
EMP00869,Lisa Schultz,Female,Marketing,SEO Specialist,15946,lisa.schultz869@meta.com,+91-72236-04028,Haldia,2025-02-01
EMP00870,Vincent Reyes,Male,Research and Development,Research Analyst,16258,vincent.reyes870@meta.com,+91-70903-38530,Deoghar,2025-03-30
EMP00871,Curtis Watson,Male,Research and Development,R&D Project Manager,42650,curtis.watson871@meta.com,+91-75906-13148,Pondicherry,2025-04-01
EMP00872,Peter Schmidt,Male,Marketing,Marketing Manager,12541,peter.schmidt872@meta.com,+91-68323-15946,Kolkata,2025-11-10
EMP00873,Lori Wright,Female,Marketing,Content Marketing Manager,35483,lori.wright873@meta.com,+91-99602-19470,Bijapur,2025-01-31
EMP00874,Betty Reyes,Female,Research and Development,R&D Project Manager,16473,betty.reyes874@meta.com,+91-66355-53523,Rourkela,2025-08-18
EMP00875,Austin Williams,Male,Marketing,SEO Specialist,36492,austin.williams875@meta.com,+91-93443-43472,Sirsa,2025-12-17
EMP00876,Nicholas Carlson,Male,Research and Development,Research Scientist,22325,nicholas.carlson876@meta.com,+91-63595-67503,Raebareli,2025-04-07
EMP00877,Stacy Cowan,Female,Research and Development,Research Scientist,38429,stacy.cowan877@meta.com,+91-75602-41237,Unnao,2025-09-11
EMP00878,Ian Lopez,Male,Research and Development,R&D Project Manager,11021,ian.lopez878@meta.com,+91-69269-02889,Surat,2025-07-19
EMP00879,Darryl Acosta,Male,Marketing,SEO Specialist,12933,darryl.acosta879@meta.com,+91-71268-45862,Rajpur Sonarpur,2025-12-01
EMP00880,Morgan Lawrence,Female,Marketing,Marketing Manager,37255,morgan.lawrence880@meta.com,+91-93817-20607,Amravati,2025-03-07
EMP00881,Jacob Santos,Male,IT,software engineer,17554,jacob.santos881@meta.com,+91-79413-92693,Gandhinagar,2025-10-02
EMP00882,Sherri Scott,Female,Marketing,Content Marketing Manager,27137,sherri.scott882@meta.com,+91-67382-08250,Hindupur,2025-09-03
EMP00883,Zachary Stanley,Male,IT,data scientist,12492,zachary.stanley883@meta.com,+91-91782-64150,Nashik,2025-09-15
EMP00884,Michael Butler,Male,IT,ML engineer,12867,michael.butler884@meta.com,+91-69399-32631,Amravati,2025-05-30
EMP00885,Joshua Wells,Male,IT,data scientist,22736,joshua.wells885@meta.com,+91-86480-25519,Tiruppur,2025-01-30
EMP00886,Michael Mccoy,Male,Research and Development,Research Scientist,36864,michael.mccoy886@meta.com,+91-66193-11235,Bidar,2025-07-18
EMP00887,Matthew Bates,Male,IT,software engineer,46938,matthew.bates887@meta.com,+91-60845-36392,Medininagar,2025-09-09
EMP00888,Mercedes Barnes,Female,Marketing,SEO Specialist,41400,mercedes.barnes888@meta.com,+91-74822-79321,Sasaram,2025-01-11
EMP00889,Michelle Wilson,Female,Marketing,Digital Marketing Specialist,12788,michelle.wilson889@meta.com,+91-94889-16248,Aligarh,2025-08-24
EMP00890,Kathleen Lynch,Female,Marketing,SEO Specialist,40377,kathleen.lynch890@meta.com,+91-83615-27597,Nagaon,2025-11-13
EMP00891,Valerie Howard,Female,Marketing,Content Marketing Manager,36752,valerie.howard891@meta.com,+91-86211-63876,Sagar,2025-01-27
EMP00892,Christopher Kelley,Male,IT,ML engineer,46155,christopher.kelley892@meta.com,+91-76949-02519,Ongole,2025-12-15
EMP00893,Gary Smith,Male,Research and Development,Product Development Engineer,47687,gary.smith893@meta.com,+91-71327-74675,Bhubaneswar,2025-11-18
EMP00894,Russell Caldwell,Male,Research and Development,Research Scientist,14283,russell.caldwell894@meta.com,+91-60983-09379,Mysore,2025-06-07
EMP00895,Richard Jones,Male,Marketing,Content Marketing Manager,30676,richard.jones895@meta.com,+91-94721-59145,Bardhaman,2025-11-13
EMP00896,Maria Bryant,Female,IT,data analytics,28430,maria.bryant896@meta.com,+91-79614-71331,Bilaspur,2025-01-11
EMP00897,Julie Garcia,Female,Marketing,Content Marketing Manager,47480,julie.garcia897@meta.com,+91-74046-33031,Thane,2025-11-16
EMP00898,Sarah Ward,Female,Research and Development,Product Development Engineer,19796,sarah.ward898@meta.com,+91-69769-37906,Purnia,2025-09-11
EMP00899,Parker Davis,Male,Research and Development,R&D Project Manager,37376,parker.davis899@meta.com,+91-73259-90316,Bangalore,2025-12-25
EMP00900,Sarah Alvarado,Female,Marketing,SEO Specialist,38373,sarah.alvarado900@meta.com,+91-80774-05196,Ozhukarai,2025-10-21
EMP00901,Hunter Kim,Male,Marketing,SEO Specialist,23083,hunter.kim901@meta.com,+91-93066-38874,Tiruchirappalli,2025-06-25
EMP00902,Jaime Cooper,Male,Marketing,Marketing Analyst,46200,jaime.cooper902@meta.com,+91-74299-06351,Rewa,2025-03-07
EMP00903,James Bryant,Male,IT,software engineer,21606,james.bryant903@meta.com,+91-80520-07739,Morena,2025-02-06
EMP00904,Robert Banks,Male,Research and Development,Product Development Engineer,31685,robert.banks904@meta.com,+91-66019-91704,Gorakhpur,2025-12-18
EMP00905,Casey Barber,Male,IT,software engineer,15204,casey.barber905@meta.com,+91-93541-96126,Vasai-Virar,2025-02-01
EMP00906,Jennifer Garza,Female,IT,software engineer,15213,jennifer.garza906@meta.com,+91-79285-11718,Bokaro,2025-04-27
EMP00907,Logan Maxwell,Male,Marketing,Content Marketing Manager,29445,logan.maxwell907@meta.com,+91-95248-75692,Bikaner,2025-03-24
EMP00908,John Freeman,Male,IT,software engineer,42369,john.freeman908@meta.com,+91-89074-68496,Gandhidham,2025-06-13
EMP00909,Amber Green,Female,Research and Development,R&D Project Manager,14317,amber.green909@meta.com,+91-87338-33457,Ahmedabad,2025-04-27
EMP00910,Michael Gregory,Male,IT,ML engineer,36852,michael.gregory910@meta.com,+91-98379-48417,Sonipat,2025-07-17
EMP00911,Kelly Watts,Female,IT,data scientist,30756,kelly.watts911@meta.com,+91-99630-76151,Bhiwani,2025-02-18
EMP00912,Matthew Wright,Male,Marketing,SEO Specialist,19823,matthew.wright912@meta.com,+91-83033-95247,Kharagpur,2025-08-10
EMP00913,Brittany Serrano,Female,IT,data analytics,13916,brittany.serrano913@meta.com,+91-89034-22984,Hyderabad,2025-01-07
EMP00914,Maria Moore,Female,Research and Development,R&D Engineer,32189,maria.moore914@meta.com,+91-86411-27883,Shimla,2025-08-31
EMP00915,Sean Jones,Male,IT,data analytics,34248,sean.jones915@meta.com,+91-92969-96942,Pondicherry,2025-06-24
EMP00916,Cynthia Cordova,Female,Research and Development,R&D Engineer,18331,cynthia.cordova916@meta.com,+91-87597-68258,Guna,2025-06-10
EMP00917,Daniel Schneider,Male,Marketing,Digital Marketing Specialist,31079,daniel.schneider917@meta.com,+91-65499-70317,Noida,2025-12-31
EMP00918,Blake Wallace,Male,Marketing,Marketing Manager,41047,blake.wallace918@meta.com,+91-72036-57943,Hubli–Dharwad,2025-10-02
EMP00919,Scott West,Male,Research and Development,R&D Engineer,49163,scott.west919@meta.com,+91-62085-52378,Mehsana,2025-06-02
EMP00920,Nichole Smith,Female,IT,data scientist,29405,nichole.smith920@meta.com,+91-60643-79431,Haridwar,2025-08-16
EMP00921,Amanda Dunn,Female,IT,ML engineer,39880,amanda.dunn921@meta.com,+91-81625-30034,Mahbubnagar,2025-03-14
EMP00922,Tracey Walsh,Female,Research and Development,Product Development Engineer,46053,tracey.walsh922@meta.com,+91-66633-80255,Sirsa,2025-09-19
EMP00923,Trevor Cox,Male,Research and Development,R&D Engineer,42550,trevor.cox923@meta.com,+91-69111-70330,Rajahmundry,2025-06-25
EMP00924,Ryan Rivera,Male,Marketing,SEO Specialist,45724,ryan.rivera924@meta.com,+91-65631-88419,Bharatpur,2025-05-14
EMP00925,Mike Wilson,Male,IT,software engineer,46548,mike.wilson925@meta.com,+91-60820-22185,Delhi,2025-06-15
EMP00926,Gloria Gallegos,Female,Research and Development,Product Development Engineer,11261,gloria.gallegos926@meta.com,+91-84665-05250,Motihari,2025-12-26
EMP00927,Joseph Park,Male,Research and Development,Research Analyst,43367,joseph.park927@meta.com,+91-73106-62338,Dehradun,2025-11-08
EMP00928,Katherine Underwood,Female,Marketing,Digital Marketing Specialist,31434,katherine.underwood928@meta.com,+91-83644-96721,Aligarh,2025-07-18
EMP00929,David Gonzalez,Male,Research and Development,R&D Engineer,23116,david.gonzalez929@meta.com,+91-88688-30658,Singrauli,2025-05-10
EMP00930,Daniel Summers,Male,Research and Development,Research Scientist,30309,daniel.summers930@meta.com,+91-62134-77437,Sonipat,2025-09-09
EMP00931,Ashley Perry,Female,Research and Development,R&D Project Manager,28700,ashley.perry931@meta.com,+91-70100-00204,Hospet,2025-10-18
EMP00932,Jim Lawrence,Male,IT,software engineer,34120,jim.lawrence932@meta.com,+91-76973-26201,Panchkula,2025-03-14
EMP00933,April Fitzgerald,Female,Marketing,Digital Marketing Specialist,17885,april.fitzgerald933@meta.com,+91-68911-74862,Bhimavaram,2025-01-12
EMP00934,Karen Romero,Female,IT,data scientist,24121,karen.romero934@meta.com,+91-63304-41086,Adoni,2025-05-24
EMP00935,Carrie Ochoa,Female,Research and Development,Product Development Engineer,23284,carrie.ochoa935@meta.com,+91-80282-40688,Munger,2025-08-11
EMP00936,Mary Obrien,Female,IT,software engineer,28777,mary.obrien936@meta.com,+91-80385-39753,Dibrugarh,2025-11-24
EMP00937,Sierra Barnes,Female,Marketing,Digital Marketing Specialist,48024,sierra.barnes937@meta.com,+91-93971-68649,Panipat,2025-02-14
EMP00938,Jennifer Cooper,Female,IT,ML engineer,33505,jennifer.cooper938@meta.com,+91-94568-39913,Bidhannagar,2025-11-20
EMP00939,Robert Taylor,Male,Research and Development,R&D Engineer,23488,robert.taylor939@meta.com,+91-90415-01096,Motihari,2025-03-26
EMP00940,Scott Joseph,Male,Research and Development,Research Analyst,42058,scott.joseph940@meta.com,+91-63839-58234,Kollam,2025-02-24
EMP00941,Daniel Klein,Male,Research and Development,Product Development Engineer,20204,daniel.klein941@meta.com,+91-77897-49637,Mira-Bhayandar,2025-06-05
EMP00942,William Santos,Male,Research and Development,Research Scientist,22517,william.santos942@meta.com,+91-60228-60419,Ambala,2025-12-05
EMP00943,Kimberly Walsh,Female,IT,ML engineer,32489,kimberly.walsh943@meta.com,+91-93369-65694,Nagercoil,2025-06-29
EMP00944,Justin Aguilar,Male,Marketing,SEO Specialist,35149,justin.aguilar944@meta.com,+91-64589-69397,Deoghar,2025-02-14
EMP00945,Donna Boone,Female,Marketing,Content Marketing Manager,16032,donna.boone945@meta.com,+91-62860-33643,Nagaon,2025-10-10
EMP00946,Ashley James,Female,IT,data analytics,16222,ashley.james946@meta.com,+91-66560-50125,Pimpri-Chinchwad,2025-10-02
EMP00947,Curtis Christensen,Male,Marketing,Content Marketing Manager,17711,curtis.christensen947@meta.com,+91-91480-64690,Baranagar,2025-09-04
EMP00948,Melinda Thomas,Female,IT,software engineer,35382,melinda.thomas948@meta.com,+91-77013-68247,Sagar,2025-03-01
EMP00949,Damon Weaver,Male,IT,data scientist,18650,damon.weaver949@meta.com,+91-64360-56614,Bidhannagar,2025-05-23
EMP00950,Ashley Parrish,Female,Research and Development,Product Development Engineer,14386,ashley.parrish950@meta.com,+91-60864-52910,Kishanganj,2025-02-14
EMP00951,James Dixon,Male,Research and Development,R&D Engineer,39235,james.dixon951@meta.com,+91-85496-51023,Nashik,2025-12-26
EMP00952,Tammy Hughes,Female,IT,ML engineer,13931,tammy.hughes952@meta.com,+91-61650-81988,Suryapet,2025-04-07
EMP00953,Amy Manning,Female,Marketing,SEO Specialist,24032,amy.manning953@meta.com,+91-61568-06817,Udupi,2025-09-02
EMP00954,Sean Dalton,Male,Research and Development,R&D Engineer,26191,sean.dalton954@meta.com,+91-98322-04870,Kamarhati,2025-12-10
EMP00955,Susan Bush,Female,Marketing,SEO Specialist,49743,susan.bush955@meta.com,+91-77167-86715,Giridih,2025-05-28
EMP00956,Kimberly Morrison,Female,IT,data analytics,49309,kimberly.morrison956@meta.com,+91-64577-70226,Durg,2025-06-24
EMP00957,Joan Lucero,Female,Research and Development,R&D Project Manager,31436,joan.lucero957@meta.com,+91-88447-85565,Gaya,2025-10-21
EMP00958,Victor Moss,Male,Marketing,Marketing Analyst,15962,victor.moss958@meta.com,+91-99560-69852,Burhanpur,2025-06-15
EMP00959,Andrew Ramirez,Male,Research and Development,R&D Engineer,32840,andrew.ramirez959@meta.com,+91-81362-56167,Bikaner,2025-12-19
EMP00960,Candace Singleton,Female,IT,ML engineer,45571,candace.singleton960@meta.com,+91-82451-72256,Bathinda,2025-06-22
EMP00961,John Pineda,Male,Research and Development,Product Development Engineer,34575,john.pineda961@meta.com,+91-73794-32013,Jamnagar,2025-10-09
EMP00962,Tanya Carlson,Female,IT,software engineer,22381,tanya.carlson962@meta.com,+91-89495-25104,Pallavaram,2025-09-08
EMP00963,Richard Pierce,Male,Marketing,SEO Specialist,35354,richard.pierce963@meta.com,+91-81138-08252,Ratlam,2025-02-19
EMP00964,Kelly Krueger,Female,IT,software engineer,47130,kelly.krueger964@meta.com,+91-60362-42652,Dibrugarh,2025-10-10
EMP00965,Caitlin Daniels,Female,IT,data scientist,11504,caitlin.daniels965@meta.com,+91-87193-50156,Tiruchirappalli,2025-05-19
EMP00966,Hannah Ware,Female,IT,software engineer,26134,hannah.ware966@meta.com,+91-92411-21235,Bathinda,2025-11-04
EMP00967,Heather Robinson,Female,Marketing,Digital Marketing Specialist,25216,heather.robinson967@meta.com,+91-68441-88707,Kishanganj,2025-04-16
EMP00968,Samantha Zavala,Female,Marketing,Content Marketing Manager,32432,samantha.zavala968@meta.com,+91-80534-21086,Raipur,2025-03-28
EMP00969,Maureen Griffin,Female,IT,data scientist,30592,maureen.griffin969@meta.com,+91-84222-64092,Thane,2025-12-24
EMP00970,Michael Flores,Male,Marketing,Marketing Manager,35484,michael.flores970@meta.com,+91-83044-44329,Kharagpur,2025-05-14
EMP00971,Dawn Ramsey,Female,IT,data scientist,24361,dawn.ramsey971@meta.com,+91-78937-09060,Hazaribagh,2025-02-10
EMP00972,Samantha Brooks,Female,Marketing,Digital Marketing Specialist,29212,samantha.brooks972@meta.com,+91-78292-35200,Morbi,2025-12-02
EMP00973,Andrew Villanueva,Male,Marketing,Content Marketing Manager,40818,andrew.villanueva973@meta.com,+91-98281-70181,Pondicherry,2025-03-05
EMP00974,Kayla Vaughan,Female,Research and Development,Research Analyst,21725,kayla.vaughan974@meta.com,+91-75173-12858,Siwan,2025-07-21
EMP00975,Joseph Sims,Male,IT,software engineer,40740,joseph.sims975@meta.com,+91-78263-74477,Kakinada,2025-03-24
EMP00976,Sean Coleman,Male,IT,data analytics,18906,sean.coleman976@meta.com,+91-62547-57846,Tiruppur,2025-09-24
EMP00977,Kimberly Park,Female,Research and Development,R&D Project Manager,36555,kimberly.park977@meta.com,+91-85454-82532,Madurai,2025-11-06
EMP00978,Nicole Hernandez,Female,Marketing,SEO Specialist,29629,nicole.hernandez978@meta.com,+91-80472-77457,Bathinda,2025-03-13
EMP00979,Amanda Jones,Female,Marketing,Digital Marketing Specialist,19326,amanda.jones979@meta.com,+91-69923-73219,Chandrapur,2025-05-06
EMP00980,Justin Andrews,Male,Research and Development,Research Scientist,29360,justin.andrews980@meta.com,+91-80436-45354,Rampur,2025-09-03
EMP00981,Jason Hayes,Male,Marketing,Marketing Analyst,22679,jason.hayes981@meta.com,+91-89191-72025,Bhiwani,2025-01-13
EMP00982,Emily Price,Female,Marketing,Marketing Analyst,40165,emily.price982@meta.com,+91-86205-14470,Deoghar,2025-10-08
EMP00983,Aaron Cortez,Male,IT,data analytics,31636,aaron.cortez983@meta.com,+91-97617-16220,Bhimavaram,2025-01-07
EMP00984,Angel Charles,Male,IT,data analytics,47309,angel.charles984@meta.com,+91-74815-29008,Ambala,2025-05-16
EMP00985,Ashley Buchanan,Female,IT,data scientist,40690,ashley.buchanan985@meta.com,+91-79404-86989,Medininagar,2025-05-13
EMP00986,Angelica Hubbard,Female,Research and Development,Research Analyst,44518,angelica.hubbard986@meta.com,+91-76856-87284,Eluru,2025-05-20
EMP00987,Jennifer Guerrero,Female,Research and Development,Research Analyst,42694,jennifer.guerrero987@meta.com,+91-90582-85829,Sangli-Miraj & Kupwad,2025-08-26
EMP00988,Joseph Taylor,Male,IT,ML engineer,37043,joseph.taylor988@meta.com,+91-94301-49038,Bongaigaon,2025-08-12
EMP00989,Elizabeth Walters,Female,Marketing,Digital Marketing Specialist,37146,elizabeth.walters989@meta.com,+91-99333-49932,Dindigul,2025-08-09
EMP00990,Tyler Smith,Male,Marketing,Digital Marketing Specialist,20806,tyler.smith990@meta.com,+91-81330-07054,Amravati,2025-02-17
EMP00991,Andrew Armstrong,Male,IT,software engineer,40881,andrew.armstrong991@meta.com,+91-70286-96601,Siwan,2025-06-08
EMP00992,Kimberly Miller,Female,IT,software engineer,48198,kimberly.miller992@meta.com,+91-69681-13915,Hapur,2025-11-12
EMP00993,Daniel Whitehead,Male,Research and Development,Research Analyst,19084,daniel.whitehead993@meta.com,+91-64817-54223,Nanded,2025-06-23
EMP00994,Clinton Jensen,Male,Research and Development,Product Development Engineer,39655,clinton.jensen994@meta.com,+91-89368-49786,Jammu,2025-04-18
EMP00995,Brian Lambert,Male,Marketing,Digital Marketing Specialist,20172,brian.lambert995@meta.com,+91-60511-41076,Jamalpur,2025-10-24
EMP00996,Joel Dunn,Male,Research and Development,Product Development Engineer,38530,joel.dunn996@meta.com,+91-91695-59240,Jabalpur,2025-03-22
EMP00997,Danielle Gonzalez,Female,IT,ML engineer,14329,danielle.gonzalez997@meta.com,+91-60821-46373,Bathinda,2025-03-10
EMP00998,Heather Lambert,Female,Research and Development,Product Development Engineer,30629,heather.lambert998@meta.com,+91-70794-49182,Salem,2025-11-06
EMP00999,Dominique Jones,Female,Marketing,Digital Marketing Specialist,21830,dominique.jones999@meta.com,+91-90033-63179,Ratlam,2025-04-14
EMP01000,John Murphy,Male,IT,ML engineer,43094,john.murphy1000@meta.com,+91-85896-64984,Bhimavaram,2025-10-30
EMP01001,Brittany Knight,Female,Research and Development,Product Development Engineer,12917,brittany.knight1001@meta.com,+91-83467-48996,Haldia,2025-04-29
EMP01002,Caroline Edwards,Female,Research and Development,R&D Engineer,39443,caroline.edwards1002@meta.com,+91-83602-92250,Junagadh,2025-08-19
EMP01003,Donald Ward,Male,Marketing,Marketing Manager,38181,donald.ward1003@meta.com,+91-69828-54597,Nangloi Jat,2025-11-24
EMP01004,Julie Howard,Female,Research and Development,Research Scientist,42547,julie.howard1004@meta.com,+91-75578-93716,Morbi,2025-01-08
EMP01005,Kristen Thompson,Female,IT,ML engineer,26095,kristen.thompson1005@meta.com,+91-90172-66492,Parbhani,2025-03-25
EMP01006,Shannon Taylor,Female,IT,ML engineer,30282,shannon.taylor1006@meta.com,+91-60119-90772,Firozabad,2025-04-02
EMP01007,Nicholas Sims,Male,Marketing,Marketing Analyst,17958,nicholas.sims1007@meta.com,+91-95467-30185,Surat,2025-05-09
EMP01008,Samuel Welch,Male,Research and Development,Research Scientist,14157,samuel.welch1008@meta.com,+91-71185-49608,Gudivada,2025-08-10
EMP01009,Daniel Johnson,Male,Research and Development,Product Development Engineer,23917,daniel.johnson1009@meta.com,+91-71677-09269,Tinsukia,2025-09-11
EMP01010,Stephanie Fernandez,Female,Marketing,Marketing Analyst,34174,stephanie.fernandez1010@meta.com,+91-78015-06337,Ambarnath,2025-01-04
EMP01011,Jenna Vance,Female,Marketing,Marketing Manager,18787,jenna.vance1011@meta.com,+91-65511-49736,Guntur,2025-01-17
EMP01012,Julie Dixon,Female,IT,ML engineer,45198,julie.dixon1012@meta.com,+91-92803-91231,Bharatpur,2025-06-24
EMP01013,Kathryn Bates,Female,IT,ML engineer,14922,kathryn.bates1013@meta.com,+91-93209-37896,Kottayam,2025-02-21
EMP01014,Brenda Moore,Female,IT,software engineer,27314,brenda.moore1014@meta.com,+91-83155-00377,Karawal Nagar,2025-02-10
EMP01015,Teresa Williams,Female,Research and Development,Research Analyst,16582,teresa.williams1015@meta.com,+91-97094-62009,Ahmednagar,2025-10-29
EMP01016,Arthur Wood,Male,IT,data analytics,12786,arthur.wood1016@meta.com,+91-98411-98231,Tiruppur,2025-10-19
EMP01017,Joseph Moody,Male,Research and Development,Research Scientist,40822,joseph.moody1017@meta.com,+91-77178-62468,Nandyal,2025-10-23
EMP01018,Thomas Keith,Male,Marketing,Content Marketing Manager,25591,thomas.keith1018@meta.com,+91-64638-21945,North Dumdum,2025-05-18
EMP01019,Brian Schmitt,Male,Research and Development,Research Scientist,37539,brian.schmitt1019@meta.com,+91-86494-12116,Firozabad,2025-03-03
EMP01020,Kenneth Hudson,Male,IT,software engineer,25129,kenneth.hudson1020@meta.com,+91-77761-29567,Burhanpur,2025-12-23
EMP01021,Jacob Valdez,Male,Marketing,Marketing Manager,32371,jacob.valdez1021@meta.com,+91-74161-39352,Hazaribagh,2025-12-06
EMP01022,David Kaufman,Male,Research and Development,R&D Engineer,23551,david.kaufman1022@meta.com,+91-93886-49424,Hazaribagh,2025-03-23
EMP01023,Jared Roth,Male,IT,data analytics,44359,jared.roth1023@meta.com,+91-82122-17470,Morbi,2025-08-21
EMP01024,Rebecca Eaton,Female,Marketing,Digital Marketing Specialist,39448,rebecca.eaton1024@meta.com,+91-76243-12902,Orai,2025-09-06
EMP01025,Sonia Gonzales,Female,IT,data scientist,17197,sonia.gonzales1025@meta.com,+91-87562-67705,Solapur,2025-02-24
EMP01026,Jose Campbell,Male,Marketing,Marketing Analyst,26010,jose.campbell1026@meta.com,+91-76909-36550,Gaya,2025-04-10
EMP01027,Christopher Guzman,Male,IT,ML engineer,37842,christopher.guzman1027@meta.com,+91-86214-86504,Berhampur,2025-04-11
EMP01028,Jason Rivera,Male,Marketing,Marketing Manager,32029,jason.rivera1028@meta.com,+91-84232-90051,Ongole,2025-07-30
EMP01029,Michael Mendoza,Male,IT,data analytics,37024,michael.mendoza1029@meta.com,+91-61957-22300,Bulandshahr,2025-10-28
EMP01030,Alison Williams,Female,IT,ML engineer,48576,alison.williams1030@meta.com,+91-98096-02579,Guntur,2025-05-04
EMP01031,Mark Williams,Male,Marketing,Marketing Analyst,45459,mark.williams1031@meta.com,+91-76608-82430,Pimpri-Chinchwad,2025-10-26
EMP01032,Christopher Nielsen,Male,Research and Development,Research Analyst,10006,christopher.nielsen1032@meta.com,+91-96975-17956,Khora ,2025-04-09
EMP01033,Wayne Walsh,Male,IT,data scientist,12962,wayne.walsh1033@meta.com,+91-71214-62119,Guwahati,2025-04-15
EMP01034,Claire Obrien,Female,Research and Development,Research Analyst,38299,claire.obrien1034@meta.com,+91-76813-10184,Ongole,2025-02-13
EMP01035,Christopher Greer,Male,IT,software engineer,20075,christopher.greer1035@meta.com,+91-91282-55699,Ballia,2025-10-27
EMP01036,Samantha White,Female,Marketing,Digital Marketing Specialist,48946,samantha.white1036@meta.com,+91-79467-22277,Rourkela,2025-01-11
EMP01037,Nathaniel Cooper,Male,Marketing,Marketing Analyst,34610,nathaniel.cooper1037@meta.com,+91-99816-92791,Kavali,2025-09-03
EMP01038,Leslie Hall,Female,Research and Development,R&D Project Manager,18861,leslie.hall1038@meta.com,+91-65521-95682,Mira-Bhayandar,2025-10-10
EMP01039,Brian Harris,Male,Marketing,Content Marketing Manager,45229,brian.harris1039@meta.com,+91-62311-48282,Jalgaon,2025-11-22
EMP01040,Larry Thompson,Male,Research and Development,R&D Engineer,38989,larry.thompson1040@meta.com,+91-64607-46930,Katihar,2025-01-06
EMP01041,Jonathan Wilson,Male,Research and Development,Research Scientist,11988,jonathan.wilson1041@meta.com,+91-63785-01907,Bikaner,2025-10-03
EMP01042,Stephanie Ryan,Female,IT,software engineer,19815,stephanie.ryan1042@meta.com,+91-83675-22151,Chinsurah,2025-12-09
EMP01043,Kelly Wood,Female,Marketing,SEO Specialist,44224,kelly.wood1043@meta.com,+91-61826-03040,Bettiah,2025-11-03
EMP01044,Jeffrey Mays,Male,IT,ML engineer,26096,jeffrey.mays1044@meta.com,+91-93335-54521,Eluru,2025-05-18
EMP01045,Gregory Ballard,Male,Marketing,Marketing Analyst,13211,gregory.ballard1045@meta.com,+91-83157-50442,Khandwa,2025-11-05
EMP01046,Brandi Woods,Female,Research and Development,Research Analyst,11113,brandi.woods1046@meta.com,+91-71089-82589,Gwalior,2025-01-03
EMP01047,Diane Mcdowell,Female,Research and Development,Research Analyst,21629,diane.mcdowell1047@meta.com,+91-94953-75021,Bardhaman,2025-02-03
EMP01048,Colin Fletcher,Male,Research and Development,Product Development Engineer,29343,colin.fletcher1048@meta.com,+91-75663-20871,Gangtok,2025-09-28
EMP01049,Kelly Meyer,Female,IT,software engineer,30288,kelly.meyer1049@meta.com,+91-80882-93377,Tiruppur,2025-01-22
EMP01050,Michael Stewart,Male,Marketing,Digital Marketing Specialist,34185,michael.stewart1050@meta.com,+91-85118-76437,Aligarh,2025-05-29
EMP01051,Christopher Pearson,Male,IT,software engineer,34141,christopher.pearson1051@meta.com,+91-75519-39480,Bhilwara,2025-12-19
EMP01052,Sarah Henderson,Female,IT,ML engineer,13769,sarah.henderson1052@meta.com,+91-82927-38237,Pudukkottai,2025-07-22
EMP01053,Donald Becker,Male,IT,software engineer,15902,donald.becker1053@meta.com,+91-67448-10920,Haridwar,2025-12-14
EMP01054,Juan Grant,Male,Marketing,Digital Marketing Specialist,18828,juan.grant1054@meta.com,+91-96904-00077,Uluberia,2025-09-12
EMP01055,Kristin Webb,Female,Marketing,Marketing Manager,40258,kristin.webb1055@meta.com,+91-97750-92085,Gangtok,2025-06-21
EMP01056,Haley Thornton,Female,IT,data scientist,49137,haley.thornton1056@meta.com,+91-62347-22917,Kochi,2025-08-01
EMP01057,Paul Griffin,Male,Research and Development,R&D Engineer,35674,paul.griffin1057@meta.com,+91-86380-68865,Salem,2025-02-25
EMP01058,Cindy Morales,Female,IT,data scientist,36017,cindy.morales1058@meta.com,+91-93019-18126,Jamalpur,2025-03-17
EMP01059,Lucas Cohen,Male,IT,data analytics,28023,lucas.cohen1059@meta.com,+91-83020-77159,Nanded,2025-01-22
EMP01060,Jasmine Fields,Female,Research and Development,Research Scientist,32117,jasmine.fields1060@meta.com,+91-74347-06117,Ulhasnagar,2025-01-10
EMP01061,John Burke,Male,IT,software engineer,44095,john.burke1061@meta.com,+91-73368-73609,Rajkot,2025-04-19
EMP01062,Dennis Wood,Male,IT,data scientist,26647,dennis.wood1062@meta.com,+91-83851-54845,Yamunanagar,2025-03-15
EMP01063,Timothy Morales,Male,Research and Development,Research Analyst,29031,timothy.morales1063@meta.com,+91-61357-97328,Kavali,2025-10-09
EMP01064,Anthony Ayala,Male,Marketing,Marketing Manager,23891,anthony.ayala1064@meta.com,+91-76611-36085,Shimla,2025-10-17
EMP01065,Jeffrey Harris,Male,Marketing,Marketing Analyst,47623,jeffrey.harris1065@meta.com,+91-79742-84559,Jammu,2025-08-04
EMP01066,Amanda Greene,Female,Research and Development,Research Analyst,46221,amanda.greene1066@meta.com,+91-90517-56515,Srikakulam,2025-05-31
EMP01067,Christopher Johnson,Male,Research and Development,Research Analyst,47321,christopher.johnson1067@meta.com,+91-79818-82774,Mumbai,2025-10-16
EMP01068,William Miller,Male,Marketing,Content Marketing Manager,11504,william.miller1068@meta.com,+91-91644-86125,Silchar,2025-04-27
EMP01069,Harry Foster,Male,Marketing,Content Marketing Manager,33711,harry.foster1069@meta.com,+91-78565-08203,Kadapa,2025-07-28
EMP01070,Adrian Padilla,Male,IT,data analytics,32370,adrian.padilla1070@meta.com,+91-65815-36427,Jamalpur,2025-07-15
EMP01071,Diane Gallegos,Female,Marketing,SEO Specialist,14771,diane.gallegos1071@meta.com,+91-70446-61155,Sri Ganganagar,2025-03-03
EMP01072,Tracey Hill,Female,IT,ML engineer,36127,tracey.hill1072@meta.com,+91-72735-60094,Malda,2025-04-25
EMP01073,Timothy Andrews,Male,IT,data analytics,49347,timothy.andrews1073@meta.com,+91-99391-93201,Akola,2025-11-10
EMP01074,Jennifer Rodriguez,Female,IT,software engineer,14339,jennifer.rodriguez1074@meta.com,+91-95622-68347,Ambala,2025-11-19
EMP01075,Edward Arroyo,Male,Research and Development,Product Development Engineer,36944,edward.arroyo1075@meta.com,+91-70362-84530,Siwan,2025-08-18
EMP01076,Robert Andrews,Male,Research and Development,Product Development Engineer,36977,robert.andrews1076@meta.com,+91-75350-87899,Burhanpur,2025-03-24
EMP01077,Justin Carrillo,Male,Marketing,Marketing Manager,36036,justin.carrillo1077@meta.com,+91-80122-99371,Berhampore,2025-06-26
EMP01078,Melanie Mosley,Female,IT,data analytics,45696,melanie.mosley1078@meta.com,+91-64299-60132,Ongole,2025-08-05
EMP01079,Brian Jones,Male,Research and Development,Research Analyst,18674,brian.jones1079@meta.com,+91-94531-20622,Berhampur,2025-01-26
EMP01080,Robert Gutierrez,Male,Research and Development,Research Analyst,13131,robert.gutierrez1080@meta.com,+91-78208-42046,Hazaribagh,2025-02-22
EMP01081,Kimberly Haynes,Female,Marketing,Content Marketing Manager,17096,kimberly.haynes1081@meta.com,+91-79745-90868,Kulti,2025-10-29
EMP01082,Dustin Ross,Male,IT,data scientist,27111,dustin.ross1082@meta.com,+91-91574-76248,Aurangabad,2025-10-04
EMP01083,Justin White,Male,IT,data scientist,45619,justin.white1083@meta.com,+91-84354-74756,Raichur,2025-07-26
EMP01084,Daniel Berry,Male,Marketing,SEO Specialist,14003,daniel.berry1084@meta.com,+91-98495-88073,Jhansi,2025-03-15
EMP01085,Jonathan Gonzalez,Male,Research and Development,R&D Engineer,21825,jonathan.gonzalez1085@meta.com,+91-76319-66039,Bilaspur,2025-02-23
EMP01086,Christine Harris,Female,Marketing,Content Marketing Manager,19852,christine.harris1086@meta.com,+91-65719-15979,Tadipatri,2025-10-13
EMP01087,Heather Maxwell,Female,IT,data analytics,49908,heather.maxwell1087@meta.com,+91-87891-98796,Vijayawada,2025-04-28
EMP01088,Megan Alvarado,Female,Research and Development,R&D Project Manager,26434,megan.alvarado1088@meta.com,+91-86268-65003,Hosur,2025-11-17
EMP01089,Tina Charles,Female,IT,data analytics,16007,tina.charles1089@meta.com,+91-89254-45919,Udupi,2025-08-20
EMP01090,Emily Villanueva,Female,Marketing,Marketing Manager,14160,emily.villanueva1090@meta.com,+91-94531-69571,Pallavaram,2025-03-08
EMP01091,Catherine Duran,Female,Research and Development,R&D Project Manager,22855,catherine.duran1091@meta.com,+91-99063-53162,Sikar,2025-01-27
EMP01092,Courtney Ray,Female,IT,ML engineer,35569,courtney.ray1092@meta.com,+91-97340-61817,Hajipur,2025-07-11
EMP01093,Rebecca Mendoza,Female,Marketing,Digital Marketing Specialist,44313,rebecca.mendoza1093@meta.com,+91-94318-61296,Ambala,2025-10-22
EMP01094,Hannah Dalton,Female,Marketing,Digital Marketing Specialist,22751,hannah.dalton1094@meta.com,+91-63106-35394,Berhampore,2025-06-25
EMP01095,Vanessa Wolfe,Female,IT,data scientist,36453,vanessa.wolfe1095@meta.com,+91-78257-32955,Satna,2025-07-20
EMP01096,Melissa Smith,Female,Marketing,Marketing Manager,42088,melissa.smith1096@meta.com,+91-89950-34682,Nadiad,2025-04-10
EMP01097,Lauren Nguyen,Female,Research and Development,R&D Project Manager,17862,lauren.nguyen1097@meta.com,+91-69144-05752,Gaya,2025-01-20
EMP01098,Joshua Young,Male,Marketing,Digital Marketing Specialist,35855,joshua.young1098@meta.com,+91-80218-22162,Pudukkottai,2025-08-03
EMP01099,Grace White,Female,Research and Development,R&D Project Manager,16381,grace.white1099@meta.com,+91-77430-69188,Bhagalpur,2025-05-26
EMP01100,Jason Goodwin,Male,IT,ML engineer,21621,jason.goodwin1100@meta.com,+91-93596-55687,Rewa,2025-01-04
EMP01101,Diana White,Female,Marketing,Digital Marketing Specialist,25401,diana.white1101@meta.com,+91-84895-97498,Ramgarh,2025-10-26
EMP01102,Melissa Olsen,Female,Marketing,Content Marketing Manager,38980,melissa.olsen1102@meta.com,+91-82143-37653,Noida,2025-10-29
EMP01103,Kristi Chase,Female,Marketing,Marketing Analyst,28876,kristi.chase1103@meta.com,+91-75361-06909,Ulhasnagar,2025-01-04
EMP01104,Robert Rodgers,Male,IT,data scientist,30109,robert.rodgers1104@meta.com,+91-86580-26891,Bangalore,2025-06-16
EMP01105,Cassandra Porter,Female,IT,data scientist,10365,cassandra.porter1105@meta.com,+91-83026-51138,Morbi,2025-09-26
EMP01106,Elizabeth Hart,Female,Marketing,Content Marketing Manager,42153,elizabeth.hart1106@meta.com,+91-74892-46496,Sikar,2025-03-18
EMP01107,Brett Martin,Male,IT,ML engineer,43771,brett.martin1107@meta.com,+91-79290-28781,Rohtak,2025-03-10
EMP01108,John Soto,Male,IT,data scientist,23119,john.soto1108@meta.com,+91-78666-07854,Thanjavur,2025-09-08
EMP01109,David Ward,Male,IT,data analytics,32610,david.ward1109@meta.com,+91-65747-61134,Hapur,2025-05-14
EMP01110,Alicia Martinez,Female,Research and Development,Research Analyst,41708,alicia.martinez1110@meta.com,+91-73893-65764,Gangtok,2025-12-03
EMP01111,Kenneth Banks,Male,Research and Development,Research Scientist,35722,kenneth.banks1111@meta.com,+91-65141-40617,Anantapuram,2025-04-22
EMP01112,Henry Nunez,Male,IT,ML engineer,21913,henry.nunez1112@meta.com,+91-71992-41143,Amroha,2025-10-27
EMP01113,Steve James,Male,Research and Development,Research Analyst,25484,steve.james1113@meta.com,+91-72167-25825,Madhyamgram,2025-06-07
EMP01114,Lynn Thomas,Female,Marketing,Marketing Manager,42053,lynn.thomas1114@meta.com,+91-97828-29522,Naihati,2025-09-13
EMP01115,Javier Salazar,Male,IT,data analytics,49558,javier.salazar1115@meta.com,+91-90541-36579,Madurai,2025-02-27
EMP01116,Bob Cooper,Male,Marketing,Marketing Analyst,19062,bob.cooper1116@meta.com,+91-71069-13770,Ratlam,2025-04-07
EMP01117,Matthew Page,Male,IT,software engineer,27387,matthew.page1117@meta.com,+91-96985-55327,Gopalpur,2025-12-27
EMP01118,Stacy Norman,Female,Research and Development,R&D Project Manager,33420,stacy.norman1118@meta.com,+91-72597-97800,Dharmavaram,2025-06-04
EMP01119,Joseph Cole,Male,Marketing,Marketing Manager,47530,joseph.cole1119@meta.com,+91-81081-27880,Udaipur,2025-03-18
EMP01120,Scott Martinez,Male,Research and Development,R&D Project Manager,32822,scott.martinez1120@meta.com,+91-60128-50895,Chandrapur,2025-08-29
EMP01121,Todd Haynes,Male,IT,data analytics,16090,todd.haynes1121@meta.com,+91-61011-21674,Bhagalpur,2025-08-27
EMP01122,Christopher Garcia,Male,IT,software engineer,49704,christopher.garcia1122@meta.com,+91-61319-06013,Bhalswa Jahangir Pur,2025-09-28
EMP01123,Kimberly Johnson,Female,IT,data scientist,24030,kimberly.johnson1123@meta.com,+91-62132-01663,Loni,2025-09-24
EMP01124,Phillip Miller,Male,IT,ML engineer,21543,phillip.miller1124@meta.com,+91-60053-59853,Tadipatri,2025-03-10
EMP01125,Christopher Pena,Male,Research and Development,Research Analyst,34613,christopher.pena1125@meta.com,+91-70818-93378,Tirupati,2025-12-02
EMP01126,Dave Rojas,Male,IT,ML engineer,18401,dave.rojas1126@meta.com,+91-98724-11955,Cuttack,2025-07-18
EMP01127,Bonnie Roberson,Female,IT,data scientist,11772,bonnie.roberson1127@meta.com,+91-89870-99431,Visakhapatnam,2025-04-29
EMP01128,Mary Dalton,Female,Marketing,Marketing Manager,20902,mary.dalton1128@meta.com,+91-64704-54185,Fatehpur,2025-02-24
EMP01129,Julie Pitts,Female,Marketing,Marketing Analyst,20393,julie.pitts1129@meta.com,+91-62722-16944,Motihari,2025-11-24
EMP01130,Jill Montes,Female,Marketing,SEO Specialist,30202,jill.montes1130@meta.com,+91-63573-28928,Gudivada,2025-03-12
EMP01131,Linda Welch,Female,Marketing,SEO Specialist,10179,linda.welch1131@meta.com,+91-60017-12874,Loni,2025-04-28
EMP01132,Mark Ferguson,Male,Marketing,SEO Specialist,28099,mark.ferguson1132@meta.com,+91-64400-07315,Ongole,2025-02-25
EMP01133,Kimberly Ballard,Female,Research and Development,Research Scientist,40373,kimberly.ballard1133@meta.com,+91-61042-42008,Aizawl,2025-07-04
EMP01134,Holly Green,Female,Marketing,Marketing Analyst,23074,holly.green1134@meta.com,+91-91705-15534,Hyderabad,2025-08-08
EMP01135,April Ochoa,Female,Marketing,Marketing Manager,23406,april.ochoa1135@meta.com,+91-65398-76189,Hapur,2025-05-11
EMP01136,Donna Nichols,Female,Marketing,SEO Specialist,19759,donna.nichols1136@meta.com,+91-63021-80024,Morena,2025-02-21
EMP01137,Elizabeth Cannon,Female,Marketing,Content Marketing Manager,11634,elizabeth.cannon1137@meta.com,+91-67056-12065,Kavali,2025-10-06
EMP01138,David Smith,Male,Research and Development,R&D Project Manager,27665,david.smith1138@meta.com,+91-63673-12605,Maheshtala,2025-11-28
EMP01139,Jennifer Castro,Female,Marketing,Content Marketing Manager,44680,jennifer.castro1139@meta.com,+91-96615-68352,Kulti,2025-07-30
EMP01140,Carla Mclaughlin,Female,IT,data scientist,24174,carla.mclaughlin1140@meta.com,+91-92042-21317,Burhanpur,2025-09-21
EMP01141,Connie Miller,Female,Research and Development,R&D Project Manager,17467,connie.miller1141@meta.com,+91-98082-88912,Hazaribagh,2025-01-27
EMP01142,Pamela Kent,Female,Research and Development,R&D Engineer,16926,pamela.kent1142@meta.com,+91-64866-66289,Anantapuram,2025-10-07
EMP01143,Matthew Patel,Male,IT,ML engineer,47457,matthew.patel1143@meta.com,+91-99804-08552,Haridwar,2025-12-05
EMP01144,Cole Jones,Male,IT,data analytics,27041,cole.jones1144@meta.com,+91-85119-85729,Ramagundam,2025-09-17
EMP01145,Ashley Gibson,Female,Marketing,Marketing Manager,45330,ashley.gibson1145@meta.com,+91-70054-36811,Darbhanga,2025-10-16
EMP01146,Michael Vasquez,Male,Marketing,Content Marketing Manager,36426,michael.vasquez1146@meta.com,+91-67695-48216,Surat,2025-10-14
EMP01147,Christian Booker,Male,Marketing,SEO Specialist,47918,christian.booker1147@meta.com,+91-96003-72774,Gaya,2025-07-01
EMP01148,Valerie Campbell,Female,IT,data analytics,46165,valerie.campbell1148@meta.com,+91-71286-53319,Bahraich,2025-10-25
EMP01149,Monica Hall,Female,IT,ML engineer,12960,monica.hall1149@meta.com,+91-97263-22604,Kanpur,2025-06-09
EMP01150,Johnny Peterson,Male,IT,data analytics,10761,johnny.peterson1150@meta.com,+91-75119-37845,Panchkula,2025-03-06
EMP01151,Zachary Ford,Male,Research and Development,R&D Project Manager,24549,zachary.ford1151@meta.com,+91-85556-81249,Bathinda,2025-09-27
EMP01152,Angela Christensen,Female,Research and Development,R&D Project Manager,14466,angela.christensen1152@meta.com,+91-90800-91892,Pimpri-Chinchwad,2025-12-05
EMP01153,Derek Long,Male,IT,data analytics,17075,derek.long1153@meta.com,+91-72783-90250,Bokaro,2025-06-20
EMP01154,Corey Skinner,Male,IT,ML engineer,28246,corey.skinner1154@meta.com,+91-84264-68627,Ahmedabad,2025-08-02
EMP01155,Barbara Tate,Female,IT,data analytics,41735,barbara.tate1155@meta.com,+91-67125-76597,Kharagpur,2025-07-25
EMP01156,Patricia Ramos,Female,Research and Development,R&D Engineer,16350,patricia.ramos1156@meta.com,+91-80259-78696,Davanagere,2025-05-16
EMP01157,Julia Wise,Female,Research and Development,R&D Project Manager,26316,julia.wise1157@meta.com,+91-96535-56835,Bhalswa Jahangir Pur,2025-06-10
EMP01158,James Ali,Male,IT,software engineer,18832,james.ali1158@meta.com,+91-70643-63630,Kozhikode,2025-02-10
EMP01159,Lori Williams,Female,Research and Development,Research Scientist,24881,lori.williams1159@meta.com,+91-92347-15230,Nizamabad,2025-09-06
EMP01160,John Evans,Male,IT,software engineer,48936,john.evans1160@meta.com,+91-88292-09962,Faridabad,2025-10-13
EMP01161,Sharon Robinson,Female,Marketing,SEO Specialist,36899,sharon.robinson1161@meta.com,+91-63418-93844,Noida,2025-10-03
EMP01162,Mark Nguyen,Male,Research and Development,Product Development Engineer,30219,mark.nguyen1162@meta.com,+91-89156-42724,Bally,2025-07-15
EMP01163,Kevin Foster,Male,Research and Development,R&D Engineer,37442,kevin.foster1163@meta.com,+91-87033-62066,Bangalore,2025-03-24
EMP01164,Wayne Perkins,Male,IT,data scientist,19971,wayne.perkins1164@meta.com,+91-81749-46313,Kavali,2025-02-04
EMP01165,Brittney Townsend,Female,IT,software engineer,15181,brittney.townsend1165@meta.com,+91-72909-88276,Sangli-Miraj & Kupwad,2025-01-31
EMP01166,Jonathan Parks,Male,Research and Development,Research Scientist,17100,jonathan.parks1166@meta.com,+91-95944-51058,Allahabad,2025-07-03
EMP01167,Amy Newman,Female,IT,ML engineer,39236,amy.newman1167@meta.com,+91-79421-80790,Cuttack,2025-09-28
EMP01168,Katherine Stewart,Female,IT,data analytics,32423,katherine.stewart1168@meta.com,+91-74678-54381,Bahraich,2025-05-16
EMP01169,Nicholas Smith,Male,Marketing,Digital Marketing Specialist,18087,nicholas.smith1169@meta.com,+91-75837-90643,Secunderabad,2025-07-08
EMP01170,Misty King,Female,Research and Development,Product Development Engineer,32186,misty.king1170@meta.com,+91-78801-19925,Shivpuri,2025-09-09
EMP01171,Michael Hansen,Male,Marketing,SEO Specialist,36092,michael.hansen1171@meta.com,+91-72267-40853,Jhansi,2025-03-28
EMP01172,Keith Stephens,Male,Marketing,Marketing Analyst,10826,keith.stephens1172@meta.com,+91-68079-82713,Bhind,2025-04-28
EMP01173,Denise Guerra,Female,Research and Development,R&D Project Manager,42967,denise.guerra1173@meta.com,+91-72832-30976,Coimbatore,2025-02-23
EMP01174,Joseph Cole,Male,Research and Development,Product Development Engineer,38871,joseph.cole1174@meta.com,+91-95504-92263,Hosur,2025-05-15
EMP01175,Holly Smith,Female,IT,data scientist,45067,holly.smith1175@meta.com,+91-86464-71669,Udaipur,2025-12-09
EMP01176,Sonya Harvey,Female,IT,software engineer,19639,sonya.harvey1176@meta.com,+91-99525-36595,Udupi,2025-03-21
EMP01177,David Le,Male,Marketing,Marketing Analyst,41538,david.le1177@meta.com,+91-78186-22889,Jhansi,2025-10-04
EMP01178,Kelly Jimenez,Female,Research and Development,Research Analyst,21470,kelly.jimenez1178@meta.com,+91-81252-45271,Pudukkottai,2025-02-27
EMP01179,Diane Ortiz,Female,IT,data analytics,20296,diane.ortiz1179@meta.com,+91-79550-59118,Bhubaneswar,2025-01-08
EMP01180,Brent Hopkins,Male,IT,data scientist,10138,brent.hopkins1180@meta.com,+91-60543-00858,Bikaner,2025-12-13
EMP01181,Cassandra Johnson,Female,Research and Development,Product Development Engineer,17975,cassandra.johnson1181@meta.com,+91-65813-00782,Shivpuri,2025-06-13
EMP01182,Corey Johnson,Male,Research and Development,Research Scientist,48642,corey.johnson1182@meta.com,+91-67277-51349,Unnao,2025-06-11
EMP01183,Joseph Miles,Male,IT,software engineer,23012,joseph.miles1183@meta.com,+91-64790-82373,Dhanbad,2025-02-08
EMP01184,Holly Obrien,Female,IT,software engineer,38567,holly.obrien1184@meta.com,+91-99640-06920,Ahmedabad,2025-02-16
EMP01185,Timothy Clark,Male,Marketing,Marketing Manager,39295,timothy.clark1185@meta.com,+91-81695-74507,Vijayawada,2025-04-10
EMP01186,Julie Fowler,Female,Marketing,Content Marketing Manager,23258,julie.fowler1186@meta.com,+91-85375-43402,Proddatur,2025-08-10
EMP01187,Patrick Zamora,Male,Marketing,Content Marketing Manager,41804,patrick.zamora1187@meta.com,+91-63351-40436,Howrah,2025-05-02
EMP01188,Rodney Baker,Male,IT,software engineer,18696,rodney.baker1188@meta.com,+91-98738-65810,Madurai,2025-02-10
EMP01189,Ruben Miller,Male,Research and Development,Research Analyst,19122,ruben.miller1189@meta.com,+91-67359-14207,Kadapa,2025-09-07
EMP01190,Anne Hardy,Female,Marketing,Content Marketing Manager,22116,anne.hardy1190@meta.com,+91-60685-26594,Jhansi,2025-04-01
EMP01191,Corey Sandoval,Male,IT,data analytics,31906,corey.sandoval1191@meta.com,+91-64889-27218,Proddatur,2025-06-27
EMP01192,Nicole Perry,Female,Marketing,SEO Specialist,12973,nicole.perry1192@meta.com,+91-84505-18405,Gangtok,2025-01-26
EMP01193,Hunter Ellis,Male,Research and Development,Product Development Engineer,24388,hunter.ellis1193@meta.com,+91-84942-18411,Vasai-Virar,2025-10-14
EMP01194,Carol White,Female,Research and Development,Research Analyst,10331,carol.white1194@meta.com,+91-60598-16721,Dibrugarh,2025-08-03
EMP01195,George Moore,Male,Marketing,Content Marketing Manager,34454,george.moore1195@meta.com,+91-64035-69059,Nagercoil,2025-11-09
EMP01196,Steven Pierce,Male,Marketing,Marketing Manager,15647,steven.pierce1196@meta.com,+91-81087-28705,Serampore,2025-04-13
EMP01197,Jason Schultz,Male,IT,data analytics,14645,jason.schultz1197@meta.com,+91-95604-98685,Narasaraopet,2025-06-09
EMP01198,Cynthia Gardner,Female,Research and Development,Research Analyst,24876,cynthia.gardner1198@meta.com,+91-77545-28352,Jamalpur,2025-08-30
EMP01199,Timothy King,Male,Marketing,Marketing Manager,43729,timothy.king1199@meta.com,+91-79235-27703,Sultan Pur Majra,2025-03-20
EMP01200,Toni Smith,Female,Research and Development,R&D Project Manager,36429,toni.smith1200@meta.com,+91-76082-87327,Anantapuram,2025-05-04
EMP01201,Linda Holmes,Female,IT,data analytics,44730,linda.holmes1201@meta.com,+91-64250-41599,Chennai,2025-06-03
EMP01202,Eric Walker,Male,Research and Development,Research Analyst,21591,eric.walker1202@meta.com,+91-88399-92953,Lucknow,2025-01-28
EMP01203,Patricia Harding,Female,Marketing,Marketing Analyst,13284,patricia.harding1203@meta.com,+91-93633-32185,Begusarai,2025-10-04
EMP01204,Kayla Duncan,Female,Marketing,Marketing Manager,12785,kayla.duncan1204@meta.com,+91-96309-12994,Bareilly,2025-09-17
EMP01205,Amanda Kelly,Female,IT,software engineer,19327,amanda.kelly1205@meta.com,+91-88743-61646,Bilaspur,2025-04-30
EMP01206,Holly Perkins,Female,Marketing,Marketing Manager,21608,holly.perkins1206@meta.com,+91-68619-79390,Bardhaman,2025-08-02
EMP01207,Robert Davis,Male,IT,ML engineer,17274,robert.davis1207@meta.com,+91-82718-96626,Jehanabad,2025-11-13
EMP01208,Tabitha Navarro,Female,IT,data analytics,28515,tabitha.navarro1208@meta.com,+91-69477-84597,Karawal Nagar,2025-10-30
EMP01209,Carrie Petersen,Female,Research and Development,Research Scientist,25112,carrie.petersen1209@meta.com,+91-60926-23728,Hindupur,2025-03-02
EMP01210,Martin Johnson,Male,Marketing,Marketing Analyst,18261,martin.johnson1210@meta.com,+91-68456-70569,Vijayawada,2025-04-24
EMP01211,Penny Weeks,Female,Research and Development,R&D Project Manager,21420,penny.weeks1211@meta.com,+91-83796-30304,Karnal,2025-09-07
EMP01212,Shawn Hamilton,Male,Research and Development,Research Scientist,36069,shawn.hamilton1212@meta.com,+91-99950-34278,Ambattur,2025-09-03
EMP01213,Nicole Atkinson,Female,Research and Development,R&D Engineer,24274,nicole.atkinson1213@meta.com,+91-75259-32043,Eluru,2025-03-22
EMP01214,Amy Warren,Female,Marketing,Marketing Manager,24284,amy.warren1214@meta.com,+91-76802-32811,Panvel,2025-10-03
EMP01215,Krystal Murphy,Female,IT,software engineer,22240,krystal.murphy1215@meta.com,+91-72230-07568,Jamnagar,2025-12-13
EMP01216,Anthony Dennis,Male,Marketing,Digital Marketing Specialist,10368,anthony.dennis1216@meta.com,+91-95219-03219,Amroha,2025-05-25
EMP01217,Nicole Johnston,Female,Marketing,Marketing Analyst,46868,nicole.johnston1217@meta.com,+91-93511-77332,Korba,2025-05-04
EMP01218,Jessica Hartman,Female,Research and Development,R&D Engineer,10555,jessica.hartman1218@meta.com,+91-74312-98619,Mira-Bhayandar,2025-02-28
EMP01219,George Alvarez,Male,Marketing,Digital Marketing Specialist,24788,george.alvarez1219@meta.com,+91-61490-77139,Motihari,2025-03-05
EMP01220,Jennifer Miller,Female,Research and Development,Research Scientist,33988,jennifer.miller1220@meta.com,+91-64752-35053,Bikaner,2025-08-26
EMP01221,Pamela Castillo,Female,IT,software engineer,35016,pamela.castillo1221@meta.com,+91-67779-47680,Morbi,2025-07-12
EMP01222,James Duncan,Male,Research and Development,R&D Project Manager,41430,james.duncan1222@meta.com,+91-78293-00517,Latur,2025-03-25
EMP01223,Benjamin Frank,Male,IT,data scientist,46123,benjamin.frank1223@meta.com,+91-76568-26122,Ramgarh,2025-09-07
EMP01224,Ann Powers,Female,Research and Development,R&D Engineer,18629,ann.powers1224@meta.com,+91-60995-77677,Ambarnath,2025-03-07
EMP01225,Gregory Flores,Male,Research and Development,R&D Engineer,13323,gregory.flores1225@meta.com,+91-89621-74818,Farrukhabad,2025-05-05
EMP01226,Caroline Bailey,Female,Research and Development,R&D Engineer,12715,caroline.bailey1226@meta.com,+91-75484-30907,Ulhasnagar,2025-11-01
EMP01227,Jeremiah Glass,Male,Marketing,SEO Specialist,40120,jeremiah.glass1227@meta.com,+91-83562-76690,Kollam,2025-12-16
EMP01228,Michael Moore,Male,Marketing,Marketing Analyst,34780,michael.moore1228@meta.com,+91-68175-17287,Gorakhpur,2025-05-22
EMP01229,Patrick Sanchez,Male,Research and Development,Product Development Engineer,35682,patrick.sanchez1229@meta.com,+91-71089-40048,Tumkur,2025-08-02
EMP01230,Alexis Benson,Female,Marketing,Marketing Manager,35111,alexis.benson1230@meta.com,+91-77905-33327,Farrukhabad,2025-05-11
EMP01231,Joanna Johnson,Female,Research and Development,Research Scientist,38899,joanna.johnson1231@meta.com,+91-93137-75336,Siwan,2025-03-27
EMP01232,Christy Payne,Female,IT,data scientist,21071,christy.payne1232@meta.com,+91-91812-12418,Motihari,2025-06-25
EMP01233,Karen Blair,Female,Marketing,Digital Marketing Specialist,16646,karen.blair1233@meta.com,+91-65499-67912,Surat,2025-06-09
EMP01234,James Escobar,Male,Research and Development,R&D Project Manager,47414,james.escobar1234@meta.com,+91-92232-19999,Rohtak,2025-04-06
EMP01235,Carolyn Campbell,Female,Research and Development,Research Scientist,33899,carolyn.campbell1235@meta.com,+91-72228-82088,Meerut,2025-09-28
EMP01236,Julie Landry,Female,Marketing,Marketing Manager,34501,julie.landry1236@meta.com,+91-83479-52345,Munger,2025-05-18
EMP01237,Mary Alvarado,Female,IT,ML engineer,25723,mary.alvarado1237@meta.com,+91-93483-95590,Moradabad,2025-04-17
EMP01238,Alicia Dillon,Female,IT,software engineer,21605,alicia.dillon1238@meta.com,+91-82060-38695,Ahmednagar,2025-06-24
EMP01239,William Romero,Male,Marketing,Content Marketing Manager,19345,william.romero1239@meta.com,+91-87333-41908,Satna,2025-05-22
EMP01240,John Harper,Male,IT,ML engineer,48568,john.harper1240@meta.com,+91-62392-99652,Gaya,2025-03-22
EMP01241,Christina Rasmussen,Female,IT,ML engineer,30757,christina.rasmussen1241@meta.com,+91-82844-64199,Thane,2025-01-16
EMP01242,David Moreno,Male,Marketing,Content Marketing Manager,33348,david.moreno1242@meta.com,+91-71135-09213,Unnao,2025-12-03
EMP01243,Jennifer Moore,Female,Research and Development,R&D Engineer,38373,jennifer.moore1243@meta.com,+91-92866-04616,Nagercoil,2025-12-13
EMP01244,Henry Turner,Male,Research and Development,R&D Project Manager,36930,henry.turner1244@meta.com,+91-88824-45431,Ghaziabad,2025-08-28
EMP01245,Mario Johns,Male,IT,ML engineer,14059,mario.johns1245@meta.com,+91-69631-45093,Miryalaguda,2025-09-23
EMP01246,Travis Perez,Male,IT,software engineer,19960,travis.perez1246@meta.com,+91-98113-36910,Singrauli,2025-06-04
EMP01247,Matthew Miller,Male,Research and Development,Research Scientist,24261,matthew.miller1247@meta.com,+91-95609-91163,Saharsa,2025-03-20
EMP01248,Toni Salazar,Female,IT,software engineer,49382,toni.salazar1248@meta.com,+91-75642-13688,Erode,2025-12-16
EMP01249,David Hernandez,Male,IT,data scientist,21074,david.hernandez1249@meta.com,+91-76746-15603,Mahbubnagar,2025-08-31
EMP01250,Gary Daniels,Male,Marketing,Digital Marketing Specialist,18467,gary.daniels1250@meta.com,+91-74030-39545,Durgapur,2025-07-19
EMP01251,Lauren Sutton,Female,IT,data scientist,23100,lauren.sutton1251@meta.com,+91-90013-38858,Durgapur,2025-10-13
EMP01252,Eric Thornton,Male,Research and Development,Research Scientist,42308,eric.thornton1252@meta.com,+91-99752-42421,Chinsurah,2025-04-21
EMP01253,Zachary Daugherty,Male,IT,data scientist,43315,zachary.daugherty1253@meta.com,+91-66729-39857,Buxar,2025-12-07
EMP01254,Thomas Stewart,Male,IT,ML engineer,36543,thomas.stewart1254@meta.com,+91-63869-26928,Udaipur,2025-09-03
EMP01255,Evan Hobbs,Male,IT,software engineer,44837,evan.hobbs1255@meta.com,+91-62641-24389,Imphal,2025-03-04
EMP01256,Sheryl Gutierrez,Female,IT,software engineer,14701,sheryl.gutierrez1256@meta.com,+91-77165-23576,Avadi,2025-07-17
EMP01257,Jeremy Peck,Male,Marketing,Marketing Analyst,41204,jeremy.peck1257@meta.com,+91-63201-60092,Saharanpur,2025-02-09
EMP01258,Peggy Rodriguez,Female,Marketing,SEO Specialist,27800,peggy.rodriguez1258@meta.com,+91-65653-95448,Indore,2025-01-31
EMP01259,Pamela Salazar,Female,IT,data scientist,11190,pamela.salazar1259@meta.com,+91-81960-84161,Medininagar,2025-02-07
EMP01260,Keith Hall,Male,Research and Development,R&D Engineer,38180,keith.hall1260@meta.com,+91-94540-94048,Ahmednagar,2025-04-29
EMP01261,Michael Howard,Male,Research and Development,R&D Engineer,18641,michael.howard1261@meta.com,+91-96609-69545,Guntur,2025-06-30
EMP01262,Jonathan Jacobs,Male,Research and Development,R&D Engineer,47464,jonathan.jacobs1262@meta.com,+91-82663-30575,Udaipur,2025-06-21
EMP01263,Samuel Henry,Male,IT,software engineer,19485,samuel.henry1263@meta.com,+91-61530-38226,Ujjain,2025-05-26
EMP01264,Cheryl Johnson,Female,IT,software engineer,10078,cheryl.johnson1264@meta.com,+91-74533-64455,Gopalpur,2025-06-08
EMP01265,Travis Walker,Male,Marketing,Digital Marketing Specialist,35274,travis.walker1265@meta.com,+91-84923-02321,Kurnool,2025-10-29
EMP01266,Andrea Ho,Female,Marketing,Content Marketing Manager,37959,andrea.ho1266@meta.com,+91-79416-61622,Tadepalligudem,2025-12-22
EMP01267,Katherine Nguyen,Female,Research and Development,Product Development Engineer,10521,katherine.nguyen1267@meta.com,+91-73154-64203,Shahjahanpur,2025-05-29
EMP01268,Jessica Parsons,Female,Research and Development,Product Development Engineer,32851,jessica.parsons1268@meta.com,+91-84423-29973,Satara,2025-05-12
EMP01269,James Crosby,Male,Marketing,Content Marketing Manager,17950,james.crosby1269@meta.com,+91-95626-89252,Saharsa,2025-10-22
EMP01270,Ashley Bryant,Female,Marketing,Marketing Analyst,11125,ashley.bryant1270@meta.com,+91-71034-64996,Sambalpur,2025-09-30
EMP01271,Kelly Foster,Female,IT,data scientist,20334,kelly.foster1271@meta.com,+91-69974-01874,Proddatur,2025-06-04
EMP01272,Jasmine Hubbard,Female,IT,ML engineer,37053,jasmine.hubbard1272@meta.com,+91-83817-00358,Jhansi,2025-07-15
EMP01273,Eddie Sanders,Male,IT,data scientist,47130,eddie.sanders1273@meta.com,+91-68173-11748,Baranagar,2025-07-02
EMP01274,Julia Henderson,Female,IT,ML engineer,48164,julia.henderson1274@meta.com,+91-86895-48969,Hazaribagh,2025-05-14
EMP01275,Stephanie Ford,Female,Research and Development,Research Analyst,22396,stephanie.ford1275@meta.com,+91-86320-95028,Mysore,2025-04-08
EMP01276,Miranda Wilson,Female,IT,data scientist,12194,miranda.wilson1276@meta.com,+91-71414-60245,Singrauli,2025-09-16
EMP01277,Jennifer Hayes,Female,Research and Development,Research Scientist,12141,jennifer.hayes1277@meta.com,+91-87852-79180,Malda,2025-12-06
EMP01278,Leslie Marquez,Female,Marketing,Marketing Analyst,14221,leslie.marquez1278@meta.com,+91-92938-02789,Malda,2025-03-25
EMP01279,Brandon Nguyen,Male,Research and Development,R&D Project Manager,28371,brandon.nguyen1279@meta.com,+91-93177-77119,Amravati,2025-11-16
EMP01280,Brandon Mccarthy,Male,IT,data scientist,11064,brandon.mccarthy1280@meta.com,+91-73512-00144,Guwahati,2025-12-21
EMP01281,Joseph Cruz,Male,Research and Development,Product Development Engineer,39903,joseph.cruz1281@meta.com,+91-89081-46738,Burhanpur,2025-01-30
EMP01282,Joshua Williams,Male,Marketing,Marketing Analyst,23802,joshua.williams1282@meta.com,+91-60997-52422,Thanjavur,2025-03-09
EMP01283,Keith Keller,Male,IT,ML engineer,40045,keith.keller1283@meta.com,+91-69787-90411,Ujjain,2025-03-09
EMP01284,Sheila White,Female,IT,ML engineer,13833,sheila.white1284@meta.com,+91-98792-84719,Gurgaon,2025-11-25
EMP01285,Elizabeth Cross,Female,Marketing,Marketing Analyst,37126,elizabeth.cross1285@meta.com,+91-66891-23628,Tumkur,2025-08-14
EMP01286,Mark Wilson,Male,Research and Development,Product Development Engineer,19721,mark.wilson1286@meta.com,+91-85913-09733,Panihati,2025-10-01
EMP01287,April Cannon,Female,Research and Development,Research Analyst,43235,april.cannon1287@meta.com,+91-79464-70110,Berhampore,2025-01-25
EMP01288,Jonathan Jimenez,Male,Research and Development,Product Development Engineer,43653,jonathan.jimenez1288@meta.com,+91-62364-96688,Narasaraopet,2025-08-21
EMP01289,Stephen Young,Male,Marketing,Marketing Analyst,12362,stephen.young1289@meta.com,+91-75356-23578,Malda,2025-02-26
EMP01290,Jennifer Miller,Female,IT,data scientist,21501,jennifer.miller1290@meta.com,+91-79972-51081,Sambalpur,2025-02-27
EMP01291,Sonia Ramirez,Female,IT,data analytics,31004,sonia.ramirez1291@meta.com,+91-85681-17682,Dhanbad,2025-05-29
EMP01292,Cathy Brown,Female,Marketing,SEO Specialist,11213,cathy.brown1292@meta.com,+91-85555-32018,Vadodara,2025-11-11
EMP01293,Brianna Johnson,Female,Research and Development,Research Analyst,14677,brianna.johnson1293@meta.com,+91-81646-93629,Bathinda,2025-11-03
EMP01294,Tami Williams,Female,Marketing,Digital Marketing Specialist,27564,tami.williams1294@meta.com,+91-74431-95003,Mangalore,2025-10-05
EMP01295,Christopher Mitchell,Male,IT,data scientist,11820,christopher.mitchell1295@meta.com,+91-85912-09972,Sirsa,2025-03-19
EMP01296,Nicole Ward,Female,Marketing,Content Marketing Manager,36360,nicole.ward1296@meta.com,+91-74471-48769,Tiruchirappalli,2025-01-22
EMP01297,Patricia Morris,Female,Marketing,Marketing Manager,31969,patricia.morris1297@meta.com,+91-86063-17258,Jabalpur,2025-01-23
EMP01298,Olivia Bridges,Female,Research and Development,R&D Project Manager,24709,olivia.bridges1298@meta.com,+91-70611-91075,Jalna,2025-02-27
EMP01299,Kaitlin Martinez,Female,Research and Development,R&D Engineer,38537,kaitlin.martinez1299@meta.com,+91-95920-71350,Ozhukarai,2025-06-08
EMP01300,Kelsey Warren,Female,IT,software engineer,12790,kelsey.warren1300@meta.com,+91-91994-64857,Pudukkottai,2025-07-18
EMP01301,Amy Duncan,Female,Marketing,SEO Specialist,30368,amy.duncan1301@meta.com,+91-65726-11981,Karawal Nagar,2025-04-09
EMP01302,Nathaniel Jacobs,Male,IT,ML engineer,14191,nathaniel.jacobs1302@meta.com,+91-62657-17995,Purnia,2025-12-25
EMP01303,Lee Stewart,Male,IT,data analytics,39262,lee.stewart1303@meta.com,+91-78469-26016,Bikaner,2025-02-26
EMP01304,Lucas Crawford,Male,IT,data scientist,38310,lucas.crawford1304@meta.com,+91-94777-03113,Kumbakonam,2025-10-06
EMP01305,Rhonda Stephenson,Female,IT,software engineer,10252,rhonda.stephenson1305@meta.com,+91-86312-52795,Ramagundam,2025-03-24
EMP01306,Veronica Smith,Female,Research and Development,R&D Engineer,46998,veronica.smith1306@meta.com,+91-60361-44228,Kirari Suleman Nagar,2025-04-16
EMP01307,Lori Wilson,Female,Research and Development,R&D Engineer,24056,lori.wilson1307@meta.com,+91-94756-89977,Tadepalligudem,2025-04-01
EMP01308,Yvonne Gutierrez,Female,Marketing,Marketing Manager,26241,yvonne.gutierrez1308@meta.com,+91-95919-16722,Etawah,2025-11-08
EMP01309,Justin Walsh,Male,IT,data scientist,32893,justin.walsh1309@meta.com,+91-74685-39774,Panihati,2025-09-04
EMP01310,Melissa King,Female,Marketing,Marketing Manager,12847,melissa.king1310@meta.com,+91-97781-69588,Aizawl,2025-05-07
EMP01311,Eric Pierce,Male,Research and Development,R&D Engineer,40611,eric.pierce1311@meta.com,+91-99196-35552,Raipur,2025-12-21
EMP01312,Melissa Peterson,Female,Marketing,SEO Specialist,21678,melissa.peterson1312@meta.com,+91-69813-39331,Akola,2025-07-01
EMP01313,Cory Bass,Male,IT,ML engineer,39374,cory.bass1313@meta.com,+91-73559-32246,Bhalswa Jahangir Pur,2025-08-16
EMP01314,Rebecca Brewer,Female,IT,software engineer,39166,rebecca.brewer1314@meta.com,+91-86164-93753,Bhatpara,2025-01-12
EMP01315,Mark Mcclain,Male,Research and Development,R&D Project Manager,39968,mark.mcclain1315@meta.com,+91-86456-82291,Surendranagar Dudhrej,2025-11-08
EMP01316,Rachel Gutierrez,Female,IT,data analytics,40280,rachel.gutierrez1316@meta.com,+91-72493-35813,Saharsa,2025-10-27
EMP01317,Edwin Hardy,Male,Marketing,Marketing Analyst,30711,edwin.hardy1317@meta.com,+91-67168-83189,Miryalaguda,2025-03-25
EMP01318,Kimberly Clark,Female,IT,data analytics,12561,kimberly.clark1318@meta.com,+91-94590-52831,Raichur,2025-04-24
EMP01319,Austin Hernandez,Male,Research and Development,R&D Project Manager,47560,austin.hernandez1319@meta.com,+91-78833-85672,Sonipat,2025-02-24
EMP01320,Victoria Sims,Female,Marketing,Digital Marketing Specialist,10954,victoria.sims1320@meta.com,+91-79430-00336,Aurangabad,2025-02-22
EMP01321,Lisa Lopez,Female,Research and Development,R&D Engineer,11132,lisa.lopez1321@meta.com,+91-83025-89682,Aizawl,2025-08-18
EMP01322,Michael Edwards,Male,Research and Development,Product Development Engineer,11278,michael.edwards1322@meta.com,+91-65188-06236,Darbhanga,2025-01-25
EMP01323,Jason Crawford,Male,Marketing,Marketing Analyst,29858,jason.crawford1323@meta.com,+91-81504-69598,Serampore,2025-07-11
EMP01324,Jesse Sampson,Male,Marketing,Marketing Manager,34761,jesse.sampson1324@meta.com,+91-77133-58197,Loni,2025-04-05
EMP01325,Eric Rodriguez,Male,IT,software engineer,31743,eric.rodriguez1325@meta.com,+91-72664-04435,Panihati,2025-12-17
EMP01326,Susan Wallace,Female,Marketing,Content Marketing Manager,24603,susan.wallace1326@meta.com,+91-93082-20892,Karawal Nagar,2025-06-28
EMP01327,Taylor Moore,Male,IT,data scientist,49055,taylor.moore1327@meta.com,+91-60211-08972,Karawal Nagar,2025-11-24
EMP01328,Nicholas Mills,Male,Research and Development,Product Development Engineer,42417,nicholas.mills1328@meta.com,+91-74267-65733,Asansol,2025-04-03
EMP01329,Patricia Garcia,Female,IT,ML engineer,19171,patricia.garcia1329@meta.com,+91-81154-64095,Tiruppur,2025-11-23
EMP01330,Nathaniel Stevens,Male,Marketing,Marketing Analyst,49274,nathaniel.stevens1330@meta.com,+91-62422-32728,Kolkata,2025-06-01
EMP01331,Eric Williams,Male,Marketing,Marketing Manager,33357,eric.williams1331@meta.com,+91-87942-86025,Thoothukudi,2025-01-16
EMP01332,John Williams,Male,IT,software engineer,44724,john.williams1332@meta.com,+91-74802-85619,Lucknow,2025-09-20
EMP01333,Laura Collins,Female,Research and Development,R&D Project Manager,21474,laura.collins1333@meta.com,+91-63151-25163,Pondicherry,2025-03-04
EMP01334,Christina Mitchell,Female,Research and Development,Research Analyst,36777,christina.mitchell1334@meta.com,+91-88232-87058,Gandhidham,2025-07-02
EMP01335,Megan Nelson,Female,Research and Development,Product Development Engineer,22320,megan.nelson1335@meta.com,+91-82304-79539,Panipat,2025-06-08
EMP01336,Brian Mullen,Male,IT,data analytics,18949,brian.mullen1336@meta.com,+91-88649-36576,Tiruppur,2025-02-27
EMP01337,Joshua Dunn,Male,Research and Development,R&D Project Manager,46313,joshua.dunn1337@meta.com,+91-84552-97175,Ajmer,2025-07-29
EMP01338,Terri Brock,Female,Marketing,Digital Marketing Specialist,29320,terri.brock1338@meta.com,+91-92972-79675,Tirunelveli,2025-08-13
EMP01339,Benjamin Austin,Male,Research and Development,Research Analyst,42130,benjamin.austin1339@meta.com,+91-86571-51510,Panvel,2025-10-26
EMP01340,Jill Anderson,Female,Research and Development,R&D Project Manager,49924,jill.anderson1340@meta.com,+91-68256-94003,Dhanbad,2025-10-25
EMP01341,Ashley Brown,Female,Marketing,Marketing Analyst,16480,ashley.brown1341@meta.com,+91-87248-53507,Katni,2025-11-23
EMP01342,Christopher Carlson,Male,IT,ML engineer,38469,christopher.carlson1342@meta.com,+91-67569-80930,Tadepalligudem,2025-01-12
EMP01343,Henry Cook,Male,IT,data analytics,40671,henry.cook1343@meta.com,+91-63189-52708,Deoghar,2025-06-10
EMP01344,Blake Livingston,Male,Research and Development,Product Development Engineer,10779,blake.livingston1344@meta.com,+91-81607-12509,Tezpur,2025-09-30
EMP01345,Carlos Hess,Male,Research and Development,Product Development Engineer,30144,carlos.hess1345@meta.com,+91-76317-00587,Jalandhar,2025-09-15
EMP01346,Jesus Cohen,Male,IT,ML engineer,31478,jesus.cohen1346@meta.com,+91-68272-03674,Nandyal,2025-07-14
EMP01347,Crystal Walker,Female,IT,data analytics,15168,crystal.walker1347@meta.com,+91-76555-22676,Bharatpur,2025-10-06
EMP01348,Jenna Lyons,Female,Marketing,Marketing Manager,34033,jenna.lyons1348@meta.com,+91-84268-82413,Anantapur,2025-03-01
EMP01349,Jesse Johnson,Male,Marketing,Marketing Analyst,26128,jesse.johnson1349@meta.com,+91-99668-94101,Gorakhpur,2025-11-01
EMP01350,Heather Murray,Female,Research and Development,Product Development Engineer,36860,heather.murray1350@meta.com,+91-63210-82860,Ichalkaranji,2025-02-23
EMP01351,Patricia Munoz,Female,Marketing,Digital Marketing Specialist,31938,patricia.munoz1351@meta.com,+91-84299-06519,Danapur,2025-01-05
EMP01352,Ashley Roth,Female,IT,data analytics,37505,ashley.roth1352@meta.com,+91-74951-66455,Anantapur,2025-10-31
EMP01353,Kristi Jones,Female,IT,software engineer,47705,kristi.jones1353@meta.com,+91-95042-79866,Katihar,2025-01-02
EMP01354,Joel Garza,Male,IT,ML engineer,43367,joel.garza1354@meta.com,+91-97873-82837,Udupi,2025-08-21
EMP01355,David Moore,Male,Marketing,Marketing Manager,39721,david.moore1355@meta.com,+91-88098-99778,Yamunanagar,2025-05-19
EMP01356,Austin Clark,Male,IT,ML engineer,23648,austin.clark1356@meta.com,+91-65246-35722,Raebareli,2025-09-01
EMP01357,Latoya Peterson,Female,IT,ML engineer,16179,latoya.peterson1357@meta.com,+91-77661-91889,Malegaon,2025-04-06
EMP01358,Matthew Miller,Male,Marketing,Digital Marketing Specialist,32851,matthew.miller1358@meta.com,+91-87990-88200,Raipur,2025-12-01
EMP01359,Leslie Ford,Female,Marketing,SEO Specialist,18778,leslie.ford1359@meta.com,+91-62207-45702,Raiganj,2025-05-19
EMP01360,Casey Blanchard,Female,IT,software engineer,13899,casey.blanchard1360@meta.com,+91-97399-12907,Khora ,2025-10-13
EMP01361,Ashley Cervantes,Female,IT,data analytics,26761,ashley.cervantes1361@meta.com,+91-92104-21228,Khammam,2025-11-27
EMP01362,Johnny Keller,Male,IT,data analytics,16532,johnny.keller1362@meta.com,+91-65603-50300,Bellary,2025-10-07
EMP01363,Ruth Clay,Female,Marketing,Digital Marketing Specialist,13675,ruth.clay1363@meta.com,+91-77037-38703,Siliguri,2025-07-29
EMP01364,Matthew Chavez,Male,IT,ML engineer,40464,matthew.chavez1364@meta.com,+91-96002-37904,Pali,2025-11-12
EMP01365,Lisa West,Female,IT,data scientist,12268,lisa.west1365@meta.com,+91-91028-57403,Ratlam,2025-03-14
EMP01366,Elijah Bauer,Male,IT,software engineer,26638,elijah.bauer1366@meta.com,+91-88724-14559,Raebareli,2025-02-05
EMP01367,Michelle Herman,Female,IT,data analytics,26831,michelle.herman1367@meta.com,+91-82098-72791,Ballia,2025-03-15
EMP01368,Adam Downs,Male,Research and Development,Product Development Engineer,11009,adam.downs1368@meta.com,+91-73257-17975,Warangal,2025-06-06
EMP01369,Sarah Brown,Female,Marketing,Digital Marketing Specialist,34630,sarah.brown1369@meta.com,+91-62163-09404,Mumbai,2025-06-03
EMP01370,Michael Hoover,Male,Research and Development,R&D Engineer,27717,michael.hoover1370@meta.com,+91-88351-01519,Bhubaneswar,2025-10-02
EMP01371,Scott Glenn,Male,IT,data analytics,45421,scott.glenn1371@meta.com,+91-99778-82579,Bhiwani,2025-09-21
EMP01372,Michaela Long,Female,IT,data scientist,40383,michaela.long1372@meta.com,+91-99952-40746,Eluru,2025-02-15
EMP01373,Jared Graham,Male,Research and Development,Research Scientist,42158,jared.graham1373@meta.com,+91-86503-05758,Malegaon,2025-04-14
EMP01374,Karen Lopez,Female,Research and Development,R&D Engineer,22935,karen.lopez1374@meta.com,+91-89224-49515,Karimnagar,2025-09-28
EMP01375,Sara Moore,Female,Marketing,Marketing Analyst,38291,sara.moore1375@meta.com,+91-71819-17678,Guntur,2025-07-03
EMP01376,Alexandra Wong,Female,IT,data scientist,24274,alexandra.wong1376@meta.com,+91-60052-27421,Morbi,2025-01-03
EMP01377,Matthew Proctor,Male,Research and Development,R&D Project Manager,47469,matthew.proctor1377@meta.com,+91-61170-98376,Guwahati,2025-05-01
EMP01378,Chad Shaffer,Male,Research and Development,Product Development Engineer,23208,chad.shaffer1378@meta.com,+91-97557-77635,Mahbubnagar,2025-06-22
EMP01379,Tara Hanson,Female,Research and Development,Research Scientist,45888,tara.hanson1379@meta.com,+91-94220-98956,Danapur,2025-05-08
EMP01380,Jessica Wilkins,Female,IT,software engineer,26011,jessica.wilkins1380@meta.com,+91-90083-65325,Raichur,2025-10-21
EMP01381,Courtney Coleman,Female,IT,software engineer,22393,courtney.coleman1381@meta.com,+91-88602-72443,Gangtok,2025-10-22
EMP01382,Kathleen Simon,Female,Marketing,Content Marketing Manager,27913,kathleen.simon1382@meta.com,+91-94100-18787,Bulandshahr,2025-10-04
EMP01383,Timothy Johnston,Male,Research and Development,R&D Project Manager,19975,timothy.johnston1383@meta.com,+91-76557-91815,Agra,2025-09-14
EMP01384,Keith Bush,Male,Marketing,Marketing Analyst,31283,keith.bush1384@meta.com,+91-74739-41934,Amaravati,2025-01-05
EMP01385,Karen Vaughn,Female,IT,data scientist,16206,karen.vaughn1385@meta.com,+91-75356-96793,Hajipur,2025-01-10
EMP01386,Victoria Terrell,Female,Research and Development,Product Development Engineer,17498,victoria.terrell1386@meta.com,+91-60622-40121,Kirari Suleman Nagar,2025-02-14
EMP01387,Jose Mills,Male,IT,data scientist,23140,jose.mills1387@meta.com,+91-75960-00997,Sambalpur,2025-01-06
EMP01388,Kaitlyn Harmon,Female,Research and Development,Product Development Engineer,38522,kaitlyn.harmon1388@meta.com,+91-82889-73793,Panvel,2025-04-01
EMP01389,Robert Edwards,Male,Marketing,SEO Specialist,24336,robert.edwards1389@meta.com,+91-83910-23779,Tiruvottiyur,2025-06-08
EMP01390,Kimberly Smith,Female,IT,ML engineer,25392,kimberly.smith1390@meta.com,+91-85444-19771,Anand,2025-08-23
EMP01391,Taylor Berry,Male,Marketing,SEO Specialist,10248,taylor.berry1391@meta.com,+91-98733-64119,Bidar,2025-11-15
EMP01392,Heather Levine,Female,Marketing,Content Marketing Manager,38966,heather.levine1392@meta.com,+91-87240-10204,Ramagundam,2025-02-25
EMP01393,Carol Neal,Female,Research and Development,R&D Project Manager,41678,carol.neal1393@meta.com,+91-89132-20787,Phusro,2025-10-08
EMP01394,David Soto,Male,IT,data scientist,15693,david.soto1394@meta.com,+91-87427-33519,Chapra,2025-12-04
EMP01395,Amber Mooney,Female,Marketing,Marketing Manager,18108,amber.mooney1395@meta.com,+91-66675-01284,Baranagar,2025-06-07
EMP01396,John Martinez,Male,Marketing,Content Marketing Manager,28841,john.martinez1396@meta.com,+91-77528-59480,Alwar,2025-02-20
EMP01397,David Gilbert,Male,IT,data scientist,15970,david.gilbert1397@meta.com,+91-78317-07207,Bardhaman,2025-01-27
EMP01398,Alexis Rodriguez,Female,Research and Development,R&D Project Manager,37779,alexis.rodriguez1398@meta.com,+91-68217-65001,Gudivada,2025-12-24
EMP01399,Patrick Hopkins,Male,IT,data analytics,46094,patrick.hopkins1399@meta.com,+91-60800-29827,Akola,2025-09-12
EMP01400,Dean Haynes,Male,Research and Development,Product Development Engineer,46357,dean.haynes1400@meta.com,+91-90787-81937,Bokaro,2025-01-27
EMP01401,Rebecca Atkins,Female,IT,ML engineer,40582,rebecca.atkins1401@meta.com,+91-88960-93311,Guwahati,2025-08-30
EMP01402,Walter Larson,Male,Research and Development,R&D Project Manager,39074,walter.larson1402@meta.com,+91-64750-21445,Shimla,2025-09-20
EMP01403,Paul Gutierrez,Male,Research and Development,Product Development Engineer,20133,paul.gutierrez1403@meta.com,+91-78685-92411,Patiala,2025-06-23
EMP01404,Matthew Barber,Male,IT,data analytics,37474,matthew.barber1404@meta.com,+91-68075-67338,Bhagalpur,2025-09-14
EMP01405,Kenneth Wilkinson,Male,IT,data scientist,26835,kenneth.wilkinson1405@meta.com,+91-81723-19157,Bilaspur,2025-07-16
EMP01406,Nicole Wilson,Female,Research and Development,Research Analyst,39877,nicole.wilson1406@meta.com,+91-83434-60615,Madhyamgram,2025-07-06
EMP01407,James Turner,Male,IT,ML engineer,13599,james.turner1407@meta.com,+91-68883-09239,Nadiad,2025-11-29
EMP01408,Melinda Price,Female,IT,ML engineer,23885,melinda.price1408@meta.com,+91-66852-85209,Ulhasnagar,2025-08-06
EMP01409,Joseph Graham,Male,IT,ML engineer,24983,joseph.graham1409@meta.com,+91-61304-38532,Sultan Pur Majra,2025-05-06
EMP01410,James Stewart,Male,Research and Development,R&D Project Manager,31626,james.stewart1410@meta.com,+91-73000-17947,Jalandhar,2025-03-21
EMP01411,Tabitha Walsh,Female,Research and Development,R&D Project Manager,37819,tabitha.walsh1411@meta.com,+91-63237-91504,Phagwara,2025-09-10
EMP01412,Tamara Garrison,Female,IT,data scientist,25349,tamara.garrison1412@meta.com,+91-87403-18678,Gopalpur,2025-08-25
EMP01413,Derek Garcia,Male,IT,data analytics,11236,derek.garcia1413@meta.com,+91-72278-32740,Surendranagar Dudhrej,2025-02-03
EMP01414,Patricia Curry,Female,IT,software engineer,40191,patricia.curry1414@meta.com,+91-70513-26562,Saharsa,2025-12-07
EMP01415,George Vaughn,Male,IT,software engineer,41894,george.vaughn1415@meta.com,+91-83201-48853,Satara,2025-08-24
EMP01416,Joshua Chambers,Male,Marketing,Marketing Manager,20616,joshua.chambers1416@meta.com,+91-73735-98153,Ahmedabad,2025-01-24
EMP01417,Jennifer Fox,Female,Marketing,SEO Specialist,26428,jennifer.fox1417@meta.com,+91-70632-40823,Etawah,2025-10-08
EMP01418,Colleen Campbell,Female,Marketing,SEO Specialist,19067,colleen.campbell1418@meta.com,+91-86257-86460,Visakhapatnam,2025-05-15
EMP01419,Allison Davis,Female,Research and Development,R&D Engineer,21558,allison.davis1419@meta.com,+91-66772-30587,Khora ,2025-08-31
EMP01420,Mark Erickson,Male,Research and Development,Product Development Engineer,15492,mark.erickson1420@meta.com,+91-85497-36740,Chandigarh,2025-08-31
EMP01421,Selena Anderson,Female,Marketing,Marketing Analyst,32561,selena.anderson1421@meta.com,+91-81858-27284,Bhubaneswar,2025-07-26
EMP01422,Michael King,Male,Marketing,Digital Marketing Specialist,21813,michael.king1422@meta.com,+91-67164-10438,Aurangabad,2025-08-07
EMP01423,Mark Livingston,Male,Marketing,Marketing Manager,37717,mark.livingston1423@meta.com,+91-70265-12552,Purnia,2025-07-11
EMP01424,Michael Contreras,Male,IT,data analytics,47918,michael.contreras1424@meta.com,+91-62810-14955,Bardhaman,2025-02-18
EMP01425,Candice Jones,Female,IT,data analytics,27605,candice.jones1425@meta.com,+91-98058-48798,Eluru,2025-02-11
EMP01426,Jasmine Ferrell,Female,IT,data analytics,12578,jasmine.ferrell1426@meta.com,+91-86921-18193,Bilaspur,2025-04-25
EMP01427,Christopher Jones,Male,Marketing,Digital Marketing Specialist,46909,christopher.jones1427@meta.com,+91-87425-59039,Phagwara,2025-05-14
EMP01428,James Brewer,Male,IT,ML engineer,46047,james.brewer1428@meta.com,+91-81672-41718,Asansol,2025-03-23
EMP01429,Joshua Reynolds,Male,Marketing,Digital Marketing Specialist,32810,joshua.reynolds1429@meta.com,+91-62780-87468,Mango,2025-08-21
EMP01430,Mike Garcia,Male,Research and Development,Research Analyst,33324,mike.garcia1430@meta.com,+91-75275-07553,Madurai,2025-01-02
EMP01431,Laura King,Female,Research and Development,Product Development Engineer,33814,laura.king1431@meta.com,+91-98000-71985,Surat,2025-03-26
EMP01432,Steven Hernandez,Male,IT,ML engineer,29614,steven.hernandez1432@meta.com,+91-76259-51192,Agra,2025-03-30
EMP01433,Matthew Adams,Male,IT,data scientist,33430,matthew.adams1433@meta.com,+91-60898-39182,Katni,2025-06-22
EMP01434,Laura Robertson,Female,Marketing,Marketing Manager,24813,laura.robertson1434@meta.com,+91-95882-76728,Morena,2025-05-31
EMP01435,Jeffrey Anthony,Male,Marketing,Digital Marketing Specialist,48803,jeffrey.anthony1435@meta.com,+91-91805-79219,Panvel,2025-05-18
EMP01436,Courtney Cruz,Female,IT,data scientist,47996,courtney.cruz1436@meta.com,+91-64353-86101,Bhilai,2025-09-12
EMP01437,Latoya Donovan,Female,IT,software engineer,41530,latoya.donovan1437@meta.com,+91-93319-35865,Thoothukudi,2025-08-18
EMP01438,Melanie Morales,Female,Research and Development,Research Scientist,48401,melanie.morales1438@meta.com,+91-71470-37149,Ambarnath,2025-08-31
EMP01439,Kimberly Woodward,Female,IT,data analytics,26506,kimberly.woodward1439@meta.com,+91-91978-44705,Jaunpur,2025-03-23
EMP01440,Paige Roberts,Female,Marketing,Digital Marketing Specialist,27726,paige.roberts1440@meta.com,+91-61706-83327,Belgaum,2025-03-13
EMP01441,Julian Ponce,Male,Research and Development,Research Scientist,29628,julian.ponce1441@meta.com,+91-76084-56261,Dewas,2025-12-21
EMP01442,Melissa Mosley,Female,IT,data scientist,16122,melissa.mosley1442@meta.com,+91-77273-97579,Morbi,2025-06-04
EMP01443,Angela Chen,Female,Marketing,Marketing Manager,38273,angela.chen1443@meta.com,+91-96812-21553,Kolhapur,2025-07-03
EMP01444,Andrew Johnson,Male,IT,ML engineer,40623,andrew.johnson1444@meta.com,+91-89283-57758,Unnao,2025-10-05
EMP01445,James Sparks,Male,Marketing,SEO Specialist,41314,james.sparks1445@meta.com,+91-74172-46739,Panchkula,2025-11-23
EMP01446,Kimberly Flowers,Female,Research and Development,Research Analyst,15252,kimberly.flowers1446@meta.com,+91-91113-75379,Pune,2025-07-27
EMP01447,Andrew Brown,Male,Marketing,SEO Specialist,21278,andrew.brown1447@meta.com,+91-91786-09722,Machilipatnam,2025-05-28
EMP01448,Bruce Roman,Male,Research and Development,Research Scientist,10881,bruce.roman1448@meta.com,+91-93841-32838,Jorhat,2025-10-25
EMP01449,Brittany Riley,Female,Marketing,Digital Marketing Specialist,22131,brittany.riley1449@meta.com,+91-64207-60752,Vadodara,2025-04-13
EMP01450,Nicolas Burns,Male,IT,data scientist,29521,nicolas.burns1450@meta.com,+91-90928-64054,Chittoor,2025-12-04
EMP01451,Terry Montgomery,Male,Marketing,SEO Specialist,28414,terry.montgomery1451@meta.com,+91-91648-44127,Bikaner,2025-07-01
EMP01452,Adrian Chen,Male,IT,ML engineer,24959,adrian.chen1452@meta.com,+91-91208-68628,Jalandhar,2025-04-12
EMP01453,Joy Jackson,Female,IT,software engineer,26972,joy.jackson1453@meta.com,+91-87929-73281,Aligarh,2025-04-11
EMP01454,Ashley Larson,Female,IT,data analytics,40793,ashley.larson1454@meta.com,+91-95449-08222,Rajkot,2025-11-16
EMP01455,Robert Simmons,Male,Marketing,SEO Specialist,14552,robert.simmons1455@meta.com,+91-93354-98461,Anantapur,2025-06-03
EMP01456,Bryan Sutton,Male,IT,data scientist,28810,bryan.sutton1456@meta.com,+91-74227-12431,Pondicherry,2025-07-19
EMP01457,Sara Mcguire,Female,Marketing,Content Marketing Manager,10706,sara.mcguire1457@meta.com,+91-73257-37452,Guntakal,2025-08-28
EMP01458,Christopher Brown,Male,IT,data analytics,27447,christopher.brown1458@meta.com,+91-66903-53849,Ajmer,2025-03-31
EMP01459,Peter Jackson,Male,Marketing,Marketing Analyst,25365,peter.jackson1459@meta.com,+91-87680-74060,Begusarai,2025-09-08
EMP01460,Carmen Sanchez,Female,Research and Development,Research Scientist,29241,carmen.sanchez1460@meta.com,+91-74952-43354,Guntur,2025-11-30
EMP01461,Ariel Boone,Female,Marketing,Marketing Analyst,37138,ariel.boone1461@meta.com,+91-91874-99732,Sangli-Miraj & Kupwad,2025-12-22
EMP01462,Alan Tucker,Male,Research and Development,Research Analyst,43916,alan.tucker1462@meta.com,+91-69146-51730,Chennai,2025-08-21
EMP01463,Cassie Davis,Female,IT,ML engineer,25478,cassie.davis1463@meta.com,+91-84808-22245,Erode,2025-04-19
EMP01464,Michael Sparks,Male,Marketing,SEO Specialist,38837,michael.sparks1464@meta.com,+91-70478-19114,Cuttack,2025-09-01
EMP01465,Christine Bowman,Female,IT,software engineer,43547,christine.bowman1465@meta.com,+91-95535-35837,Bulandshahr,2025-10-21
EMP01466,Cynthia Thompson,Female,IT,ML engineer,21086,cynthia.thompson1466@meta.com,+91-99087-68865,Kavali,2025-03-13
EMP01467,Christopher Porter,Male,Research and Development,Product Development Engineer,13845,christopher.porter1467@meta.com,+91-86577-54703,Barasat,2025-04-06
EMP01468,Gregory Smith,Male,IT,data analytics,20673,gregory.smith1468@meta.com,+91-64951-88098,Nellore,2025-03-23
EMP01469,Autumn Moreno,Female,IT,data scientist,37438,autumn.moreno1469@meta.com,+91-89772-07958,Tadipatri,2025-06-07
EMP01470,Heidi Juarez,Female,IT,data analytics,48490,heidi.juarez1470@meta.com,+91-81265-92862,Madhyamgram,2025-06-17
EMP01471,Patricia Hopkins,Female,Research and Development,R&D Project Manager,11263,patricia.hopkins1471@meta.com,+91-62764-03168,Meerut,2025-08-13
EMP01472,Cory Hogan,Male,IT,ML engineer,26938,cory.hogan1472@meta.com,+91-79255-76201,Mehsana,2025-12-22
EMP01473,Christopher Santiago,Male,Marketing,Content Marketing Manager,17316,christopher.santiago1473@meta.com,+91-94806-92218,Meerut,2025-09-28
EMP01474,Matthew Mitchell,Male,IT,data analytics,26554,matthew.mitchell1474@meta.com,+91-79600-97105,Chandrapur,2025-03-21
EMP01475,Felicia Trujillo,Female,Research and Development,Research Analyst,12787,felicia.trujillo1475@meta.com,+91-98255-58901,Varanasi,2025-03-18
EMP01476,Brian Williams,Male,Research and Development,Product Development Engineer,46062,brian.williams1476@meta.com,+91-76788-39601,Sangli-Miraj & Kupwad,2025-09-17
EMP01477,Rachel Washington,Female,Research and Development,R&D Engineer,40600,rachel.washington1477@meta.com,+91-80409-67831,Madurai,2025-08-30
EMP01478,Stephanie Griffith,Female,Marketing,Digital Marketing Specialist,11019,stephanie.griffith1478@meta.com,+91-65821-07191,Gurgaon,2025-05-16
EMP01479,Christina Rhodes,Female,Marketing,Digital Marketing Specialist,31368,christina.rhodes1479@meta.com,+91-96129-68800,Berhampur,2025-06-01
EMP01480,Richard Nguyen,Male,Marketing,Digital Marketing Specialist,34506,richard.nguyen1480@meta.com,+91-74009-94219,Patiala,2025-10-19
EMP01481,Nancy Kane,Female,Marketing,Marketing Manager,26379,nancy.kane1481@meta.com,+91-96417-23883,Muzaffarnagar,2025-06-30
EMP01482,Angel Richards,Female,IT,data analytics,26766,angel.richards1482@meta.com,+91-66877-20247,Junagadh,2025-09-19
EMP01483,Charles Reilly,Male,IT,ML engineer,47352,charles.reilly1483@meta.com,+91-99239-41114,Mangalore,2025-07-15
EMP01484,Jasmine Taylor,Female,Marketing,Content Marketing Manager,44664,jasmine.taylor1484@meta.com,+91-92033-89861,Secunderabad,2025-01-26
EMP01485,Vanessa Harris,Female,IT,data analytics,22092,vanessa.harris1485@meta.com,+91-79513-39954,Patna,2025-04-07
EMP01486,Melissa Brown,Female,Marketing,Content Marketing Manager,48666,melissa.brown1486@meta.com,+91-75777-23549,Bhubaneswar,2025-10-12
EMP01487,Sarah Ellis,Female,Research and Development,Product Development Engineer,39552,sarah.ellis1487@meta.com,+91-73701-21582,Tiruvottiyur,2025-11-08
EMP01488,Daniel Phillips,Male,IT,ML engineer,23116,daniel.phillips1488@meta.com,+91-79511-00026,Pudukkottai,2025-12-04
EMP01489,Susan Lane,Female,Marketing,Digital Marketing Specialist,14413,susan.lane1489@meta.com,+91-87688-75212,Chandigarh,2025-10-22
EMP01490,Jennifer Boyd,Female,Marketing,Digital Marketing Specialist,45623,jennifer.boyd1490@meta.com,+91-91556-83179,Gudivada,2025-03-11
EMP01491,Kara Ford,Female,IT,ML engineer,19917,kara.ford1491@meta.com,+91-65280-99491,Haldia,2025-05-14
EMP01492,Nancy Wright,Female,IT,software engineer,34249,nancy.wright1492@meta.com,+91-95806-29441,Raebareli,2025-09-27
EMP01493,Lauren Snow,Female,Research and Development,Research Analyst,41476,lauren.snow1493@meta.com,+91-77679-28373,Chapra,2025-05-12
EMP01494,Steven Butler,Male,Research and Development,R&D Engineer,30839,steven.butler1494@meta.com,+91-79646-80041,Thane,2025-03-28
EMP01495,William Quinn,Male,Marketing,Marketing Analyst,14070,william.quinn1495@meta.com,+91-74771-06875,Khandwa,2025-02-06
EMP01496,Joseph Mendoza,Male,Research and Development,Product Development Engineer,22673,joseph.mendoza1496@meta.com,+91-74178-83826,Bidhannagar,2025-05-19
EMP01497,Kathleen Miller,Female,Marketing,Marketing Manager,39093,kathleen.miller1497@meta.com,+91-98730-90840,Vellore,2025-11-08
EMP01498,Travis Anderson,Male,Marketing,Marketing Manager,46527,travis.anderson1498@meta.com,+91-80691-53239,Mathura,2025-01-19
EMP01499,Matthew Davis,Male,Research and Development,Research Analyst,43350,matthew.davis1499@meta.com,+91-63507-08428,Farrukhabad,2025-07-20
EMP01500,Candice Stevens,Female,IT,software engineer,36107,candice.stevens1500@meta.com,+91-66802-58873,Malda,2025-06-09
EMP01501,John Taylor,Male,Research and Development,Research Analyst,11204,john.taylor1501@meta.com,+91-76751-80237,Udaipur,2025-01-21
EMP01502,Richard Wood,Male,Research and Development,Research Analyst,45650,richard.wood1502@meta.com,+91-96297-65031,Mumbai,2025-12-24
EMP01503,Shannon Jones,Female,IT,data analytics,28512,shannon.jones1503@meta.com,+91-97222-71019,Bettiah,2025-06-03
EMP01504,Amanda Simmons,Female,IT,software engineer,38311,amanda.simmons1504@meta.com,+91-90764-95061,Pudukkottai,2025-12-25
EMP01505,Joshua Norton,Male,Research and Development,Research Analyst,24572,joshua.norton1505@meta.com,+91-60698-30555,Udupi,2025-06-25
EMP01506,Stanley Fitzgerald,Male,Marketing,Digital Marketing Specialist,22220,stanley.fitzgerald1506@meta.com,+91-61609-76102,Kottayam,2025-08-29
EMP01507,Tony Leonard,Male,Marketing,SEO Specialist,27867,tony.leonard1507@meta.com,+91-87279-05879,Bhubaneswar,2025-04-11
EMP01508,James Marshall,Male,Marketing,Marketing Manager,28957,james.marshall1508@meta.com,+91-97857-54789,Ambarnath,2025-03-09
EMP01509,Holly Wong,Female,IT,data scientist,31411,holly.wong1509@meta.com,+91-99391-37314,Kishanganj,2025-10-12
EMP01510,Michelle Harris,Female,IT,data scientist,35445,michelle.harris1510@meta.com,+91-90902-32831,Mathura,2025-09-29
EMP01511,Joshua Banks,Male,Research and Development,Product Development Engineer,27431,joshua.banks1511@meta.com,+91-66502-01182,Kamarhati,2025-01-15
EMP01512,Frank Hurst,Male,Marketing,Digital Marketing Specialist,11527,frank.hurst1512@meta.com,+91-83674-34521,Bally,2025-11-29
EMP01513,Anthony Watson,Male,Marketing,Marketing Manager,13246,anthony.watson1513@meta.com,+91-90849-99622,Shivpuri,2025-11-19
EMP01514,Jonathan Gallegos,Male,IT,ML engineer,28732,jonathan.gallegos1514@meta.com,+91-86920-56153,Katihar,2025-11-19
EMP01515,Meghan Patel,Female,Research and Development,R&D Engineer,28572,meghan.patel1515@meta.com,+91-87348-56144,Bidhannagar,2025-06-11
EMP01516,Lisa Marsh,Female,Marketing,Marketing Manager,25383,lisa.marsh1516@meta.com,+91-91415-00467,Maheshtala,2025-07-27
EMP01517,Steven Ellis,Male,IT,data scientist,33155,steven.ellis1517@meta.com,+91-63309-60279,Katni,2025-08-05
EMP01518,Stephanie Roberts,Female,IT,ML engineer,37737,stephanie.roberts1518@meta.com,+91-63401-20234,Moradabad,2025-05-16
EMP01519,Christopher Rodriguez,Male,Research and Development,Product Development Engineer,27315,christopher.rodriguez1519@meta.com,+91-82639-95345,Mehsana,2025-02-10
EMP01520,Brittany Harris,Female,Marketing,Marketing Analyst,36516,brittany.harris1520@meta.com,+91-74312-87465,Durg,2025-07-22
EMP01521,Jason Fleming,Male,Marketing,SEO Specialist,13222,jason.fleming1521@meta.com,+91-79968-80288,Bhalswa Jahangir Pur,2025-02-21
EMP01522,Gregory Wallace,Male,IT,software engineer,49549,gregory.wallace1522@meta.com,+91-84218-66471,Jalna,2025-10-17
EMP01523,Chelsea Johnson,Female,Marketing,Marketing Analyst,12616,chelsea.johnson1523@meta.com,+91-78937-89846,Saharsa,2025-10-31
EMP01524,Matthew Jenkins,Male,Marketing,Digital Marketing Specialist,38789,matthew.jenkins1524@meta.com,+91-99672-53116,Khammam,2025-01-12
EMP01525,John Wade,Male,Marketing,Marketing Manager,14276,john.wade1525@meta.com,+91-96275-22266,Berhampore,2025-09-26
EMP01526,Eric Anderson,Male,Research and Development,Research Scientist,41671,eric.anderson1526@meta.com,+91-88832-38093,Tirunelveli,2025-10-19
EMP01527,Richard Perez,Male,IT,data scientist,18147,richard.perez1527@meta.com,+91-60879-21746,Tumkur,2025-03-19
EMP01528,Randy Williams,Male,Marketing,SEO Specialist,40634,randy.williams1528@meta.com,+91-92947-60397,Anantapuram,2025-01-15
EMP01529,Joy Jackson,Female,IT,data scientist,46602,joy.jackson1529@meta.com,+91-80306-15360,Jorhat,2025-01-20
EMP01530,Dominique Mcpherson,Female,Research and Development,Research Analyst,13515,dominique.mcpherson1530@meta.com,+91-78268-47544,Nanded,2025-07-10
EMP01531,David Williams,Male,Marketing,Digital Marketing Specialist,10903,david.williams1531@meta.com,+91-62486-38849,Ramgarh,2025-05-15
EMP01532,Beth Green,Female,Research and Development,Research Scientist,28528,beth.green1532@meta.com,+91-92562-52576,Tiruppur,2025-10-22
EMP01533,Kristina Johnson,Female,Research and Development,Research Scientist,26887,kristina.johnson1533@meta.com,+91-90788-02761,Hapur,2025-08-02
EMP01534,Brittany West,Female,Marketing,Digital Marketing Specialist,18359,brittany.west1534@meta.com,+91-77923-11578,Deoghar,2025-11-30
EMP01535,Eric Knapp,Male,Research and Development,Research Scientist,31597,eric.knapp1535@meta.com,+91-85320-06469,Panchkula,2025-03-25
EMP01536,Randy Gould,Male,IT,ML engineer,42617,randy.gould1536@meta.com,+91-81863-77605,Bhatpara,2025-09-14
EMP01537,Aaron Rodgers,Male,IT,data scientist,39507,aaron.rodgers1537@meta.com,+91-90692-30691,Sagar,2025-05-11
EMP01538,Kara Roberts,Female,Marketing,Marketing Analyst,40640,kara.roberts1538@meta.com,+91-83734-42738,Buxar,2025-10-05
EMP01539,Nicholas Nielsen,Male,IT,data analytics,20103,nicholas.nielsen1539@meta.com,+91-73180-84310,Gorakhpur,2025-06-15
EMP01540,Monique Mccullough,Female,Marketing,SEO Specialist,43198,monique.mccullough1540@meta.com,+91-99365-33783,Suryapet,2025-03-30
EMP01541,Audrey Johnson,Female,Marketing,SEO Specialist,27996,audrey.johnson1541@meta.com,+91-60345-88820,Amroha,2025-02-06
EMP01542,Heather Nguyen,Female,Marketing,Marketing Analyst,26734,heather.nguyen1542@meta.com,+91-81123-05690,Ballia,2025-04-14
EMP01543,Joseph Harrington,Male,Research and Development,Product Development Engineer,45023,joseph.harrington1543@meta.com,+91-90788-87494,Thiruvananthapuram,2025-01-24
EMP01544,Alison Ryan,Female,Marketing,Digital Marketing Specialist,23904,alison.ryan1544@meta.com,+91-90067-57297,Chandigarh,2025-05-23
EMP01545,William Foster,Male,IT,ML engineer,47905,william.foster1545@meta.com,+91-65406-58988,Ratlam,2025-03-11
EMP01546,Lindsey Hunt,Female,Marketing,Digital Marketing Specialist,46388,lindsey.hunt1546@meta.com,+91-81365-29437,Karimnagar,2025-12-20
EMP01547,Jennifer Baldwin,Female,Marketing,Content Marketing Manager,10928,jennifer.baldwin1547@meta.com,+91-84622-03870,Uluberia,2025-12-03
EMP01548,Jasmin Smith,Female,IT,data scientist,26447,jasmin.smith1548@meta.com,+91-81888-93591,Etawah,2025-09-24
EMP01549,Elizabeth Griffin,Female,Research and Development,Research Scientist,40713,elizabeth.griffin1549@meta.com,+91-78125-44243,Thrissur,2025-07-07
EMP01550,Nicholas Wallace,Male,Research and Development,Research Analyst,14370,nicholas.wallace1550@meta.com,+91-97967-25716,Mango,2025-11-25
EMP01551,Donna Shaffer,Female,Research and Development,R&D Project Manager,28117,donna.shaffer1551@meta.com,+91-65162-94735,Vijayanagaram,2025-11-15
EMP01552,Brenda Matthews,Female,IT,data analytics,37524,brenda.matthews1552@meta.com,+91-92509-10482,Asansol,2025-11-25
EMP01553,Daniel Wells,Male,Marketing,Marketing Manager,44709,daniel.wells1553@meta.com,+91-64521-33336,Amritsar,2025-10-31
EMP01554,Timothy Garza,Male,Marketing,Digital Marketing Specialist,25438,timothy.garza1554@meta.com,+91-74161-69011,Hubli–Dharwad,2025-08-30
EMP01555,Aaron Fowler,Male,IT,data analytics,30732,aaron.fowler1555@meta.com,+91-88764-65895,Vijayanagaram,2025-12-27
EMP01556,Carrie Murray,Female,IT,data analytics,37572,carrie.murray1556@meta.com,+91-93259-85604,Kollam,2025-04-18
EMP01557,Charlene James,Female,Research and Development,Research Scientist,33117,charlene.james1557@meta.com,+91-63653-56734,Kalyan-Dombivli,2025-10-09
EMP01558,Rodney Turner,Male,Research and Development,Research Analyst,46077,rodney.turner1558@meta.com,+91-94589-63156,Kumbakonam,2025-04-03
EMP01559,Justin Ford,Male,Research and Development,R&D Project Manager,11825,justin.ford1559@meta.com,+91-87580-96568,Delhi,2025-02-20
EMP01560,Christian Evans,Male,IT,data analytics,10461,christian.evans1560@meta.com,+91-93790-14141,Amravati,2025-10-12
EMP01561,Matthew Stafford,Male,Marketing,Content Marketing Manager,49760,matthew.stafford1561@meta.com,+91-72959-43992,Mangalore,2025-06-11
EMP01562,John Watts,Male,Marketing,SEO Specialist,31489,john.watts1562@meta.com,+91-95457-29360,Bhopal,2025-09-07
EMP01563,Barbara Ramirez,Female,IT,software engineer,21194,barbara.ramirez1563@meta.com,+91-71366-74936,Khora ,2025-09-26
EMP01564,Nichole Perkins,Female,Research and Development,R&D Project Manager,24591,nichole.perkins1564@meta.com,+91-87203-52933,Rampur,2025-09-05
EMP01565,Mark Alvarez,Male,Research and Development,Research Scientist,19986,mark.alvarez1565@meta.com,+91-79781-54378,Dindigul,2025-10-01
EMP01566,Jose Johnston,Male,Research and Development,Research Scientist,48193,jose.johnston1566@meta.com,+91-98440-82986,Ujjain,2025-07-02
EMP01567,Lauren Thomas,Female,Research and Development,Research Analyst,27262,lauren.thomas1567@meta.com,+91-99529-98489,Bhavnagar,2025-01-12
EMP01568,Hunter Brown,Male,Marketing,Digital Marketing Specialist,18828,hunter.brown1568@meta.com,+91-84752-15449,Gurgaon,2025-11-04
EMP01569,Mark Friedman,Male,Research and Development,Product Development Engineer,25304,mark.friedman1569@meta.com,+91-65972-05059,Ramagundam,2025-12-05
EMP01570,Dorothy Fowler,Female,Research and Development,R&D Engineer,24861,dorothy.fowler1570@meta.com,+91-71087-03755,Kottayam,2025-07-19
EMP01571,Cory Burton,Male,Marketing,Digital Marketing Specialist,29653,cory.burton1571@meta.com,+91-87873-73632,Khora ,2025-02-12
EMP01572,Nicole Stephens,Female,Marketing,Content Marketing Manager,17530,nicole.stephens1572@meta.com,+91-90001-15050,Barasat,2025-05-27
EMP01573,Devon Wolfe,Male,IT,ML engineer,27921,devon.wolfe1573@meta.com,+91-93872-56827,Jalandhar,2025-03-07
EMP01574,Joseph Bell,Male,Research and Development,Product Development Engineer,28914,joseph.bell1574@meta.com,+91-79701-96975,Ahmedabad,2025-11-27
EMP01575,Breanna Campbell,Female,Research and Development,R&D Engineer,17639,breanna.campbell1575@meta.com,+91-74417-94909,Bulandshahr,2025-07-21
EMP01576,Gerald Bartlett,Male,Marketing,Digital Marketing Specialist,12101,gerald.bartlett1576@meta.com,+91-77816-26509,Bellary,2025-08-13
EMP01577,Brittney Walker,Female,Research and Development,R&D Engineer,37589,brittney.walker1577@meta.com,+91-93708-63624,Karaikudi,2025-05-21
EMP01578,Lisa Guerra,Female,IT,data scientist,23847,lisa.guerra1578@meta.com,+91-77348-94383,Erode,2025-01-27
EMP01579,Joe Jones,Male,Research and Development,Product Development Engineer,26143,joe.jones1579@meta.com,+91-97305-77686,Pune,2025-07-02
EMP01580,John Collins,Male,Research and Development,R&D Engineer,41848,john.collins1580@meta.com,+91-93882-02878,Kolhapur,2025-06-15
EMP01581,Robert Preston,Male,IT,ML engineer,32496,robert.preston1581@meta.com,+91-67987-22683,Malegaon,2025-03-14
EMP01582,Michael Johnson,Male,Research and Development,R&D Project Manager,24987,michael.johnson1582@meta.com,+91-63790-92763,Korba,2025-09-04
EMP01583,Betty Benson,Female,Research and Development,R&D Engineer,19752,betty.benson1583@meta.com,+91-80274-55308,Aizawl,2025-01-05
EMP01584,Beth Anderson,Female,IT,ML engineer,28704,beth.anderson1584@meta.com,+91-74645-05300,Khandwa,2025-12-23
EMP01585,Melissa Bowers,Female,IT,software engineer,30448,melissa.bowers1585@meta.com,+91-75392-45118,Surat,2025-09-06
EMP01586,Raymond Todd,Male,Research and Development,Product Development Engineer,16377,raymond.todd1586@meta.com,+91-66454-17845,Thiruvananthapuram,2025-01-02
EMP01587,Brian Mcguire,Male,Marketing,Content Marketing Manager,22971,brian.mcguire1587@meta.com,+91-79732-71401,Nandyal,2025-04-05
EMP01588,Barbara King,Female,Marketing,Marketing Analyst,11236,barbara.king1588@meta.com,+91-89120-21441,Barasat,2025-02-08
EMP01589,Mary Webster,Female,Marketing,Content Marketing Manager,47118,mary.webster1589@meta.com,+91-70948-27111,Madanapalle,2025-01-20
EMP01590,Daniel Santana,Male,Marketing,Digital Marketing Specialist,48476,daniel.santana1590@meta.com,+91-71131-09778,Etawah,2025-02-28
EMP01591,Allen Thomas,Male,Marketing,Content Marketing Manager,30102,allen.thomas1591@meta.com,+91-72121-13971,Adoni,2025-11-03
EMP01592,Hannah Martin,Female,Marketing,SEO Specialist,28566,hannah.martin1592@meta.com,+91-81352-86402,Dibrugarh,2025-09-20
EMP01593,Laura Garcia,Female,Marketing,Digital Marketing Specialist,27538,laura.garcia1593@meta.com,+91-77753-44668,Dehri,2025-05-05
EMP01594,Claire Lee,Female,Research and Development,R&D Project Manager,46054,claire.lee1594@meta.com,+91-81424-73139,Tirunelveli,2025-07-09
EMP01595,Stephanie Medina,Female,Research and Development,Research Scientist,27531,stephanie.medina1595@meta.com,+91-97317-85643,Kakinada,2025-05-17
EMP01596,Tami York,Female,Marketing,Digital Marketing Specialist,26332,tami.york1596@meta.com,+91-98618-79937,Ambarnath,2025-12-08
EMP01597,Michael Lopez,Male,Marketing,Digital Marketing Specialist,46778,michael.lopez1597@meta.com,+91-91675-32287,Bokaro,2025-07-18
EMP01598,Sandy Zavala,Female,Research and Development,R&D Engineer,29517,sandy.zavala1598@meta.com,+91-63068-64169,Kakinada,2025-06-15
EMP01599,Kayla Russell,Female,IT,ML engineer,36923,kayla.russell1599@meta.com,+91-85460-73524,Amravati,2025-11-24
EMP01600,John Stone,Male,Research and Development,R&D Project Manager,45807,john.stone1600@meta.com,+91-64329-03766,Karimnagar,2025-02-15
EMP01601,Michael Hawkins,Male,IT,software engineer,42578,michael.hawkins1601@meta.com,+91-74341-80054,Gwalior,2025-09-04
EMP01602,Garrett Wilson,Male,Research and Development,R&D Engineer,35336,garrett.wilson1602@meta.com,+91-85199-31774,Sirsa,2025-04-05
EMP01603,Lindsay Collins,Female,Research and Development,Research Analyst,19447,lindsay.collins1603@meta.com,+91-73734-91119,Kamarhati,2025-10-29
EMP01604,Kristen Roberts,Female,IT,data scientist,35913,kristen.roberts1604@meta.com,+91-85691-67324,Maheshtala,2025-11-14
EMP01605,Shannon Jacobson,Female,Marketing,Marketing Manager,36980,shannon.jacobson1605@meta.com,+91-72211-31751,Arrah,2025-05-07
EMP01606,Cassie Lutz,Female,Research and Development,R&D Project Manager,12220,cassie.lutz1606@meta.com,+91-61292-94489,Vasai-Virar,2025-05-21
EMP01607,James Mills,Male,Marketing,Marketing Manager,46919,james.mills1607@meta.com,+91-80004-60990,Jamshedpur,2025-07-25
EMP01608,Charles Morales,Male,Marketing,Content Marketing Manager,48686,charles.morales1608@meta.com,+91-67038-19158,Gulbarga,2025-08-02
EMP01609,Austin Hester,Male,Marketing,Content Marketing Manager,12161,austin.hester1609@meta.com,+91-68621-97289,Kollam,2025-06-04
EMP01610,Linda Ewing,Female,IT,software engineer,23731,linda.ewing1610@meta.com,+91-81465-64952,Muzaffarpur,2025-10-06
EMP01611,Sara Hardy,Female,IT,software engineer,31228,sara.hardy1611@meta.com,+91-90704-21753,Amaravati,2025-01-09
EMP01612,Kevin Avila,Male,Marketing,SEO Specialist,10282,kevin.avila1612@meta.com,+91-79580-01582,Raurkela Industrial Township,2025-03-11
EMP01613,Karen Morrison,Female,Research and Development,Research Scientist,49817,karen.morrison1613@meta.com,+91-79454-24627,Shivpuri,2025-02-10
EMP01614,Jorge Hernandez,Male,Research and Development,Product Development Engineer,29769,jorge.hernandez1614@meta.com,+91-66379-16120,Moradabad,2025-12-30
EMP01615,Bryan Burns,Male,IT,ML engineer,24273,bryan.burns1615@meta.com,+91-80546-34231,Guntur,2025-06-15
EMP01616,Allen Rojas,Male,Research and Development,Product Development Engineer,30439,allen.rojas1616@meta.com,+91-60627-07556,Panchkula,2025-09-24
EMP01617,Megan Stanton,Female,Marketing,SEO Specialist,49617,megan.stanton1617@meta.com,+91-85959-01973,Mahbubnagar,2025-08-20
EMP01618,Meghan Hernandez,Female,Research and Development,Product Development Engineer,23645,meghan.hernandez1618@meta.com,+91-83588-16014,Solapur,2025-12-01
EMP01619,Mary Meyer,Female,Marketing,Marketing Analyst,11696,mary.meyer1619@meta.com,+91-83000-29912,Kirari Suleman Nagar,2025-07-13
EMP01620,Christina Bates,Female,IT,ML engineer,12655,christina.bates1620@meta.com,+91-97109-94502,Dibrugarh,2025-02-21
EMP01621,Deborah Cooper,Female,IT,data scientist,10505,deborah.cooper1621@meta.com,+91-94171-86111,Patna,2025-03-31
EMP01622,William Beard,Male,Marketing,Marketing Manager,45130,william.beard1622@meta.com,+91-84853-65020,Yamunanagar,2025-10-11
EMP01623,Joanna Farrell,Female,Marketing,Content Marketing Manager,17590,joanna.farrell1623@meta.com,+91-73779-30871,Jaunpur,2025-08-15
EMP01624,Andrew Thompson,Male,IT,data scientist,10501,andrew.thompson1624@meta.com,+91-92693-49542,Dehradun,2025-03-07
EMP01625,John Taylor,Male,IT,software engineer,29667,john.taylor1625@meta.com,+91-66973-36817,Morbi,2025-02-18
EMP01626,Pamela Carroll,Female,Marketing,SEO Specialist,46416,pamela.carroll1626@meta.com,+91-97281-00556,Begusarai,2025-01-12
EMP01627,Melissa Armstrong,Female,IT,ML engineer,42618,melissa.armstrong1627@meta.com,+91-66257-60869,Kishanganj,2025-08-16
EMP01628,Sarah Hunter,Female,IT,data analytics,49076,sarah.hunter1628@meta.com,+91-63333-43560,Firozabad,2025-05-23
EMP01629,Johnny Arellano,Male,Research and Development,Research Scientist,37466,johnny.arellano1629@meta.com,+91-95028-58437,Anantapuram,2025-07-18
EMP01630,Erica Johnson,Female,Marketing,SEO Specialist,25767,erica.johnson1630@meta.com,+91-74240-31494,Warangal,2025-10-14
EMP01631,Russell Bailey,Male,Marketing,Content Marketing Manager,46165,russell.bailey1631@meta.com,+91-61202-43668,Mau,2025-06-01
EMP01632,Jamie Patterson,Female,Marketing,SEO Specialist,42695,jamie.patterson1632@meta.com,+91-73802-17913,Bulandshahr,2025-01-03
EMP01633,Gregory Stanley,Male,Marketing,Marketing Manager,39777,gregory.stanley1633@meta.com,+91-73739-31532,Noida,2025-10-27
EMP01634,Matthew Watkins,Male,Marketing,Digital Marketing Specialist,42701,matthew.watkins1634@meta.com,+91-90230-92663,Farrukhabad,2025-11-04
EMP01635,Ashley Jackson,Female,Marketing,Digital Marketing Specialist,24564,ashley.jackson1635@meta.com,+91-63585-22914,Agra,2025-04-05
EMP01636,Joel Boyer,Male,Marketing,Digital Marketing Specialist,16501,joel.boyer1636@meta.com,+91-92111-34579,Shimoga,2025-07-03
EMP01637,Alex Harrison,Male,Research and Development,R&D Engineer,36615,alex.harrison1637@meta.com,+91-96490-21302,Ratlam,2025-04-29
EMP01638,James Myers,Male,Research and Development,Research Scientist,29796,james.myers1638@meta.com,+91-80146-05626,Unnao,2025-09-08
EMP01639,Ariel Leonard,Female,IT,software engineer,10135,ariel.leonard1639@meta.com,+91-66153-01837,Mehsana,2025-05-24
EMP01640,Kathryn Hubbard,Female,IT,ML engineer,33193,kathryn.hubbard1640@meta.com,+91-80498-10738,Rourkela,2025-04-22
EMP01641,Lucas Cox,Male,Research and Development,R&D Engineer,15429,lucas.cox1641@meta.com,+91-96495-03278,Panihati,2025-08-16
EMP01642,Jonathan Boone,Male,Research and Development,Research Scientist,29379,jonathan.boone1642@meta.com,+91-81699-69444,Jorhat,2025-01-30
EMP01643,Cindy Baker,Female,IT,data analytics,37399,cindy.baker1643@meta.com,+91-61710-73540,Chapra,2025-11-16
EMP01644,James Perez,Male,IT,data scientist,26115,james.perez1644@meta.com,+91-66366-43862,Adoni,2025-05-06
EMP01645,Brandon Rogers,Male,IT,data scientist,41869,brandon.rogers1645@meta.com,+91-65501-85254,Tezpur,2025-09-12
EMP01646,Robert Alvarez,Male,IT,ML engineer,19976,robert.alvarez1646@meta.com,+91-81092-87275,Sri Ganganagar,2025-12-23
EMP01647,Robert Pearson,Male,IT,software engineer,23577,robert.pearson1647@meta.com,+91-72365-36149,Dibrugarh,2025-05-13
EMP01648,Robert Reynolds,Male,Marketing,Content Marketing Manager,23218,robert.reynolds1648@meta.com,+91-94583-25002,Kollam,2025-01-16
EMP01649,Jennifer King,Female,Marketing,Digital Marketing Specialist,38047,jennifer.king1649@meta.com,+91-92488-83849,Motihari,2025-06-11
EMP01650,Catherine Smith,Female,IT,data scientist,42047,catherine.smith1650@meta.com,+91-86376-92424,Gangtok,2025-03-26
EMP01651,Kathryn Guerrero,Female,Research and Development,Research Analyst,34091,kathryn.guerrero1651@meta.com,+91-60410-41535,Agartala,2025-06-20
EMP01652,Timothy Patel,Male,IT,software engineer,37636,timothy.patel1652@meta.com,+91-77871-97765,Buxar,2025-04-21
EMP01653,Molly Brown,Female,Research and Development,Research Analyst,19075,molly.brown1653@meta.com,+91-61147-30118,Bharatpur,2025-08-25
EMP01654,Joel Allen,Male,Marketing,Marketing Analyst,42292,joel.allen1654@meta.com,+91-98115-60026,Raebareli,2025-03-10
EMP01655,Jason Dalton,Male,Marketing,SEO Specialist,46405,jason.dalton1655@meta.com,+91-77168-69620,Kurnool,2025-07-22
EMP01656,Sarah Adams,Female,Marketing,SEO Specialist,10770,sarah.adams1656@meta.com,+91-91668-78400,Nanded,2025-03-12
EMP01657,David Burke,Male,IT,software engineer,43947,david.burke1657@meta.com,+91-85232-95274,Mathura,2025-08-20
EMP01658,Ashley Lee,Female,IT,data scientist,45406,ashley.lee1658@meta.com,+91-94702-03662,Tirupati,2025-08-11
EMP01659,John Castro,Male,IT,ML engineer,37479,john.castro1659@meta.com,+91-85811-23899,Bhusawal,2025-07-11
EMP01660,Matthew Johnson,Male,Research and Development,Research Scientist,15075,matthew.johnson1660@meta.com,+91-68213-87865,Darbhanga,2025-01-25
EMP01661,Chad Green,Male,Research and Development,R&D Project Manager,47819,chad.green1661@meta.com,+91-62600-23350,Jamalpur,2025-04-20
EMP01662,Casey Phelps,Female,IT,software engineer,27985,casey.phelps1662@meta.com,+91-74430-06149,Jaipur,2025-07-15
EMP01663,Amy Mosley,Female,Marketing,Marketing Manager,41919,amy.mosley1663@meta.com,+91-95096-14918,Madanapalle,2025-09-27
EMP01664,Edward Brown,Male,Marketing,Marketing Manager,38569,edward.brown1664@meta.com,+91-61539-54058,Bharatpur,2025-07-17
EMP01665,Megan Blackwell,Female,Marketing,Content Marketing Manager,44164,megan.blackwell1665@meta.com,+91-76108-78392,Kolhapur,2025-04-08
EMP01666,Cynthia Duncan,Female,Marketing,Content Marketing Manager,14389,cynthia.duncan1666@meta.com,+91-84413-32267,Nagaon,2025-09-18
EMP01667,Matthew Carpenter,Male,Marketing,Digital Marketing Specialist,35421,matthew.carpenter1667@meta.com,+91-96097-30652,Mehsana,2025-08-06
EMP01668,Stacey Young,Female,Research and Development,Product Development Engineer,49633,stacey.young1668@meta.com,+91-70821-52944,Satara,2025-07-16
EMP01669,Erin Silva,Female,Research and Development,R&D Project Manager,24547,erin.silva1669@meta.com,+91-83687-11594,Noida,2025-05-03
EMP01670,Timothy Robinson,Male,Research and Development,Product Development Engineer,22480,timothy.robinson1670@meta.com,+91-65548-86728,Akola,2025-03-27
EMP01671,Cindy Hill,Female,Marketing,SEO Specialist,39876,cindy.hill1671@meta.com,+91-61723-64530,Rohtak,2025-11-05
EMP01672,Scott Brown,Male,IT,data analytics,15435,scott.brown1672@meta.com,+91-70872-16489,Gorakhpur,2025-06-28
EMP01673,Emily Coleman,Female,Research and Development,Product Development Engineer,40779,emily.coleman1673@meta.com,+91-67879-96543,Alwar,2025-12-30
EMP01674,Sherry Giles,Female,Marketing,SEO Specialist,36387,sherry.giles1674@meta.com,+91-94066-52220,Fatehpur,2025-07-07
EMP01675,Mike Underwood,Male,IT,ML engineer,19070,mike.underwood1675@meta.com,+91-96376-91857,Medininagar,2025-05-05
EMP01676,Andrew Stevenson,Male,Marketing,Marketing Manager,33713,andrew.stevenson1676@meta.com,+91-84201-46193,Mathura,2025-12-26
EMP01677,David Cruz,Male,IT,software engineer,36015,david.cruz1677@meta.com,+91-74004-57689,Bhilai,2025-11-03
EMP01678,Kimberly Young,Female,Research and Development,R&D Engineer,24460,kimberly.young1678@meta.com,+91-82524-01245,Munger,2025-05-10
EMP01679,Aimee Yu,Female,IT,data analytics,35384,aimee.yu1679@meta.com,+91-86218-09416,Barasat,2025-08-05
EMP01680,Ann Carson,Female,IT,data scientist,30340,ann.carson1680@meta.com,+91-95289-94108,Bihar Sharif,2025-12-19
EMP01681,Daniel Zamora,Male,IT,data analytics,13252,daniel.zamora1681@meta.com,+91-63773-55321,Ratlam,2025-02-28
EMP01682,Sherry Wang,Female,Research and Development,R&D Engineer,13736,sherry.wang1682@meta.com,+91-79346-25788,Visakhapatnam,2025-02-15
EMP01683,Donald Miller,Male,IT,software engineer,48622,donald.miller1683@meta.com,+91-65525-57838,Chittoor,2025-01-23
EMP01684,Norman House,Male,Research and Development,R&D Engineer,32015,norman.house1684@meta.com,+91-80597-60702,Bhusawal,2025-04-23
EMP01685,Sherri Wilkins,Female,Marketing,SEO Specialist,15801,sherri.wilkins1685@meta.com,+91-77356-58116,Bhilwara,2025-09-24
EMP01686,Jonathan Bell,Male,Marketing,Content Marketing Manager,29863,jonathan.bell1686@meta.com,+91-98978-89298,Malda,2025-02-15
EMP01687,Michael Gill,Male,Marketing,Content Marketing Manager,23899,michael.gill1687@meta.com,+91-70642-45905,Raiganj,2025-03-05
EMP01688,Rachel Taylor,Female,IT,data analytics,49741,rachel.taylor1688@meta.com,+91-74486-71846,Kollam,2025-02-20
EMP01689,Lori Edwards,Female,Marketing,SEO Specialist,18209,lori.edwards1689@meta.com,+91-74259-60737,Bhubaneswar,2025-11-24
EMP01690,Christopher Black,Male,Marketing,SEO Specialist,21265,christopher.black1690@meta.com,+91-71448-55643,Hindupur,2025-07-22
EMP01691,Melissa Sparks,Female,IT,data scientist,46064,melissa.sparks1691@meta.com,+91-64523-51344,Bidhannagar,2025-08-11
EMP01692,Karen Moss,Female,Research and Development,Product Development Engineer,34915,karen.moss1692@meta.com,+91-80893-70007,Malegaon,2025-05-29
EMP01693,Michael Serrano,Male,Marketing,Marketing Manager,35397,michael.serrano1693@meta.com,+91-84559-19883,Davanagere,2025-02-17
EMP01694,Angela Richardson,Female,IT,software engineer,30209,angela.richardson1694@meta.com,+91-90830-71271,Burhanpur,2025-08-17
EMP01695,Theresa Wilkerson,Female,Marketing,SEO Specialist,13263,theresa.wilkerson1695@meta.com,+91-76750-18306,Jaipur,2025-07-20
EMP01696,Travis Leblanc,Male,Marketing,Marketing Analyst,21201,travis.leblanc1696@meta.com,+91-64639-18421,Hubli–Dharwad,2025-10-15
EMP01697,William Gonzalez,Male,Marketing,Digital Marketing Specialist,12742,william.gonzalez1697@meta.com,+91-67419-87964,Dhanbad,2025-05-13
EMP01698,Jennifer Patterson,Female,Marketing,Digital Marketing Specialist,40773,jennifer.patterson1698@meta.com,+91-89638-68739,Jalgaon,2025-11-02
EMP01699,Ann Richardson,Female,Marketing,SEO Specialist,26758,ann.richardson1699@meta.com,+91-67542-62327,Kanpur,2025-05-24
EMP01700,Michelle Graham,Female,Research and Development,Product Development Engineer,45977,michelle.graham1700@meta.com,+91-93817-21272,Shimla,2025-06-30
EMP01701,Bailey Reeves,Female,Research and Development,R&D Engineer,37295,bailey.reeves1701@meta.com,+91-92985-20643,Shimoga,2025-08-30
EMP01702,Dwayne Snyder,Male,Research and Development,R&D Project Manager,29053,dwayne.snyder1702@meta.com,+91-71848-56638,Chinsurah,2025-08-09
EMP01703,Selena Greene,Female,Research and Development,Research Scientist,33332,selena.greene1703@meta.com,+91-67730-90124,Maheshtala,2025-01-05
EMP01704,Jason Ortiz,Male,Marketing,Digital Marketing Specialist,28373,jason.ortiz1704@meta.com,+91-79775-64941,Bhopal,2025-10-30
EMP01705,Donna Green,Female,Marketing,Marketing Analyst,10313,donna.green1705@meta.com,+91-75043-91016,Kulti,2025-01-03
EMP01706,Jaclyn Sutton,Female,Marketing,Marketing Manager,22123,jaclyn.sutton1706@meta.com,+91-63381-42662,Guwahati,2025-04-25
EMP01707,Alexandra Anderson,Female,Research and Development,Research Analyst,22326,alexandra.anderson1707@meta.com,+91-67711-65284,Sikar,2025-04-05
EMP01708,Melissa Reeves,Female,Marketing,Digital Marketing Specialist,46133,melissa.reeves1708@meta.com,+91-98316-10321,Kavali,2025-12-13
EMP01709,Dawn Davis,Female,Marketing,Marketing Analyst,32427,dawn.davis1709@meta.com,+91-62797-86530,Faridabad,2025-12-07
EMP01710,Faith Young,Female,Marketing,Marketing Analyst,30490,faith.young1710@meta.com,+91-76694-45142,Medininagar,2025-05-09
EMP01711,Teresa Coffey,Female,IT,data scientist,15693,teresa.coffey1711@meta.com,+91-88347-81481,Kolkata,2025-08-06
EMP01712,David Harvey,Male,Research and Development,Research Analyst,44453,david.harvey1712@meta.com,+91-65741-59426,Tenali,2025-08-09
EMP01713,Michael Anderson,Male,IT,data scientist,49171,michael.anderson1713@meta.com,+91-89440-37785,Amaravati,2025-03-06
EMP01714,Cassie Jackson,Female,Marketing,Digital Marketing Specialist,16550,cassie.jackson1714@meta.com,+91-79278-55933,Sonipat,2025-02-16
EMP01715,Sherry Anderson,Female,Research and Development,R&D Engineer,13747,sherry.anderson1715@meta.com,+91-73843-81171,Bettiah,2025-05-11
EMP01716,Jeffrey Green,Male,Marketing,Marketing Analyst,34319,jeffrey.green1716@meta.com,+91-93161-35761,Varanasi,2025-02-13
EMP01717,William Porter,Male,Research and Development,Research Analyst,26300,william.porter1717@meta.com,+91-98390-06194,Karimnagar,2025-03-02
EMP01718,Timothy Campbell,Male,Marketing,Marketing Manager,36738,timothy.campbell1718@meta.com,+91-76164-19989,Pudukkottai,2025-04-20
EMP01719,Ronald Mcintosh,Male,Research and Development,Research Scientist,38007,ronald.mcintosh1719@meta.com,+91-76005-26152,Junagadh,2025-10-18
EMP01720,Steven Stewart,Male,Marketing,SEO Specialist,24275,steven.stewart1720@meta.com,+91-94473-56442,Saharanpur,2025-11-01
EMP01721,Justin Livingston,Male,Marketing,Digital Marketing Specialist,13701,justin.livingston1721@meta.com,+91-82081-16755,Meerut,2025-10-12
EMP01722,Colin Brown,Male,IT,ML engineer,32689,colin.brown1722@meta.com,+91-61337-06007,Vadodara,2025-04-16
EMP01723,Julie Martin,Female,Marketing,SEO Specialist,32805,julie.martin1723@meta.com,+91-86572-45088,Junagadh,2025-12-07
EMP01724,Brian Woodard,Male,Marketing,Digital Marketing Specialist,14697,brian.woodard1724@meta.com,+91-68322-05102,Thane,2025-12-03
EMP01725,Jeremy Zhang,Male,Marketing,Digital Marketing Specialist,21390,jeremy.zhang1725@meta.com,+91-67760-73174,Berhampore,2025-08-01
EMP01726,Johnny Singleton,Male,IT,software engineer,41384,johnny.singleton1726@meta.com,+91-77645-76410,Amravati,2025-07-01
EMP01727,Gregory Harris,Male,IT,ML engineer,16535,gregory.harris1727@meta.com,+91-69944-23776,Bokaro,2025-11-07
EMP01728,Sandy Brady,Female,IT,data scientist,24201,sandy.brady1728@meta.com,+91-90378-50263,Phusro,2025-07-06
EMP01729,Stephanie Willis,Female,Research and Development,Product Development Engineer,19290,stephanie.willis1729@meta.com,+91-93311-40478,Hajipur,2025-12-19
EMP01730,Pamela White,Female,IT,data analytics,25762,pamela.white1730@meta.com,+91-84148-94203,Shahjahanpur,2025-04-17
EMP01731,Patricia Rhodes,Female,IT,data scientist,45682,patricia.rhodes1731@meta.com,+91-97807-26796,Indore,2025-02-05
EMP01732,Diane Zavala,Female,Marketing,SEO Specialist,34986,diane.zavala1732@meta.com,+91-74222-60476,Singrauli,2025-03-31
EMP01733,James Hickman,Male,Marketing,Digital Marketing Specialist,29367,james.hickman1733@meta.com,+91-71354-84483,North Dumdum,2025-07-13
EMP01734,Brittany Miller,Female,Research and Development,R&D Project Manager,41656,brittany.miller1734@meta.com,+91-62572-05466,Malda,2025-07-25
EMP01735,Mark Adams,Male,Research and Development,Research Scientist,32578,mark.adams1735@meta.com,+91-77199-56193,Ozhukarai,2025-11-03
EMP01736,Wayne Douglas,Male,Marketing,Marketing Manager,12862,wayne.douglas1736@meta.com,+91-80765-04114,Anantapur,2025-09-23
EMP01737,Travis Cooke,Male,IT,software engineer,45158,travis.cooke1737@meta.com,+91-64594-08346,Rajpur Sonarpur,2025-09-24
EMP01738,Sharon Solis,Female,Research and Development,Product Development Engineer,28668,sharon.solis1738@meta.com,+91-96018-11287,North Dumdum,2025-08-02
EMP01739,Rebecca Manning,Female,Research and Development,Research Scientist,46234,rebecca.manning1739@meta.com,+91-69800-28883,Tiruchirappalli,2025-05-05
EMP01740,James Thompson,Male,Marketing,Digital Marketing Specialist,16168,james.thompson1740@meta.com,+91-75933-87715,Hubli–Dharwad,2025-11-08
EMP01741,Alicia Clark,Female,IT,data analytics,46736,alicia.clark1741@meta.com,+91-60828-76805,Sambhal,2025-03-27
EMP01742,Dustin Goodwin,Male,IT,data scientist,10849,dustin.goodwin1742@meta.com,+91-90937-61291,Jamshedpur,2025-03-03
EMP01743,Edwin Owen,Male,IT,data analytics,44529,edwin.owen1743@meta.com,+91-82083-60413,Madanapalle,2025-06-01
EMP01744,Bonnie Wade,Female,Research and Development,Research Analyst,42998,bonnie.wade1744@meta.com,+91-73498-69581,Anand,2025-05-23
EMP01745,Curtis Griffin,Male,Research and Development,R&D Engineer,19535,curtis.griffin1745@meta.com,+91-87818-06738,Fatehpur,2025-02-04
EMP01746,Debra Burke,Female,Marketing,SEO Specialist,21763,debra.burke1746@meta.com,+91-68974-06352,Bhusawal,2025-05-13
EMP01747,Robert Austin,Male,IT,ML engineer,30862,robert.austin1747@meta.com,+91-70376-07436,Purnia,2025-06-22
EMP01748,Brandon Palmer,Male,Research and Development,R&D Project Manager,38091,brandon.palmer1748@meta.com,+91-83751-27576,Rajahmundry,2025-04-01
EMP01749,Matthew Reeves,Male,Marketing,SEO Specialist,22332,matthew.reeves1749@meta.com,+91-86704-08261,Hajipur,2025-08-08
EMP01750,Lori Warren,Female,IT,data analytics,18918,lori.warren1750@meta.com,+91-64220-93667,Bhind,2025-05-19
EMP01751,Jeffrey Solomon,Male,Research and Development,R&D Project Manager,44420,jeffrey.solomon1751@meta.com,+91-78062-74308,Dewas,2025-02-21
EMP01752,Brittany Anderson,Female,Marketing,Marketing Analyst,21022,brittany.anderson1752@meta.com,+91-87581-90628,Kulti,2025-07-08
EMP01753,Joseph Phillips,Male,Research and Development,R&D Project Manager,30162,joseph.phillips1753@meta.com,+91-94791-74039,Suryapet,2025-01-05
EMP01754,Angela Williams,Female,IT,ML engineer,42439,angela.williams1754@meta.com,+91-81578-43818,Sasaram,2025-02-17
EMP01755,Jeffery Davis,Male,Research and Development,R&D Engineer,35266,jeffery.davis1755@meta.com,+91-66806-33275,Raichur,2025-03-31
EMP01756,David Miller,Male,Research and Development,R&D Engineer,25850,david.miller1756@meta.com,+91-93359-41132,Raipur,2025-07-16
EMP01757,Patrick Ford,Male,Research and Development,Research Analyst,16086,patrick.ford1757@meta.com,+91-66576-06271,Singrauli,2025-12-01
EMP01758,Andrew Butler,Male,Marketing,Marketing Manager,34808,andrew.butler1758@meta.com,+91-96514-22569,Satara,2025-05-12
EMP01759,Kevin Gibson,Male,Marketing,Marketing Analyst,16719,kevin.gibson1759@meta.com,+91-94675-73227,Bilaspur,2025-04-01
EMP01760,Gloria Hull,Female,Research and Development,R&D Engineer,46338,gloria.hull1760@meta.com,+91-83428-08175,Rajpur Sonarpur,2025-09-25
EMP01761,Cathy Burgess,Female,Research and Development,Research Analyst,41431,cathy.burgess1761@meta.com,+91-62498-43308,Aligarh,2025-07-27
EMP01762,Jessica Smith,Female,IT,ML engineer,40009,jessica.smith1762@meta.com,+91-68507-73154,Bhiwandi,2025-05-21
EMP01763,Alexis Rios,Female,Research and Development,R&D Project Manager,36343,alexis.rios1763@meta.com,+91-95445-54417,Machilipatnam,2025-11-25
EMP01764,Sean Church,Male,Marketing,Content Marketing Manager,13374,sean.church1764@meta.com,+91-68690-92579,Avadi,2025-08-18
EMP01765,Luke Dickson,Male,Marketing,SEO Specialist,41485,luke.dickson1765@meta.com,+91-84703-55963,Tenali,2025-12-06
EMP01766,Regina Miller,Female,Marketing,Content Marketing Manager,21842,regina.miller1766@meta.com,+91-72296-64509,Kanpur,2025-05-23
EMP01767,Cheryl Cabrera,Female,IT,ML engineer,36801,cheryl.cabrera1767@meta.com,+91-98594-31799,Indore,2025-10-15
EMP01768,Christine Wong,Female,IT,data analytics,45196,christine.wong1768@meta.com,+91-78819-83962,Junagadh,2025-06-15
EMP01769,Sarah Garrison,Female,Marketing,Digital Marketing Specialist,34667,sarah.garrison1769@meta.com,+91-85767-26574,Chandigarh,2025-10-14
EMP01770,Eric Ford,Male,Research and Development,Product Development Engineer,22836,eric.ford1770@meta.com,+91-85270-78153,Bhusawal,2025-06-20
EMP01771,Alex Martin,Male,Research and Development,R&D Engineer,10100,alex.martin1771@meta.com,+91-86539-94334,Raiganj,2025-04-21
EMP01772,Tracey Ruiz,Female,Marketing,SEO Specialist,19612,tracey.ruiz1772@meta.com,+91-69723-26255,Bhimavaram,2025-05-06
EMP01773,David Phillips,Male,IT,software engineer,19865,david.phillips1773@meta.com,+91-72444-89421,Faridabad,2025-08-17
EMP01774,Felicia Garcia,Female,Marketing,Marketing Analyst,40211,felicia.garcia1774@meta.com,+91-98141-23565,Vijayanagaram,2025-10-11
EMP01775,Sarah Mclaughlin,Female,Marketing,Marketing Analyst,42492,sarah.mclaughlin1775@meta.com,+91-86669-87131,Vadodara,2025-08-24
EMP01776,Katherine Tucker,Female,IT,data scientist,41208,katherine.tucker1776@meta.com,+91-94522-19440,Ahmednagar,2025-11-02
EMP01777,Michelle Rice,Female,Marketing,Digital Marketing Specialist,29532,michelle.rice1777@meta.com,+91-60776-26007,Gangtok,2025-10-20
EMP01778,Emily Brown,Female,Research and Development,Research Scientist,36806,emily.brown1778@meta.com,+91-83717-73593,Bhalswa Jahangir Pur,2025-12-03
EMP01779,Audrey Dean,Female,Marketing,Digital Marketing Specialist,32410,audrey.dean1779@meta.com,+91-79814-96960,Sultan Pur Majra,2025-01-19
EMP01780,Melissa Smith,Female,Marketing,Marketing Manager,47396,melissa.smith1780@meta.com,+91-60785-73406,Nellore,2025-11-03
EMP01781,Julie Kim,Female,Marketing,Marketing Manager,15686,julie.kim1781@meta.com,+91-66329-72433,Dharmavaram,2025-08-18
EMP01782,Susan Morgan,Female,IT,data analytics,43496,susan.morgan1782@meta.com,+91-96245-36738,Mira-Bhayandar,2025-12-29
EMP01783,Stephen Sharp,Male,Research and Development,Research Analyst,18727,stephen.sharp1783@meta.com,+91-84950-60776,Erode,2025-01-02
EMP01784,Roy Nunez,Male,Research and Development,R&D Engineer,42530,roy.nunez1784@meta.com,+91-99838-66490,Chittoor,2025-01-29
EMP01785,Rebecca Richard,Female,IT,data scientist,15782,rebecca.richard1785@meta.com,+91-93338-25047,Ichalkaranji,2025-06-23
EMP01786,Michael Miller,Male,Marketing,SEO Specialist,29610,michael.miller1786@meta.com,+91-88032-19769,Bikaner,2025-04-26
EMP01787,Carrie Moore,Female,Research and Development,R&D Engineer,33419,carrie.moore1787@meta.com,+91-65768-49840,Salem,2025-02-16
EMP01788,Ricky Hahn,Male,Marketing,Marketing Manager,43127,ricky.hahn1788@meta.com,+91-70332-94383,Avadi,2025-11-15
EMP01789,Cynthia Hawkins,Female,Research and Development,R&D Engineer,17794,cynthia.hawkins1789@meta.com,+91-95388-05387,Secunderabad,2025-02-08
EMP01790,Stanley Kelly,Male,Research and Development,Product Development Engineer,31646,stanley.kelly1790@meta.com,+91-88891-47159,Akola,2025-02-19
EMP01791,Ronald Kline,Male,Marketing,Content Marketing Manager,47482,ronald.kline1791@meta.com,+91-65700-15881,Rajkot,2025-03-07
EMP01792,George Wilson,Male,Marketing,Digital Marketing Specialist,16736,george.wilson1792@meta.com,+91-85727-05915,Jamshedpur,2025-03-21
EMP01793,Kristina Tucker,Female,IT,ML engineer,15942,kristina.tucker1793@meta.com,+91-62410-83100,Raichur,2025-04-25
EMP01794,Randy Carrillo,Male,IT,software engineer,30139,randy.carrillo1794@meta.com,+91-80407-86846,Saharanpur,2025-06-05
EMP01795,Sarah Russo,Female,Marketing,SEO Specialist,36658,sarah.russo1795@meta.com,+91-92838-15950,Dhanbad,2025-07-28
EMP01796,Tammy Kim,Female,Marketing,Digital Marketing Specialist,13609,tammy.kim1796@meta.com,+91-93067-14163,Bhubaneswar,2025-11-25
EMP01797,Vanessa Harrington,Female,Research and Development,R&D Project Manager,16113,vanessa.harrington1797@meta.com,+91-60787-51617,Kishanganj,2025-07-27
EMP01798,Andrew Garcia,Male,Marketing,Content Marketing Manager,18253,andrew.garcia1798@meta.com,+91-76649-46367,Tiruppur,2025-03-16
EMP01799,Thomas Moore,Male,Research and Development,R&D Engineer,27759,thomas.moore1799@meta.com,+91-95900-32669,Mango,2025-11-21
EMP01800,Pamela Jimenez,Female,Marketing,Digital Marketing Specialist,18694,pamela.jimenez1800@meta.com,+91-90210-64856,Jamnagar,2025-03-07
EMP01801,Maria Cook,Female,IT,data analytics,18001,maria.cook1801@meta.com,+91-76039-83988,Bhilai,2025-01-12
EMP01802,Samuel Gonzales,Male,Research and Development,R&D Project Manager,36177,samuel.gonzales1802@meta.com,+91-68051-91078,Chennai,2025-09-02
EMP01803,Danielle Lamb,Female,Marketing,SEO Specialist,49779,danielle.lamb1803@meta.com,+91-80520-57549,Baranagar,2025-05-13
EMP01804,Jonathan Miller,Male,IT,software engineer,35488,jonathan.miller1804@meta.com,+91-86382-55948,Vijayanagaram,2025-06-27
EMP01805,Heather Ortega,Female,Research and Development,R&D Project Manager,25574,heather.ortega1805@meta.com,+91-62606-81589,Bettiah,2025-04-10
EMP01806,Jennifer Perez,Female,IT,ML engineer,41587,jennifer.perez1806@meta.com,+91-86487-62037,Haridwar,2025-05-12
EMP01807,Tamara Villanueva,Female,Research and Development,R&D Engineer,46707,tamara.villanueva1807@meta.com,+91-79535-72879,Ludhiana,2025-04-30
EMP01808,Jessica Carrillo,Female,Marketing,Digital Marketing Specialist,46752,jessica.carrillo1808@meta.com,+91-75894-20571,Guwahati,2025-07-21
EMP01809,Gina Morales,Female,IT,ML engineer,43458,gina.morales1809@meta.com,+91-98578-36183,Raebareli,2025-12-06
EMP01810,Antonio Malone,Male,IT,data scientist,45161,antonio.malone1810@meta.com,+91-67122-24535,Ramgarh,2025-06-02
EMP01811,Amy Welch,Female,Marketing,SEO Specialist,42454,amy.welch1811@meta.com,+91-66335-42235,Gurgaon,2025-06-21
EMP01812,James Becker,Male,IT,data scientist,33423,james.becker1812@meta.com,+91-70486-75156,Satara,2025-05-21
EMP01813,Susan Smith,Female,Marketing,Marketing Manager,14218,susan.smith1813@meta.com,+91-89389-43171,Dehri,2025-11-12
EMP01814,Lisa Thomas,Female,Marketing,Marketing Analyst,31931,lisa.thomas1814@meta.com,+91-72470-36314,Amroha,2025-09-29
EMP01815,Maria Clay,Female,IT,software engineer,13265,maria.clay1815@meta.com,+91-73518-31073,Hapur,2025-09-01
EMP01816,Stephen Harrington,Male,IT,ML engineer,19475,stephen.harrington1816@meta.com,+91-75772-76440,Davanagere,2025-11-18
EMP01817,Shirley Miller,Female,Marketing,Marketing Manager,15427,shirley.miller1817@meta.com,+91-62713-08327,Pali,2025-07-11
EMP01818,Molly Singh,Female,Marketing,SEO Specialist,16837,molly.singh1818@meta.com,+91-83283-58084,Saharsa,2025-05-17
EMP01819,Wendy Campbell,Female,Research and Development,R&D Engineer,42490,wendy.campbell1819@meta.com,+91-70329-82516,Sasaram,2025-12-30
EMP01820,Kristen Boyd,Female,Marketing,SEO Specialist,20063,kristen.boyd1820@meta.com,+91-87108-33878,Lucknow,2025-04-22
EMP01821,Alexis Hogan,Male,IT,data analytics,39752,alexis.hogan1821@meta.com,+91-88501-12934,New Delhi,2025-09-20
EMP01822,Sandra Torres,Female,Marketing,SEO Specialist,10165,sandra.torres1822@meta.com,+91-95704-36869,Dibrugarh,2025-11-07
EMP01823,Brian Brown,Male,Marketing,SEO Specialist,34552,brian.brown1823@meta.com,+91-80562-76121,Rampur,2025-05-22
EMP01824,Mark Gomez,Male,Research and Development,R&D Engineer,43905,mark.gomez1824@meta.com,+91-86444-33843,Amravati,2025-06-05
EMP01825,Joan Armstrong,Female,Research and Development,R&D Engineer,30048,joan.armstrong1825@meta.com,+91-79444-34597,Malda,2025-10-26
EMP01826,Gina Young,Female,Research and Development,Research Scientist,41907,gina.young1826@meta.com,+91-99621-25496,Etawah,2025-02-26
EMP01827,Edwin Estrada,Male,Marketing,Marketing Analyst,40300,edwin.estrada1827@meta.com,+91-98762-68664,Burhanpur,2025-03-30
EMP01828,Kelly Wright,Female,Marketing,SEO Specialist,42799,kelly.wright1828@meta.com,+91-84136-74058,Hazaribagh,2025-07-11
EMP01829,Lauren Carson,Female,IT,ML engineer,19938,lauren.carson1829@meta.com,+91-78593-07778,Malda,2025-09-06
EMP01830,Annette Dawson,Female,Marketing,Marketing Analyst,42871,annette.dawson1830@meta.com,+91-66418-59611,Jodhpur,2025-03-27
EMP01831,Brandon Coleman,Male,IT,ML engineer,39100,brandon.coleman1831@meta.com,+91-63428-94729,Fatehpur,2025-12-09
EMP01832,Cindy Miller,Female,Research and Development,R&D Engineer,29060,cindy.miller1832@meta.com,+91-65759-52937,Giridih,2025-01-19
EMP01833,Justin Maxwell,Male,Marketing,Marketing Manager,22514,justin.maxwell1833@meta.com,+91-91036-60179,Bhimavaram,2025-08-24
EMP01834,Kathleen Henderson,Female,Research and Development,Research Scientist,42039,kathleen.henderson1834@meta.com,+91-97153-09173,Unnao,2025-05-02
EMP01835,Monique Butler,Female,Marketing,SEO Specialist,26383,monique.butler1835@meta.com,+91-89742-87750,Asansol,2025-01-30
EMP01836,Kathy Washington,Female,IT,data scientist,44994,kathy.washington1836@meta.com,+91-72028-87601,Bikaner,2025-11-06
EMP01837,Tracy Palmer,Female,Marketing,Digital Marketing Specialist,42276,tracy.palmer1837@meta.com,+91-89246-24754,Rajpur Sonarpur,2025-02-02
EMP01838,Joy Johnson,Female,Research and Development,Research Scientist,22846,joy.johnson1838@meta.com,+91-66962-36851,Karaikudi,2025-01-13
EMP01839,Jacob Crane,Male,Marketing,Digital Marketing Specialist,37202,jacob.crane1839@meta.com,+91-78452-70885,Bhubaneswar,2025-08-08
EMP01840,Bryan Armstrong,Male,IT,data scientist,18416,bryan.armstrong1840@meta.com,+91-77126-31395,Nagaon,2025-11-25
EMP01841,Christian Watson,Male,Marketing,Content Marketing Manager,30062,christian.watson1841@meta.com,+91-99742-63323,Avadi,2025-06-12
EMP01842,Elizabeth Johnson,Female,Marketing,Marketing Manager,17168,elizabeth.johnson1842@meta.com,+91-67667-60345,Ajmer,2025-01-10
EMP01843,Rachel Fisher,Female,IT,software engineer,23505,rachel.fisher1843@meta.com,+91-66287-57588,Anantapuram,2025-02-11
EMP01844,Cindy Fuentes,Female,Marketing,Digital Marketing Specialist,20866,cindy.fuentes1844@meta.com,+91-69251-39814,Delhi,2025-10-05
EMP01845,Bryan Bailey,Male,Marketing,Marketing Manager,22818,bryan.bailey1845@meta.com,+91-65832-90596,Erode,2025-09-05
EMP01846,Karen Collins,Female,IT,data scientist,40476,karen.collins1846@meta.com,+91-91604-48610,Naihati,2025-03-17
EMP01847,Richard Alvarez,Male,Marketing,Content Marketing Manager,44311,richard.alvarez1847@meta.com,+91-95613-50863,Durgapur,2025-06-02
EMP01848,Kathy Murray,Female,Marketing,Marketing Analyst,38141,kathy.murray1848@meta.com,+91-92500-76263,Sultan Pur Majra,2025-05-09
EMP01849,Chase Luna,Male,Research and Development,Product Development Engineer,11013,chase.luna1849@meta.com,+91-72361-94057,Alappuzha,2025-07-11
EMP01850,James Mccullough,Male,IT,data analytics,45705,james.mccullough1850@meta.com,+91-75402-13256,Panvel,2025-07-23
EMP01851,Angel Santiago,Male,Marketing,Digital Marketing Specialist,36314,angel.santiago1851@meta.com,+91-61159-07475,Alwar,2025-03-14
EMP01852,Matthew Cline,Male,IT,ML engineer,45732,matthew.cline1852@meta.com,+91-77818-60328,Aurangabad,2025-02-13
EMP01853,Lorraine Ingram,Female,Marketing,Marketing Analyst,26627,lorraine.ingram1853@meta.com,+91-95771-87397,Kishanganj,2025-03-19
EMP01854,Matthew Schneider,Male,IT,software engineer,47444,matthew.schneider1854@meta.com,+91-83954-59376,Nellore,2025-02-21
EMP01855,Tina Weaver,Female,Marketing,Marketing Manager,41846,tina.weaver1855@meta.com,+91-61359-83196,Jehanabad,2025-01-03
EMP01856,Kelly Christensen,Female,IT,data analytics,26604,kelly.christensen1856@meta.com,+91-77652-45157,Jamshedpur,2025-07-26
EMP01857,Mary Schmidt,Female,Marketing,SEO Specialist,13974,mary.schmidt1857@meta.com,+91-63239-89746,Panipat,2025-04-30
EMP01858,Richard Sanchez,Male,Research and Development,Product Development Engineer,25488,richard.sanchez1858@meta.com,+91-62154-87374,Guwahati,2025-05-16
EMP01859,Renee Lawson,Female,IT,software engineer,29804,renee.lawson1859@meta.com,+91-88857-97210,Giridih,2025-06-26
EMP01860,Amanda Atkins,Female,IT,ML engineer,28973,amanda.atkins1860@meta.com,+91-74475-98724,Mau,2025-03-02
EMP01861,Jeffrey Perry,Male,IT,software engineer,41727,jeffrey.perry1861@meta.com,+91-93836-33154,Eluru,2025-03-27
EMP01862,Dawn Wilson,Female,Research and Development,R&D Project Manager,23768,dawn.wilson1862@meta.com,+91-85290-20593,Hosur,2025-06-28
EMP01863,Carol Thomas,Female,IT,data analytics,34835,carol.thomas1863@meta.com,+91-79974-21450,Hubli–Dharwad,2025-08-15
EMP01864,Brittany Farley,Female,Marketing,SEO Specialist,49068,brittany.farley1864@meta.com,+91-84725-81241,Allahabad,2025-08-16
EMP01865,Lucas Nguyen,Male,Research and Development,Research Scientist,13615,lucas.nguyen1865@meta.com,+91-97915-41749,Howrah,2025-12-01
EMP01866,Edward Garcia,Male,Marketing,Digital Marketing Specialist,20745,edward.garcia1866@meta.com,+91-71927-25220,Haridwar,2025-07-25
EMP01867,Steven Scott,Male,Marketing,Content Marketing Manager,26946,steven.scott1867@meta.com,+91-76066-14831,Faridabad,2025-06-06
EMP01868,Dale Goodwin,Male,IT,ML engineer,25888,dale.goodwin1868@meta.com,+91-97078-25835,Kumbakonam,2025-06-24
EMP01869,Jordan Gordon,Male,IT,software engineer,47922,jordan.gordon1869@meta.com,+91-62399-50247,Agartala,2025-06-04
EMP01870,Antonio Marshall,Male,Marketing,Marketing Analyst,11957,antonio.marshall1870@meta.com,+91-95945-95012,Amritsar,2025-10-30
EMP01871,John Russell,Male,IT,software engineer,26325,john.russell1871@meta.com,+91-69086-73442,Surat,2025-10-31
EMP01872,Derrick Richmond,Male,Research and Development,Product Development Engineer,47084,derrick.richmond1872@meta.com,+91-91848-62133,Shahjahanpur,2025-07-29
EMP01873,Phillip Pearson,Male,Research and Development,Research Scientist,41056,phillip.pearson1873@meta.com,+91-93101-15003,Avadi,2025-12-26
EMP01874,Keith Griffin,Male,IT,data analytics,30461,keith.griffin1874@meta.com,+91-86106-76074,Ajmer,2025-06-02
EMP01875,Jacqueline Galloway,Female,Marketing,Marketing Manager,36106,jacqueline.galloway1875@meta.com,+91-85666-08414,Siwan,2025-11-29
EMP01876,Troy Ali,Male,IT,ML engineer,21214,troy.ali1876@meta.com,+91-96521-08349,Kalyan-Dombivli,2025-06-24
EMP01877,April Marshall,Female,Research and Development,R&D Project Manager,22362,april.marshall1877@meta.com,+91-70954-96256,Rourkela,2025-08-07
EMP01878,Aaron Mahoney,Male,IT,ML engineer,31992,aaron.mahoney1878@meta.com,+91-99114-26376,Darbhanga,2025-08-24
EMP01879,Kyle Franco,Male,IT,ML engineer,12902,kyle.franco1879@meta.com,+91-65499-60101,Etawah,2025-03-03
EMP01880,Ryan Lewis,Male,Research and Development,Research Analyst,18279,ryan.lewis1880@meta.com,+91-72158-85875,Ranchi,2025-09-16
EMP01881,Christopher Ferguson,Male,Research and Development,Research Scientist,32522,christopher.ferguson1881@meta.com,+91-89808-86069,Dewas,2025-08-27
EMP01882,Ann Hale,Female,Marketing,Marketing Analyst,17254,ann.hale1882@meta.com,+91-89288-51165,Miryalaguda,2025-10-07
EMP01883,Zachary Johns,Male,Research and Development,Research Scientist,21653,zachary.johns1883@meta.com,+91-86999-72947,Phagwara,2025-09-03
EMP01884,Jonathan Pham,Male,Marketing,Marketing Analyst,22535,jonathan.pham1884@meta.com,+91-81886-44683,Bhilwara,2025-02-26
EMP01885,Veronica Zimmerman,Female,Marketing,Marketing Analyst,24601,veronica.zimmerman1885@meta.com,+91-68657-29661,Sambalpur,2025-08-30
EMP01886,Mary Morris,Female,IT,software engineer,13266,mary.morris1886@meta.com,+91-80064-41846,Jaunpur,2025-12-22
EMP01887,Tyler Murphy,Male,IT,ML engineer,27150,tyler.murphy1887@meta.com,+91-79272-50996,Delhi,2025-01-31
EMP01888,Lee Smith,Male,Research and Development,Research Analyst,19719,lee.smith1888@meta.com,+91-92914-83929,Malegaon,2025-06-18
EMP01889,Jennifer Woodard,Female,Research and Development,Research Scientist,10755,jennifer.woodard1889@meta.com,+91-65162-96928,Singrauli,2025-03-25
EMP01890,Joshua Cobb,Male,Research and Development,R&D Project Manager,25883,joshua.cobb1890@meta.com,+91-86694-49925,Siwan,2025-03-28
EMP01891,Andre Collier,Male,Marketing,Digital Marketing Specialist,29739,andre.collier1891@meta.com,+91-97230-26009,Amravati,2025-01-29
EMP01892,Heather Hess,Female,Marketing,SEO Specialist,36645,heather.hess1892@meta.com,+91-68634-48736,Munger,2025-01-27
EMP01893,Cassandra Tate,Female,IT,data scientist,18188,cassandra.tate1893@meta.com,+91-96577-74389,Amravati,2025-04-26
EMP01894,Joel Mayer,Male,Marketing,Digital Marketing Specialist,47654,joel.mayer1894@meta.com,+91-95287-68761,Bangalore,2025-08-29
EMP01895,Daniel Smith,Male,Marketing,SEO Specialist,22984,daniel.smith1895@meta.com,+91-78802-04228,Secunderabad,2025-12-14
EMP01896,Corey Velasquez,Male,IT,data scientist,25073,corey.velasquez1896@meta.com,+91-93817-90537,Korba,2025-08-23
EMP01897,David Snyder,Male,IT,data scientist,25083,david.snyder1897@meta.com,+91-80931-83840,Vadodara,2025-07-02
EMP01898,Diana Conway,Female,Research and Development,Product Development Engineer,13548,diana.conway1898@meta.com,+91-86621-66233,Chennai,2025-02-10
EMP01899,Craig Nicholson,Male,Marketing,Marketing Analyst,15741,craig.nicholson1899@meta.com,+91-73589-70029,Bhubaneswar,2025-06-26
EMP01900,Sergio Carroll,Male,Marketing,Digital Marketing Specialist,30320,sergio.carroll1900@meta.com,+91-89968-16834,Tirunelveli,2025-03-04
EMP01901,Kristen Keller,Female,Marketing,Digital Marketing Specialist,21382,kristen.keller1901@meta.com,+91-79407-14806,Amritsar,2025-10-02
EMP01902,Leah Reese,Female,Research and Development,Product Development Engineer,25561,leah.reese1902@meta.com,+91-81804-00135,Rampur,2025-07-17
EMP01903,Taylor Foley,Female,Research and Development,Product Development Engineer,49036,taylor.foley1903@meta.com,+91-94012-90907,Nellore,2025-01-20
EMP01904,Ryan Johnson,Male,IT,software engineer,28646,ryan.johnson1904@meta.com,+91-97875-45505,Karaikudi,2025-01-20
EMP01905,Sonya Smith,Female,Marketing,Marketing Manager,35288,sonya.smith1905@meta.com,+91-75194-53569,Faridabad,2025-11-02
EMP01906,Scott Morris,Male,Marketing,Marketing Manager,48745,scott.morris1906@meta.com,+91-93457-31041,Panipat,2025-09-07
EMP01907,Bryan Holmes,Male,IT,software engineer,29030,bryan.holmes1907@meta.com,+91-91124-05770,Mirzapur,2025-10-01
EMP01908,Joseph Williams,Male,IT,data analytics,49561,joseph.williams1908@meta.com,+91-99556-51296,Nashik,2025-04-15
EMP01909,Diana Fisher,Female,Marketing,Marketing Manager,27053,diana.fisher1909@meta.com,+91-94593-54383,Satna,2025-09-09
EMP01910,Aaron Lee,Male,IT,data analytics,29944,aaron.lee1910@meta.com,+91-84363-49275,Aurangabad,2025-11-17
EMP01911,Rhonda Mooney,Female,IT,data scientist,11065,rhonda.mooney1911@meta.com,+91-61594-72774,Bhusawal,2025-05-04
EMP01912,Tyler Stark,Male,Research and Development,R&D Engineer,16515,tyler.stark1912@meta.com,+91-94517-81241,Dehradun,2025-02-22
EMP01913,Gary Brown,Male,Marketing,Marketing Manager,19076,gary.brown1913@meta.com,+91-89236-92957,Bhopal,2025-01-19
EMP01914,John Morton,Male,Research and Development,Product Development Engineer,36310,john.morton1914@meta.com,+91-92513-30772,Chandrapur,2025-04-23
EMP01915,David Wells,Male,IT,software engineer,48028,david.wells1915@meta.com,+91-62366-20671,Meerut,2025-10-18
EMP01916,Samantha Stone,Female,Marketing,Marketing Analyst,37086,samantha.stone1916@meta.com,+91-91663-57134,Srinagar,2025-06-17
EMP01917,Patricia Harvey,Female,IT,software engineer,20874,patricia.harvey1917@meta.com,+91-72182-37489,Amroha,2025-04-05
EMP01918,Lauren Miller,Female,IT,ML engineer,43990,lauren.miller1918@meta.com,+91-68156-75934,Visakhapatnam,2025-08-09
EMP01919,James Wu,Male,Research and Development,R&D Project Manager,17520,james.wu1919@meta.com,+91-72152-26057,Warangal,2025-08-02
EMP01920,Antonio Lang,Male,Marketing,Digital Marketing Specialist,41040,antonio.lang1920@meta.com,+91-96888-23019,Barasat,2025-12-22
EMP01921,Leslie Reynolds,Male,Marketing,Content Marketing Manager,45665,leslie.reynolds1921@meta.com,+91-91082-03208,Pimpri-Chinchwad,2025-02-26
EMP01922,Justin Phillips,Male,Research and Development,R&D Engineer,34920,justin.phillips1922@meta.com,+91-96897-62500,Rewa,2025-05-16
EMP01923,Anne Walton,Female,IT,software engineer,16680,anne.walton1923@meta.com,+91-77836-58745,Khora ,2025-04-19
EMP01924,Rachel Hanson,Female,IT,software engineer,24447,rachel.hanson1924@meta.com,+91-80075-18863,Yamunanagar,2025-06-25
EMP01925,John Patterson,Male,Research and Development,R&D Engineer,20261,john.patterson1925@meta.com,+91-86450-30307,Sonipat,2025-01-25
EMP01926,Marilyn Lowe,Female,Marketing,Marketing Manager,29392,marilyn.lowe1926@meta.com,+91-95012-87331,Malda,2025-03-20
EMP01927,Kelly Matthews,Female,Marketing,SEO Specialist,49298,kelly.matthews1927@meta.com,+91-87422-89265,Kota,2025-09-26
EMP01928,Alexandria Reeves,Female,IT,data scientist,26182,alexandria.reeves1928@meta.com,+91-67396-08430,Chapra,2025-07-17
EMP01929,Cameron Hicks,Male,IT,data scientist,37959,cameron.hicks1929@meta.com,+91-93975-39308,Bidar,2025-02-11
EMP01930,John Oliver,Male,Research and Development,R&D Project Manager,36610,john.oliver1930@meta.com,+91-82712-09022,Latur,2025-09-24
EMP01931,Brenda Williams,Female,Marketing,Content Marketing Manager,29681,brenda.williams1931@meta.com,+91-97685-55482,Bijapur,2025-02-24
EMP01932,Kevin Palmer,Male,IT,data analytics,40705,kevin.palmer1932@meta.com,+91-67497-24531,Bijapur,2025-04-14
EMP01933,Kevin Weaver,Male,Marketing,Content Marketing Manager,16767,kevin.weaver1933@meta.com,+91-69017-40061,Siliguri,2025-02-17
EMP01934,Julie Morrison,Female,Marketing,Marketing Analyst,15644,julie.morrison1934@meta.com,+91-83542-26354,Arrah,2025-12-26
EMP01935,Tracy Holmes,Female,Marketing,Digital Marketing Specialist,24995,tracy.holmes1935@meta.com,+91-64687-39873,Howrah,2025-12-22
EMP01936,David Fuentes,Male,Marketing,SEO Specialist,32805,david.fuentes1936@meta.com,+91-77796-64149,Bhusawal,2025-06-05
EMP01937,Hailey Bray,Female,Research and Development,R&D Engineer,27894,hailey.bray1937@meta.com,+91-97197-88833,Coimbatore,2025-12-05
EMP01938,Glenn Contreras,Male,Research and Development,R&D Engineer,41402,glenn.contreras1938@meta.com,+91-95620-92578,Ghaziabad,2025-09-04
EMP01939,Melissa Christian,Female,Marketing,Marketing Manager,38208,melissa.christian1939@meta.com,+91-63518-84181,Tadepalligudem,2025-03-11
EMP01940,Elizabeth Murphy,Female,IT,data analytics,48498,elizabeth.murphy1940@meta.com,+91-79323-25641,Malda,2025-06-01
EMP01941,Sherri Lozano,Female,Marketing,SEO Specialist,10321,sherri.lozano1941@meta.com,+91-75264-80539,Muzaffarnagar,2025-10-26
EMP01942,Thomas Fowler,Male,Marketing,Marketing Analyst,18266,thomas.fowler1942@meta.com,+91-63619-06771,Kirari Suleman Nagar,2025-01-29
EMP01943,Marcus Allen,Male,Marketing,SEO Specialist,14836,marcus.allen1943@meta.com,+91-90512-27651,Gandhinagar,2025-02-14
EMP01944,Daniel Lopez,Male,IT,software engineer,46440,daniel.lopez1944@meta.com,+91-76186-35069,Mirzapur,2025-12-29
EMP01945,Alexandra Howard,Female,Marketing,Digital Marketing Specialist,22887,alexandra.howard1945@meta.com,+91-70221-69466,Ajmer,2025-07-31
EMP01946,Donna Lee,Female,Marketing,SEO Specialist,14601,donna.lee1946@meta.com,+91-71095-80207,Varanasi,2025-07-23
EMP01947,Vanessa Gonzalez,Female,IT,data analytics,35192,vanessa.gonzalez1947@meta.com,+91-66678-14764,Akola,2025-05-03
EMP01948,Colleen Green,Female,Research and Development,R&D Engineer,30766,colleen.green1948@meta.com,+91-64428-17677,Sonipat,2025-12-04
EMP01949,Ryan Sanchez,Male,Marketing,Digital Marketing Specialist,44973,ryan.sanchez1949@meta.com,+91-78644-13642,Lucknow,2025-11-16
EMP01950,Casey Green,Female,IT,data scientist,30514,casey.green1950@meta.com,+91-79423-57296,Jaipur,2025-12-27
EMP01951,Sandra Taylor,Female,Research and Development,Research Scientist,17611,sandra.taylor1951@meta.com,+91-63924-07054,Sonipat,2025-06-20
EMP01952,Taylor Torres,Female,Research and Development,Research Analyst,48917,taylor.torres1952@meta.com,+91-67961-44613,Uluberia,2025-02-20
EMP01953,Robert Guerrero,Male,IT,ML engineer,35570,robert.guerrero1953@meta.com,+91-74117-37215,Amritsar,2025-02-07
EMP01954,Bryan Andrade,Male,IT,ML engineer,32590,bryan.andrade1954@meta.com,+91-94249-56345,Jhansi,2025-06-27
EMP01955,Corey Gray,Male,Research and Development,R&D Engineer,26702,corey.gray1955@meta.com,+91-92006-99425,Ratlam,2025-03-17
EMP01956,Linda Rowland,Female,Marketing,SEO Specialist,38251,linda.rowland1956@meta.com,+91-61357-12753,Ranchi,2025-05-08
EMP01957,Phillip Matthews,Male,Research and Development,R&D Project Manager,19578,phillip.matthews1957@meta.com,+91-76955-29870,Jalgaon,2025-08-30
EMP01958,Garrett Brown,Male,IT,data scientist,38926,garrett.brown1958@meta.com,+91-77972-31406,Cuttack,2025-01-12
EMP01959,Sarah Schmitt,Female,IT,data analytics,26605,sarah.schmitt1959@meta.com,+91-64746-72306,Bhagalpur,2025-06-17
EMP01960,Monica Mueller,Female,Marketing,Marketing Manager,11276,monica.mueller1960@meta.com,+91-69801-35214,Rourkela,2025-03-30
EMP01961,Jordan Potter,Male,Research and Development,Research Scientist,10843,jordan.potter1961@meta.com,+91-74912-07509,Panchkula,2025-12-09
EMP01962,Kelly White,Female,Research and Development,R&D Engineer,27999,kelly.white1962@meta.com,+91-79321-45858,Hajipur,2025-02-27
EMP01963,Melissa Baldwin,Female,Research and Development,Product Development Engineer,24490,melissa.baldwin1963@meta.com,+91-64843-57328,Bhalswa Jahangir Pur,2025-05-11
EMP01964,Debra Morales,Female,Marketing,Marketing Analyst,14212,debra.morales1964@meta.com,+91-63424-05275,Dhule,2025-02-21
EMP01965,Colleen Harris,Female,Research and Development,Research Scientist,42099,colleen.harris1965@meta.com,+91-92546-55210,Tenali,2025-01-10
EMP01966,Colleen Coleman,Female,Research and Development,R&D Project Manager,37243,colleen.coleman1966@meta.com,+91-67718-73661,Aurangabad,2025-10-10
EMP01967,Christopher Kirby,Male,Marketing,Content Marketing Manager,45929,christopher.kirby1967@meta.com,+91-79662-97983,Jamalpur,2025-07-27
EMP01968,Bradley Walton,Male,Marketing,Digital Marketing Specialist,49047,bradley.walton1968@meta.com,+91-80113-13541,Raiganj,2025-08-17
EMP01969,Joseph Hall,Male,Marketing,Marketing Manager,24486,joseph.hall1969@meta.com,+91-69259-09398,Kirari Suleman Nagar,2025-09-17
EMP01970,Jose Rogers,Male,Research and Development,R&D Project Manager,40860,jose.rogers1970@meta.com,+91-68478-39192,Bhind,2025-12-26
EMP01971,Jessica Richardson,Female,Research and Development,Research Analyst,33885,jessica.richardson1971@meta.com,+91-70734-34681,Ratlam,2025-04-07
EMP01972,Denise Johnson,Female,Research and Development,R&D Project Manager,24647,denise.johnson1972@meta.com,+91-67749-42760,Muzaffarpur,2025-07-19
EMP01973,Derek Jones,Male,Research and Development,R&D Project Manager,33373,derek.jones1973@meta.com,+91-99078-69172,Durg,2025-12-30
EMP01974,Sarah Hunt,Female,IT,software engineer,43686,sarah.hunt1974@meta.com,+91-72471-55562,Bally,2025-12-18
EMP01975,Tammy Garcia,Female,Marketing,SEO Specialist,16935,tammy.garcia1975@meta.com,+91-67757-48811,Karimnagar,2025-06-18
EMP01976,Amanda Gonzalez,Female,IT,data scientist,23844,amanda.gonzalez1976@meta.com,+91-97868-13698,Ozhukarai,2025-09-20
EMP01977,Danielle Mcgee,Female,Research and Development,Research Scientist,45789,danielle.mcgee1977@meta.com,+91-87946-09564,Jhansi,2025-09-12
EMP01978,Michele Bolton,Female,Research and Development,R&D Project Manager,29476,michele.bolton1978@meta.com,+91-83662-72804,Bangalore,2025-03-29
EMP01979,Patricia Campbell,Female,IT,data analytics,32502,patricia.campbell1979@meta.com,+91-86243-56082,Sambhal,2025-06-24
EMP01980,Tracy Underwood,Male,Research and Development,R&D Project Manager,31586,tracy.underwood1980@meta.com,+91-64679-38479,Chittoor,2025-09-12
EMP01981,Martha Hays,Female,Marketing,Content Marketing Manager,14721,martha.hays1981@meta.com,+91-94389-64929,Sikar,2025-11-30
EMP01982,Darren Cummings,Male,Research and Development,Product Development Engineer,40519,darren.cummings1982@meta.com,+91-90961-66052,Bhalswa Jahangir Pur,2025-10-26
EMP01983,David Matthews,Male,IT,data scientist,22934,david.matthews1983@meta.com,+91-82215-61560,Surendranagar Dudhrej,2025-04-06
EMP01984,Glen Miller,Male,IT,data scientist,35728,glen.miller1984@meta.com,+91-81436-31615,Haldia,2025-01-28
EMP01985,Randy Wolfe,Male,IT,data scientist,26100,randy.wolfe1985@meta.com,+91-84046-85733,Bahraich,2025-08-20
EMP01986,Jerry Hansen,Male,IT,software engineer,12683,jerry.hansen1986@meta.com,+91-91219-29324,Kolhapur,2025-07-20
EMP01987,Kenneth Anderson,Male,IT,software engineer,46111,kenneth.anderson1987@meta.com,+91-79591-67040,Panchkula,2025-07-27
EMP01988,Robert Flowers,Male,IT,data scientist,19792,robert.flowers1988@meta.com,+91-76632-46202,Kamarhati,2025-07-09
EMP01989,Jennifer Jennings,Female,Marketing,Content Marketing Manager,31821,jennifer.jennings1989@meta.com,+91-61474-44583,Siwan,2025-04-21
EMP01990,Elijah Matthews,Male,Research and Development,R&D Engineer,41991,elijah.matthews1990@meta.com,+91-98170-64017,Kolhapur,2025-05-06
EMP01991,Brittany Cisneros,Female,Research and Development,Product Development Engineer,19313,brittany.cisneros1991@meta.com,+91-98516-15330,Tezpur,2025-02-23
EMP01992,Lori Morrison,Female,Research and Development,Research Scientist,38289,lori.morrison1992@meta.com,+91-90796-10523,Eluru,2025-01-17
EMP01993,Christina Myers,Female,Marketing,Content Marketing Manager,41170,christina.myers1993@meta.com,+91-79375-12627,Maheshtala,2025-02-07
EMP01994,John Murphy,Male,Research and Development,Product Development Engineer,49937,john.murphy1994@meta.com,+91-71824-19005,Avadi,2025-03-16
EMP01995,Brandon Garcia,Male,Research and Development,Product Development Engineer,39128,brandon.garcia1995@meta.com,+91-81736-37541,Patna,2025-10-08
EMP01996,Ronald Morrison,Male,IT,data analytics,22682,ronald.morrison1996@meta.com,+91-71687-00945,Gaya,2025-01-28
EMP01997,Christina Pruitt,Female,Marketing,SEO Specialist,37465,christina.pruitt1997@meta.com,+91-85372-48460,Anantapuram,2025-08-07
EMP01998,Christine Carter,Female,Marketing,Digital Marketing Specialist,26847,christine.carter1998@meta.com,+91-81444-24924,Malda,2025-12-23
EMP01999,Amy Stone,Female,Marketing,Marketing Analyst,41362,amy.stone1999@meta.com,+91-94890-95691,Khammam,2025-06-06
EMP02000,Scott Jenkins,Male,Marketing,Content Marketing Manager,14017,scott.jenkins2000@meta.com,+91-75986-06310,Bhubaneswar,2025-06-24
EMP02001,Carl Barnes,Male,Marketing,Marketing Manager,43813,carl.barnes2001@meta.com,+91-90375-02694,Pali,2025-06-06
EMP02002,Tina Glenn,Female,Research and Development,Research Analyst,14201,tina.glenn2002@meta.com,+91-74588-79162,Tiruppur,2025-07-11
EMP02003,Emily Meyers,Female,IT,data analytics,11180,emily.meyers2003@meta.com,+91-65066-55074,Kozhikode,2025-12-21
EMP02004,Lindsey Crosby,Female,Marketing,Marketing Manager,34052,lindsey.crosby2004@meta.com,+91-70419-42229,Ambala,2025-10-24
EMP02005,Michelle Stevens,Female,Research and Development,Product Development Engineer,49131,michelle.stevens2005@meta.com,+91-94194-63008,Chennai,2025-01-01
EMP02006,William Griffin,Male,Research and Development,Product Development Engineer,13342,william.griffin2006@meta.com,+91-64701-31651,Mahbubnagar,2025-11-17
EMP02007,Robert Fox,Male,Research and Development,R&D Project Manager,21509,robert.fox2007@meta.com,+91-60919-49746,Jaunpur,2025-12-12
EMP02008,Julie Williams,Female,Research and Development,R&D Engineer,49265,julie.williams2008@meta.com,+91-93897-27336,Tumkur,2025-11-12
EMP02009,Maria Ellison,Female,Research and Development,R&D Engineer,13680,maria.ellison2009@meta.com,+91-80237-40763,Bihar Sharif,2025-04-07
EMP02010,James Colon,Male,Marketing,Content Marketing Manager,25058,james.colon2010@meta.com,+91-97735-76316,Vijayanagaram,2025-07-12
EMP02011,David Yoder,Male,Research and Development,Research Analyst,32511,david.yoder2011@meta.com,+91-97845-03275,Berhampore,2025-02-10
EMP02012,Janice Hopkins,Female,Marketing,Content Marketing Manager,12284,janice.hopkins2012@meta.com,+91-62834-20323,Singrauli,2025-10-17
EMP02013,Melissa Williams,Female,IT,data scientist,26936,melissa.williams2013@meta.com,+91-87397-19099,Panipat,2025-09-23
EMP02014,Sonya Medina,Female,Research and Development,Research Scientist,45011,sonya.medina2014@meta.com,+91-84455-93212,Bellary,2025-10-23
EMP02015,Susan Jenkins,Female,IT,data scientist,13428,susan.jenkins2015@meta.com,+91-97129-58016,Arrah,2025-08-03
EMP02016,Angela Garcia,Female,IT,ML engineer,42462,angela.garcia2016@meta.com,+91-70828-85847,Alappuzha,2025-02-22
EMP02017,Jerry King,Male,IT,ML engineer,40833,jerry.king2017@meta.com,+91-86543-25994,Surendranagar Dudhrej,2025-10-08
EMP02018,Alyssa Fowler,Female,Research and Development,Product Development Engineer,21812,alyssa.fowler2018@meta.com,+91-62013-02868,Eluru,2025-08-05
EMP02019,Gwendolyn Ross,Female,Marketing,Content Marketing Manager,42993,gwendolyn.ross2019@meta.com,+91-95544-23242,Sikar,2025-02-05
EMP02020,Andrew King,Male,Marketing,Marketing Manager,17572,andrew.king2020@meta.com,+91-77562-99694,Khammam,2025-12-23
EMP02021,Meagan Marshall,Female,Marketing,Marketing Manager,48104,meagan.marshall2021@meta.com,+91-72850-12922,Jabalpur,2025-11-06
EMP02022,Bradley Sandoval,Male,Marketing,Marketing Analyst,36681,bradley.sandoval2022@meta.com,+91-69035-47728,Kolhapur,2025-08-27
EMP02023,John Ramirez,Male,Research and Development,Product Development Engineer,31973,john.ramirez2023@meta.com,+91-85891-07492,Tirunelveli,2025-01-28
EMP02024,Ryan Lawson,Male,Marketing,Digital Marketing Specialist,42247,ryan.lawson2024@meta.com,+91-65612-83108,Durg,2025-03-08
EMP02025,Caleb Figueroa,Male,IT,software engineer,42213,caleb.figueroa2025@meta.com,+91-75470-30626,Solapur,2025-09-19
EMP02026,Megan Smith,Female,Research and Development,Product Development Engineer,34687,megan.smith2026@meta.com,+91-73380-91861,Jamnagar,2025-03-13
EMP02027,Jeremiah Thompson,Male,IT,data analytics,38363,jeremiah.thompson2027@meta.com,+91-69392-57535,Katihar,2025-03-22
EMP02028,Cindy Horton,Female,Marketing,Marketing Manager,31517,cindy.horton2028@meta.com,+91-70026-85847,Pali,2025-03-27
EMP02029,Michael Wallace,Male,Research and Development,R&D Engineer,11099,michael.wallace2029@meta.com,+91-78959-14843,Nashik,2025-08-07
EMP02030,Patricia Wang,Female,IT,data analytics,19438,patricia.wang2030@meta.com,+91-97971-59422,Dindigul,2025-02-10
EMP02031,Terry Gonzalez,Male,Marketing,Digital Marketing Specialist,45189,terry.gonzalez2031@meta.com,+91-78268-79632,Bidar,2025-08-06
EMP02032,Alexis Smith,Male,IT,data scientist,39682,alexis.smith2032@meta.com,+91-96703-33529,Rajkot,2025-08-25
EMP02033,Daniel Khan,Male,Research and Development,R&D Engineer,21155,daniel.khan2033@meta.com,+91-88890-77071,Rourkela,2025-06-25
EMP02034,Amanda Hunt,Female,Marketing,SEO Specialist,44157,amanda.hunt2034@meta.com,+91-79789-62145,North Dumdum,2025-02-05
EMP02035,Kristina Lopez,Female,Research and Development,Product Development Engineer,28709,kristina.lopez2035@meta.com,+91-98458-93629,Hosur,2025-09-21
EMP02036,Jennifer Patterson,Female,Research and Development,Product Development Engineer,42732,jennifer.patterson2036@meta.com,+91-72760-62634,Kakinada,2025-12-20
EMP02037,Ashley Morris,Female,IT,software engineer,37737,ashley.morris2037@meta.com,+91-72695-58940,Rewa,2025-07-31
EMP02038,Matthew Smith,Male,Research and Development,R&D Project Manager,48970,matthew.smith2038@meta.com,+91-82090-82562,Berhampore,2025-09-16
EMP02039,Connie Barrett,Female,IT,data analytics,19422,connie.barrett2039@meta.com,+91-72463-87050,Arrah,2025-03-01
EMP02040,Amanda Mcclure,Female,IT,data scientist,39952,amanda.mcclure2040@meta.com,+91-88140-64170,Barasat,2025-06-13
EMP02041,Patricia Porter,Female,Marketing,Content Marketing Manager,38278,patricia.porter2041@meta.com,+91-84962-93359,Jorhat,2025-01-14
EMP02042,Raven Nielsen,Female,Marketing,Digital Marketing Specialist,35344,raven.nielsen2042@meta.com,+91-75643-38885,Chandrapur,2025-11-16
EMP02043,Tina Greene,Female,IT,ML engineer,18584,tina.greene2043@meta.com,+91-81998-76570,Guntur,2025-11-29
EMP02044,Evelyn Reid,Female,IT,software engineer,49993,evelyn.reid2044@meta.com,+91-70832-21808,Ongole,2025-03-11
EMP02045,Andrea Smith,Female,Research and Development,Product Development Engineer,27175,andrea.smith2045@meta.com,+91-92571-91762,Eluru,2025-02-16
EMP02046,Jorge Harmon,Male,Research and Development,Research Analyst,28725,jorge.harmon2046@meta.com,+91-67127-26702,Muzaffarpur,2025-04-01
EMP02047,Alex Blake,Male,Research and Development,Research Scientist,33704,alex.blake2047@meta.com,+91-73550-09490,Tirupati,2025-12-02
EMP02048,David Patterson,Male,IT,ML engineer,29823,david.patterson2048@meta.com,+91-90559-72399,Udupi,2025-05-15
EMP02049,Angela Taylor,Female,Marketing,Marketing Manager,23246,angela.taylor2049@meta.com,+91-76641-45042,Sagar,2025-03-07
EMP02050,Dale Bennett,Male,IT,data scientist,11698,dale.bennett2050@meta.com,+91-76875-90285,Patiala,2025-03-25
EMP02051,Thomas George,Male,Research and Development,R&D Project Manager,44622,thomas.george2051@meta.com,+91-65633-18155,Ozhukarai,2025-09-20
EMP02052,Chad Stewart,Male,IT,data scientist,22595,chad.stewart2052@meta.com,+91-83582-41786,Saharsa,2025-09-08
EMP02053,Ricky Perry,Male,Marketing,Marketing Manager,41736,ricky.perry2053@meta.com,+91-60669-01572,Nagpur,2025-06-14
EMP02054,Daryl Quinn,Male,IT,data scientist,23496,daryl.quinn2054@meta.com,+91-70829-23042,Latur,2025-09-23
EMP02055,Christine Brown,Female,Marketing,Marketing Analyst,13803,christine.brown2055@meta.com,+91-94717-61037,Korba,2025-03-02
EMP02056,Lisa James,Female,IT,data scientist,42601,lisa.james2056@meta.com,+91-60969-07648,South Dumdum,2025-01-16
EMP02057,Jeremy Smith,Male,Research and Development,R&D Project Manager,34845,jeremy.smith2057@meta.com,+91-70340-52989,Coimbatore,2025-07-23
EMP02058,Troy Williams,Male,Research and Development,R&D Engineer,26241,troy.williams2058@meta.com,+91-76047-38758,Kurnool,2025-02-03
EMP02059,Beth Thompson,Female,Research and Development,Research Scientist,46663,beth.thompson2059@meta.com,+91-91128-74872,Noida,2025-12-23
EMP02060,Jordan Simmons,Male,Research and Development,R&D Engineer,25951,jordan.simmons2060@meta.com,+91-93784-18356,Bijapur,2025-12-18
EMP02061,Carly Gonzalez,Female,Research and Development,Research Analyst,27979,carly.gonzalez2061@meta.com,+91-83827-89799,Belgaum,2025-09-23
EMP02062,Larry Turner,Male,IT,data analytics,42480,larry.turner2062@meta.com,+91-75435-61202,Panihati,2025-05-01
EMP02063,Denise Harrington,Female,Marketing,SEO Specialist,33861,denise.harrington2063@meta.com,+91-84824-47027,Karimnagar,2025-03-08
EMP02064,James Jackson,Male,Marketing,Digital Marketing Specialist,16923,james.jackson2064@meta.com,+91-93854-02501,Bhusawal,2025-05-18
EMP02065,Kathy Moss,Female,IT,ML engineer,38797,kathy.moss2065@meta.com,+91-75777-80513,Ongole,2025-01-16
EMP02066,Alejandro James,Male,Marketing,Marketing Manager,15854,alejandro.james2066@meta.com,+91-73773-72991,Dewas,2025-07-23
EMP02067,Kurt Hernandez,Male,Marketing,Content Marketing Manager,26743,kurt.hernandez2067@meta.com,+91-74020-27262,Bardhaman,2025-06-23
EMP02068,Jamie Torres,Female,Research and Development,Product Development Engineer,37786,jamie.torres2068@meta.com,+91-60980-96141,Gandhinagar,2025-04-23
EMP02069,Kristina Castillo,Female,Research and Development,Product Development Engineer,27501,kristina.castillo2069@meta.com,+91-76677-78355,Bhavnagar,2025-12-03
EMP02070,Miguel Gonzalez,Male,Research and Development,Research Analyst,39555,miguel.gonzalez2070@meta.com,+91-69527-60690,Kolkata,2025-02-28
EMP02071,Adam Mason,Male,IT,data analytics,27014,adam.mason2071@meta.com,+91-62865-17440,Pallavaram,2025-08-04
EMP02072,Jared Perry,Male,Marketing,Content Marketing Manager,31674,jared.perry2072@meta.com,+91-88185-32743,Dindigul,2025-03-12
EMP02073,James Parker,Male,Research and Development,Product Development Engineer,33181,james.parker2073@meta.com,+91-91359-19799,Alappuzha,2025-02-04
EMP02074,Stacey Riddle,Female,IT,ML engineer,30056,stacey.riddle2074@meta.com,+91-95763-13142,Kharagpur,2025-04-27
EMP02075,Timothy Martin,Male,Marketing,Marketing Analyst,43710,timothy.martin2075@meta.com,+91-97660-00591,Rohtak,2025-12-31
EMP02076,Patricia Walton,Female,Research and Development,Research Analyst,39391,patricia.walton2076@meta.com,+91-99728-87932,Danapur,2025-12-24
EMP02077,Michelle Reid,Female,IT,data scientist,30537,michelle.reid2077@meta.com,+91-87788-22154,Howrah,2025-07-03
EMP02078,Marilyn House,Female,Research and Development,Product Development Engineer,47603,marilyn.house2078@meta.com,+91-66018-36948,Latur,2025-06-24
EMP02079,John Dorsey,Male,Research and Development,Research Scientist,44385,john.dorsey2079@meta.com,+91-99655-07071,Bhopal,2025-08-02
EMP02080,Michael Brewer,Male,IT,ML engineer,36301,michael.brewer2080@meta.com,+91-82701-55053,Mahbubnagar,2025-06-05
EMP02081,Jesus Becker,Male,Research and Development,Research Analyst,42078,jesus.becker2081@meta.com,+91-79869-87914,Shahjahanpur,2025-12-09
EMP02082,Lindsey Lynn,Female,Marketing,Content Marketing Manager,42478,lindsey.lynn2082@meta.com,+91-90451-12300,Ahmedabad,2025-11-29
EMP02083,Bruce Davis,Male,Research and Development,R&D Engineer,20878,bruce.davis2083@meta.com,+91-94904-47149,Sikar,2025-04-15
EMP02084,Michael Mccann,Male,Research and Development,Research Analyst,40105,michael.mccann2084@meta.com,+91-64485-97006,Kadapa,2025-08-30
EMP02085,Theodore Liu,Male,Research and Development,R&D Project Manager,11387,theodore.liu2085@meta.com,+91-90250-67477,Purnia,2025-10-24
EMP02086,David Turner,Male,IT,software engineer,42683,david.turner2086@meta.com,+91-65852-21647,Dharmavaram,2025-10-04
EMP02087,Elizabeth Jenkins,Female,Marketing,Digital Marketing Specialist,36859,elizabeth.jenkins2087@meta.com,+91-80428-83443,Moradabad,2025-12-13
EMP02088,Makayla Frank,Female,IT,data scientist,42908,makayla.frank2088@meta.com,+91-64545-09037,Asansol,2025-03-18
EMP02089,Derrick Clark,Male,IT,data analytics,21767,derrick.clark2089@meta.com,+91-96901-76939,Aizawl,2025-07-10
EMP02090,Abigail Jackson,Female,IT,data scientist,10662,abigail.jackson2090@meta.com,+91-69472-77205,Mumbai,2025-03-17
EMP02091,Brent Ayala,Male,Marketing,SEO Specialist,36195,brent.ayala2091@meta.com,+91-93172-75907,Loni,2025-04-18
EMP02092,Jennifer Roberts,Female,Research and Development,Product Development Engineer,49353,jennifer.roberts2092@meta.com,+91-71429-15347,Tirunelveli,2025-09-24
EMP02093,Christopher Lopez,Male,Marketing,Digital Marketing Specialist,24359,christopher.lopez2093@meta.com,+91-96172-08787,Davanagere,2025-01-28
EMP02094,John Shaw,Male,Research and Development,R&D Project Manager,30459,john.shaw2094@meta.com,+91-76282-42181,Hospet,2025-03-05
EMP02095,Keith Lewis,Male,Research and Development,Research Analyst,34060,keith.lewis2095@meta.com,+91-96916-86044,Allahabad,2025-10-31
EMP02096,Nicole Lamb,Female,Research and Development,Research Scientist,41294,nicole.lamb2096@meta.com,+91-95309-62833,Rampur,2025-12-20
EMP02097,William Savage,Male,IT,ML engineer,42077,william.savage2097@meta.com,+91-74640-21819,Moradabad,2025-11-05
EMP02098,Sheena Martin,Female,Research and Development,R&D Project Manager,33767,sheena.martin2098@meta.com,+91-72955-65249,Guwahati,2025-08-28
EMP02099,James Hill,Male,Research and Development,R&D Engineer,15262,james.hill2099@meta.com,+91-80153-56977,Ludhiana,2025-12-15
EMP02100,Kevin Woods,Male,IT,ML engineer,10765,kevin.woods2100@meta.com,+91-94875-67449,Bangalore,2025-09-11
EMP02101,Amy Walton,Female,Marketing,Marketing Manager,29519,amy.walton2101@meta.com,+91-92536-80511,Ballia,2025-08-29
EMP02102,Rachel Williams,Female,IT,data scientist,16760,rachel.williams2102@meta.com,+91-83726-25926,Nagaon,2025-11-11
EMP02103,Rebecca Bennett,Female,Research and Development,Research Analyst,10473,rebecca.bennett2103@meta.com,+91-75372-37614,Shivpuri,2025-09-20
EMP02104,Kara Rogers,Female,IT,software engineer,13511,kara.rogers2104@meta.com,+91-77067-99336,Naihati,2025-03-27
EMP02105,Jacqueline Wu,Female,Research and Development,Product Development Engineer,40225,jacqueline.wu2105@meta.com,+91-77817-25229,Mathura,2025-08-07
EMP02106,Teresa Ortega,Female,IT,software engineer,48027,teresa.ortega2106@meta.com,+91-60054-77728,Phagwara,2025-03-20
EMP02107,Amy Kelly,Female,Marketing,Marketing Analyst,39312,amy.kelly2107@meta.com,+91-76566-24408,Salem,2025-12-10
EMP02108,Aaron Harrell,Male,Research and Development,R&D Engineer,42482,aaron.harrell2108@meta.com,+91-69297-66503,Kolhapur,2025-09-09
EMP02109,Alexander Martinez,Male,Research and Development,Research Analyst,37424,alexander.martinez2109@meta.com,+91-99824-29245,Kulti,2025-01-30
EMP02110,Isabella Montgomery,Female,IT,software engineer,31741,isabella.montgomery2110@meta.com,+91-94901-58745,Kottayam,2025-10-04
EMP02111,Jason Lopez,Male,Marketing,Marketing Analyst,26089,jason.lopez2111@meta.com,+91-83643-20131,Pune,2025-01-24
EMP02112,Madeline Marks,Female,Marketing,SEO Specialist,49862,madeline.marks2112@meta.com,+91-72272-24391,Raiganj,2025-02-22
EMP02113,Cynthia Washington,Female,Marketing,Marketing Manager,25409,cynthia.washington2113@meta.com,+91-90503-36302,Karnal,2025-01-31
EMP02114,Jeffrey Huynh,Male,Marketing,SEO Specialist,27010,jeffrey.huynh2114@meta.com,+91-92491-70018,Salem,2025-01-23
EMP02115,Nicholas Carter,Male,Research and Development,R&D Project Manager,36546,nicholas.carter2115@meta.com,+91-89545-90560,Asansol,2025-06-04
EMP02116,Sergio Walter,Male,Marketing,Content Marketing Manager,49464,sergio.walter2116@meta.com,+91-72384-74123,Warangal,2025-01-01
EMP02117,Jonathan Miller,Male,IT,ML engineer,41583,jonathan.miller2117@meta.com,+91-77098-08880,Gulbarga,2025-10-05
EMP02118,Steven Friedman,Male,Marketing,Content Marketing Manager,13591,steven.friedman2118@meta.com,+91-97602-55147,Panvel,2025-07-11
EMP02119,David Lewis,Male,Marketing,Marketing Analyst,17917,david.lewis2119@meta.com,+91-66758-55046,Aligarh,2025-02-09
EMP02120,Jessica Baldwin,Female,IT,software engineer,30394,jessica.baldwin2120@meta.com,+91-75218-95779,Khammam,2025-07-07
EMP02121,Steven Miranda,Male,Marketing,Marketing Manager,49332,steven.miranda2121@meta.com,+91-90928-01511,Bardhaman,2025-10-16
EMP02122,Mary Lynn,Female,IT,software engineer,23972,mary.lynn2122@meta.com,+91-98094-53145,Bhavnagar,2025-07-18
EMP02123,Tammy Schultz,Female,IT,software engineer,21882,tammy.schultz2123@meta.com,+91-97776-99589,Mysore,2025-08-08
EMP02124,Rebecca Cook,Female,Marketing,Marketing Manager,21011,rebecca.cook2124@meta.com,+91-61480-01787,Ramgarh,2025-04-28
EMP02125,Randall Burke,Male,IT,software engineer,21934,randall.burke2125@meta.com,+91-83854-71411,Burhanpur,2025-05-26
EMP02126,Susan Paul,Female,Research and Development,Product Development Engineer,46370,susan.paul2126@meta.com,+91-68876-54593,Kishanganj,2025-06-26
EMP02127,Vincent Kim,Male,IT,software engineer,19239,vincent.kim2127@meta.com,+91-68701-77987,Rajahmundry,2025-05-10
EMP02128,Deanna Carter,Female,Research and Development,Product Development Engineer,12785,deanna.carter2128@meta.com,+91-66410-78252,Hubli–Dharwad,2025-10-17
EMP02129,Gina Vargas,Female,IT,data analytics,10757,gina.vargas2129@meta.com,+91-88908-64345,Bhiwandi,2025-12-17
EMP02130,Laura Anderson,Female,Research and Development,Research Scientist,41923,laura.anderson2130@meta.com,+91-81901-60648,Nadiad,2025-11-30
EMP02131,Laura Smith,Female,Marketing,Digital Marketing Specialist,30722,laura.smith2131@meta.com,+91-76624-30630,Gudivada,2025-07-20
EMP02132,Kimberly Boone,Female,Marketing,Digital Marketing Specialist,44369,kimberly.boone2132@meta.com,+91-91963-55099,Imphal,2025-07-18
EMP02133,Ray Salinas,Male,Research and Development,Product Development Engineer,35433,ray.salinas2133@meta.com,+91-61317-30151,Saharsa,2025-07-24
EMP02134,Mary Garza,Female,Marketing,Marketing Manager,18187,mary.garza2134@meta.com,+91-93144-60039,Tenali,2025-03-09
EMP02135,Adam Phelps,Male,IT,data scientist,31121,adam.phelps2135@meta.com,+91-72933-78038,Ulhasnagar,2025-11-14
EMP02136,Rose Phillips,Female,Research and Development,Product Development Engineer,14097,rose.phillips2136@meta.com,+91-91383-16983,Panchkula,2025-02-14
EMP02137,Michael Hernandez,Male,Research and Development,Research Scientist,43753,michael.hernandez2137@meta.com,+91-83439-62117,Ulhasnagar,2025-12-31
EMP02138,Paul Sweeney,Male,IT,software engineer,19626,paul.sweeney2138@meta.com,+91-89821-89608,Khora ,2025-10-03
EMP02139,Erica Shaw,Female,Research and Development,R&D Engineer,27382,erica.shaw2139@meta.com,+91-76684-71801,Panipat,2025-02-28
EMP02140,Yesenia Mccarthy,Female,Research and Development,R&D Engineer,24947,yesenia.mccarthy2140@meta.com,+91-62656-70100,Thrissur,2025-12-15
EMP02141,Kathleen Padilla,Female,IT,ML engineer,20657,kathleen.padilla2141@meta.com,+91-93477-42354,Allahabad,2025-05-25
EMP02142,Veronica Cook,Female,IT,data analytics,23972,veronica.cook2142@meta.com,+91-85917-98137,Kamarhati,2025-03-07
EMP02143,Melody Williams,Female,IT,ML engineer,17651,melody.williams2143@meta.com,+91-68967-53923,Morbi,2025-10-11
EMP02144,Nicholas Evans,Male,Research and Development,Product Development Engineer,20409,nicholas.evans2144@meta.com,+91-69443-30154,Lucknow,2025-06-14
EMP02145,Kimberly Rogers,Female,IT,data scientist,13644,kimberly.rogers2145@meta.com,+91-93082-95617,Karnal,2025-12-30
EMP02146,Peter Myers,Male,Marketing,Digital Marketing Specialist,16244,peter.myers2146@meta.com,+91-64280-72080,Ichalkaranji,2025-07-18
EMP02147,Michael Lee,Male,Marketing,Marketing Analyst,33296,michael.lee2147@meta.com,+91-75833-73925,Jalandhar,2025-11-10
EMP02148,Bonnie Goodwin,Female,IT,software engineer,33751,bonnie.goodwin2148@meta.com,+91-72225-46840,Avadi,2025-01-24
EMP02149,Jim Martin,Male,Research and Development,Research Analyst,24829,jim.martin2149@meta.com,+91-83537-78767,Mango,2025-09-26
EMP02150,Michael Carter,Male,Marketing,Content Marketing Manager,36441,michael.carter2150@meta.com,+91-69981-35424,Bhagalpur,2025-04-23
EMP02151,Daniel Goodman,Male,Marketing,Marketing Analyst,48231,daniel.goodman2151@meta.com,+91-69211-26208,Mirzapur,2025-01-08
EMP02152,Molly Johnston,Female,Marketing,Digital Marketing Specialist,17710,molly.johnston2152@meta.com,+91-87885-75348,Gandhinagar,2025-05-11
EMP02153,Trevor Simmons,Male,Marketing,Marketing Manager,24495,trevor.simmons2153@meta.com,+91-93893-06491,Pimpri-Chinchwad,2025-10-09
EMP02154,Brendan Mccann,Male,IT,data scientist,45308,brendan.mccann2154@meta.com,+91-71828-49152,Faridabad,2025-08-14
EMP02155,Bruce Robertson,Male,Marketing,Marketing Analyst,24122,bruce.robertson2155@meta.com,+91-71027-69417,Guntakal,2025-07-25
EMP02156,Jessica Hernandez,Female,Research and Development,Product Development Engineer,12127,jessica.hernandez2156@meta.com,+91-85902-62957,Sambalpur,2025-10-24
EMP02157,Andrew Allen,Male,IT,ML engineer,38376,andrew.allen2157@meta.com,+91-80910-32507,Barasat,2025-01-10
EMP02158,Melissa Blevins,Female,Research and Development,R&D Engineer,34658,melissa.blevins2158@meta.com,+91-86504-33395,Hubli–Dharwad,2025-11-17
EMP02159,Paula Hancock,Female,Research and Development,Research Analyst,20939,paula.hancock2159@meta.com,+91-66479-28163,Panipat,2025-09-12
EMP02160,Mark Wallace,Male,Marketing,SEO Specialist,40226,mark.wallace2160@meta.com,+91-95432-74270,Jamshedpur,2025-05-12
EMP02161,Bruce Martinez,Male,Research and Development,Research Analyst,24421,bruce.martinez2161@meta.com,+91-69671-78160,Lucknow,2025-09-08
EMP02162,Laurie Archer,Female,IT,ML engineer,11806,laurie.archer2162@meta.com,+91-60063-50274,Panipat,2025-05-09
EMP02163,Melissa Davis,Female,Research and Development,R&D Engineer,14888,melissa.davis2163@meta.com,+91-89608-53838,Yamunanagar,2025-05-09
EMP02164,Kari Newman,Female,Research and Development,R&D Project Manager,11215,kari.newman2164@meta.com,+91-88965-09459,Bihar Sharif,2025-07-15
EMP02165,Laura Garcia,Female,Research and Development,R&D Project Manager,34962,laura.garcia2165@meta.com,+91-96310-61874,Siwan,2025-08-10
EMP02166,Cathy Hess,Female,IT,data scientist,13744,cathy.hess2166@meta.com,+91-85359-89646,Singrauli,2025-11-27
EMP02167,Kristi Herrera,Female,Marketing,SEO Specialist,22810,kristi.herrera2167@meta.com,+91-77401-36096,Rajkot,2025-04-16
EMP02168,Joseph Richards,Male,Research and Development,Product Development Engineer,10301,joseph.richards2168@meta.com,+91-95455-65707,Dhule,2025-06-25
EMP02169,Tracie Merritt,Female,IT,ML engineer,42830,tracie.merritt2169@meta.com,+91-99489-58999,Khora ,2025-07-30
EMP02170,Melissa Smith,Female,Marketing,SEO Specialist,13346,melissa.smith2170@meta.com,+91-73134-48858,Satara,2025-05-16
EMP02171,Barbara Anderson,Female,Research and Development,Product Development Engineer,35378,barbara.anderson2171@meta.com,+91-96869-73882,Nanded,2025-08-15
EMP02172,Anita Scott,Female,Marketing,Marketing Manager,18500,anita.scott2172@meta.com,+91-80341-65285,Guwahati,2025-07-23
EMP02173,Veronica Hunter,Female,IT,ML engineer,31808,veronica.hunter2173@meta.com,+91-62835-97402,Tinsukia,2025-04-21
EMP02174,Christopher Rowland,Male,Research and Development,R&D Project Manager,34371,christopher.rowland2174@meta.com,+91-95162-63709,Kulti,2025-01-15
EMP02175,Elizabeth Shah,Female,IT,data analytics,23699,elizabeth.shah2175@meta.com,+91-69800-82878,Deoghar,2025-06-10
EMP02176,Jeremy Ray,Male,IT,data scientist,36713,jeremy.ray2176@meta.com,+91-85845-28946,Nagaon,2025-05-17
EMP02177,Susan Shea,Female,Marketing,Marketing Manager,26229,susan.shea2177@meta.com,+91-78991-76231,Navi Mumbai,2025-01-28
EMP02178,Mary Williams,Female,IT,software engineer,15818,mary.williams2178@meta.com,+91-61408-18339,Maheshtala,2025-05-15
EMP02179,Brenda Chase,Female,Marketing,Content Marketing Manager,40758,brenda.chase2179@meta.com,+91-75980-02846,Guntur,2025-05-19
EMP02180,Lindsey Robinson,Female,Research and Development,R&D Project Manager,23787,lindsey.robinson2180@meta.com,+91-80837-61070,Alwar,2025-07-26
EMP02181,Betty Dean,Female,Marketing,SEO Specialist,40831,betty.dean2181@meta.com,+91-64695-99527,Jamalpur,2025-02-18
EMP02182,David James,Male,Research and Development,Research Scientist,18347,david.james2182@meta.com,+91-74255-99172,Silchar,2025-05-08
EMP02183,Joy Duffy,Female,Marketing,Content Marketing Manager,39222,joy.duffy2183@meta.com,+91-63670-57678,Asansol,2025-07-06
EMP02184,Joshua Jones,Male,IT,data analytics,27519,joshua.jones2184@meta.com,+91-64957-63529,Nellore,2025-01-06
EMP02185,Miguel Elliott,Male,Marketing,Content Marketing Manager,33020,miguel.elliott2185@meta.com,+91-92932-68864,Gurgaon,2025-09-21
EMP02186,Roberto Stewart,Male,Research and Development,Research Scientist,22395,roberto.stewart2186@meta.com,+91-68582-63929,Nadiad,2025-08-08
EMP02187,Allison Munoz,Female,Research and Development,R&D Project Manager,31339,allison.munoz2187@meta.com,+91-89985-69950,Gopalpur,2025-04-06
EMP02188,Caleb Rodriguez,Male,Marketing,Marketing Analyst,38554,caleb.rodriguez2188@meta.com,+91-68816-71329,Amritsar,2025-01-20
EMP02189,Gary Davis,Male,Research and Development,R&D Project Manager,36358,gary.davis2189@meta.com,+91-91068-93939,Darbhanga,2025-05-06
EMP02190,Charles Yates,Male,Marketing,Content Marketing Manager,48873,charles.yates2190@meta.com,+91-68270-14901,Hyderabad,2025-11-18
EMP02191,Annette Petty,Female,IT,software engineer,46597,annette.petty2191@meta.com,+91-80226-56763,Burhanpur,2025-09-22
EMP02192,Trevor Patton,Male,IT,ML engineer,44625,trevor.patton2192@meta.com,+91-67029-93572,Akola,2025-09-22
EMP02193,Kelsey Hutchinson,Female,Marketing,SEO Specialist,49321,kelsey.hutchinson2193@meta.com,+91-98557-27635,Bareilly,2025-02-23
EMP02194,Kendra Graves,Female,IT,data scientist,41851,kendra.graves2194@meta.com,+91-78151-98580,Suryapet,2025-06-25
EMP02195,Devin Garcia,Male,Marketing,Marketing Analyst,40607,devin.garcia2195@meta.com,+91-97760-95291,Tirunelveli,2025-08-05
EMP02196,Emily Walton,Female,Marketing,Marketing Analyst,42886,emily.walton2196@meta.com,+91-93638-75278,Hapur,2025-06-16
EMP02197,Robert Byrd,Male,Research and Development,R&D Project Manager,18927,robert.byrd2197@meta.com,+91-82709-09493,Morena,2025-06-30
EMP02198,Kevin Green,Male,Marketing,Marketing Analyst,43312,kevin.green2198@meta.com,+91-68576-47374,Cuttack,2025-09-12
EMP02199,Brenda Bradley,Female,Marketing,Marketing Analyst,47645,brenda.bradley2199@meta.com,+91-73812-48782,Meerut,2025-11-02
EMP02200,Tamara Fowler,Female,Research and Development,Research Scientist,11115,tamara.fowler2200@meta.com,+91-90233-95364,Kulti,2025-05-16
EMP02201,Michael Barnes,Male,Marketing,SEO Specialist,18688,michael.barnes2201@meta.com,+91-76348-13530,South Dumdum,2025-03-28
EMP02202,Jessica Gomez,Female,Marketing,SEO Specialist,27269,jessica.gomez2202@meta.com,+91-63117-11438,Ambala,2025-05-25
EMP02203,Donna Cisneros,Female,IT,data scientist,28107,donna.cisneros2203@meta.com,+91-64980-23573,Farrukhabad,2025-11-15
EMP02204,Madison Miller,Female,Marketing,SEO Specialist,22277,madison.miller2204@meta.com,+91-64592-39668,Vellore,2025-08-01
EMP02205,Patricia Bruce,Female,Research and Development,Research Scientist,46732,patricia.bruce2205@meta.com,+91-87385-04720,Solapur,2025-02-15
EMP02206,Monica Duffy,Female,Marketing,SEO Specialist,46644,monica.duffy2206@meta.com,+91-87074-23309,Ramgarh,2025-12-16
EMP02207,Anthony Paul,Male,IT,data analytics,12362,anthony.paul2207@meta.com,+91-86003-75503,Hyderabad,2025-04-15
EMP02208,Victor Coleman,Male,IT,data scientist,36600,victor.coleman2208@meta.com,+91-80616-22525,Nangloi Jat,2025-04-05
EMP02209,Jonathan Jennings,Male,Research and Development,R&D Engineer,45608,jonathan.jennings2209@meta.com,+91-95990-52294,Machilipatnam,2025-02-20
EMP02210,Alexis Lee,Female,Marketing,SEO Specialist,36488,alexis.lee2210@meta.com,+91-77281-02502,Khandwa,2025-07-27
EMP02211,Michele Brady,Female,Marketing,SEO Specialist,28225,michele.brady2211@meta.com,+91-77420-45777,Dehri,2025-11-03
EMP02212,Melinda Williams,Female,Marketing,Digital Marketing Specialist,38989,melinda.williams2212@meta.com,+91-85654-82535,Gulbarga,2025-12-06
EMP02213,Michael Macias,Male,Marketing,Marketing Analyst,35167,michael.macias2213@meta.com,+91-79572-83431,Akola,2025-11-11
EMP02214,Angela Franco,Female,IT,data scientist,34828,angela.franco2214@meta.com,+91-68982-93495,Faridabad,2025-03-04
EMP02215,Jay Gray,Male,IT,data scientist,25924,jay.gray2215@meta.com,+91-72519-22452,Gorakhpur,2025-07-18
EMP02216,George Shelton,Male,IT,data analytics,42239,george.shelton2216@meta.com,+91-87994-29733,Ramagundam,2025-06-16
EMP02217,Elizabeth Carter,Female,Research and Development,Product Development Engineer,34368,elizabeth.carter2217@meta.com,+91-95508-38137,Delhi,2025-11-30
EMP02218,Nancy Carroll,Female,Marketing,Marketing Analyst,49430,nancy.carroll2218@meta.com,+91-82424-31938,Farrukhabad,2025-05-10
EMP02219,Timothy Haley,Male,IT,software engineer,29125,timothy.haley2219@meta.com,+91-70642-78120,Madhyamgram,2025-10-22
EMP02220,Steven Charles,Male,Research and Development,R&D Project Manager,32780,steven.charles2220@meta.com,+91-68462-38356,Raurkela Industrial Township,2025-04-07
EMP02221,Aaron Stevens,Male,IT,data analytics,37742,aaron.stevens2221@meta.com,+91-97286-60225,Raichur,2025-01-01
EMP02222,Ashley Bailey,Female,IT,software engineer,42182,ashley.bailey2222@meta.com,+91-60165-39682,Rewa,2025-07-28
EMP02223,Heather Garcia,Female,Research and Development,R&D Project Manager,11371,heather.garcia2223@meta.com,+91-88473-60123,Davanagere,2025-09-15
EMP02224,Bradley Robertson,Male,IT,ML engineer,10408,bradley.robertson2224@meta.com,+91-94871-00518,Bulandshahr,2025-03-13
EMP02225,Caleb Freeman,Male,Marketing,Content Marketing Manager,48513,caleb.freeman2225@meta.com,+91-92824-24912,Chandrapur,2025-02-12
EMP02226,Darrell Foster,Male,Marketing,Marketing Analyst,26312,darrell.foster2226@meta.com,+91-61438-12043,Bharatpur,2025-09-19
EMP02227,Jeffrey White,Male,Marketing,Digital Marketing Specialist,26419,jeffrey.white2227@meta.com,+91-93349-86487,Moradabad,2025-03-15
EMP02228,Virginia Douglas,Female,Research and Development,Research Analyst,17388,virginia.douglas2228@meta.com,+91-60998-99505,Nanded,2025-06-13
EMP02229,Brenda Burgess,Female,IT,software engineer,21654,brenda.burgess2229@meta.com,+91-66038-58937,Secunderabad,2025-10-22
EMP02230,Stephen Fletcher,Male,Research and Development,R&D Engineer,11094,stephen.fletcher2230@meta.com,+91-82253-08388,Jhansi,2025-10-25
EMP02231,Dominique Anderson,Female,IT,data scientist,17095,dominique.anderson2231@meta.com,+91-70232-77667,Bathinda,2025-10-21
EMP02232,Steven Martin,Male,IT,software engineer,29961,steven.martin2232@meta.com,+91-68607-50302,Nangloi Jat,2025-05-26
EMP02233,Tina Bird,Female,Marketing,Digital Marketing Specialist,24697,tina.bird2233@meta.com,+91-92237-33480,Bidar,2025-10-04
EMP02234,Katherine Simpson,Female,IT,data analytics,27271,katherine.simpson2234@meta.com,+91-74461-70920,Anantapur,2025-04-05
EMP02235,Nicole Deleon,Female,Research and Development,R&D Project Manager,21116,nicole.deleon2235@meta.com,+91-78965-44853,Orai,2025-02-25
EMP02236,Molly Harmon,Female,Marketing,Content Marketing Manager,39127,molly.harmon2236@meta.com,+91-80647-97270,Mira-Bhayandar,2025-01-30
EMP02237,Ashley Rodriguez,Female,Research and Development,Research Analyst,48644,ashley.rodriguez2237@meta.com,+91-67652-64282,Cuttack,2025-09-13
EMP02238,Christopher Porter,Male,Research and Development,R&D Project Manager,26888,christopher.porter2238@meta.com,+91-80376-98893,Faridabad,2025-04-14
EMP02239,Meghan Peterson,Female,Marketing,Marketing Manager,42601,meghan.peterson2239@meta.com,+91-98021-05646,Raebareli,2025-04-04
EMP02240,Karen Campbell,Female,IT,data scientist,36913,karen.campbell2240@meta.com,+91-67986-78055,Haldia,2025-01-11
EMP02241,David Hernandez,Male,IT,data scientist,38574,david.hernandez2241@meta.com,+91-65025-80401,Kulti,2025-03-11
EMP02242,Diana Wilson,Female,Research and Development,Product Development Engineer,21015,diana.wilson2242@meta.com,+91-63866-48870,Shahjahanpur,2025-12-10
EMP02243,Mary Patterson,Female,IT,data analytics,43195,mary.patterson2243@meta.com,+91-78154-67930,Kota,2025-09-09
EMP02244,Meredith Shaw,Female,IT,ML engineer,48969,meredith.shaw2244@meta.com,+91-83769-81388,Maheshtala,2025-04-15
EMP02245,Wendy Garza,Female,Marketing,Digital Marketing Specialist,47285,wendy.garza2245@meta.com,+91-97776-30347,Berhampur,2025-09-26
EMP02246,Barbara Morales,Female,Research and Development,Product Development Engineer,22395,barbara.morales2246@meta.com,+91-85574-45924,Nellore,2025-05-03
EMP02247,Tanya Simmons,Female,Research and Development,R&D Project Manager,31829,tanya.simmons2247@meta.com,+91-82235-41378,Mysore,2025-11-10
EMP02248,Sean James,Male,IT,data analytics,26657,sean.james2248@meta.com,+91-96134-55952,Ahmednagar,2025-05-03
EMP02249,Daniel Simmons,Male,IT,software engineer,26077,daniel.simmons2249@meta.com,+91-95065-57732,Sasaram,2025-06-19
EMP02250,Jeffery Williams,Male,Marketing,Digital Marketing Specialist,13490,jeffery.williams2250@meta.com,+91-75254-41115,Agartala,2025-12-07
EMP02251,Jack Hahn,Male,Marketing,Marketing Analyst,18009,jack.hahn2251@meta.com,+91-92981-24449,Shahjahanpur,2025-01-05
EMP02252,Francisco Williams,Male,Research and Development,Research Analyst,38795,francisco.williams2252@meta.com,+91-88603-46775,Mumbai,2025-08-23
EMP02253,Amy Garner,Female,IT,software engineer,18227,amy.garner2253@meta.com,+91-82622-90640,Baranagar,2025-10-28
EMP02254,John Kerr,Male,Marketing,Digital Marketing Specialist,13287,john.kerr2254@meta.com,+91-85715-84348,Chinsurah,2025-05-12
EMP02255,Cody Vaughan,Male,IT,software engineer,36669,cody.vaughan2255@meta.com,+91-98798-53372,Thanjavur,2025-10-24
EMP02256,Elizabeth Davis,Female,Marketing,Marketing Manager,13961,elizabeth.davis2256@meta.com,+91-60147-46381,Suryapet,2025-01-01
EMP02257,Randy Anderson,Male,Research and Development,Research Scientist,43091,randy.anderson2257@meta.com,+91-96962-18624,Mirzapur,2025-06-14
EMP02258,Patrick Chapman,Male,Research and Development,Research Analyst,42951,patrick.chapman2258@meta.com,+91-61348-23009,Patiala,2025-07-30
EMP02259,Marie Clark,Female,Research and Development,R&D Engineer,35188,marie.clark2259@meta.com,+91-73992-90112,Chandigarh,2025-12-30
EMP02260,Stacy Anderson,Female,Marketing,Content Marketing Manager,21116,stacy.anderson2260@meta.com,+91-76508-04623,Kalyan-Dombivli,2025-02-01
EMP02261,Laurie Barr,Female,Marketing,SEO Specialist,13249,laurie.barr2261@meta.com,+91-64725-80493,Nellore,2025-07-20
EMP02262,Michael Schaefer,Male,Marketing,Digital Marketing Specialist,14886,michael.schaefer2262@meta.com,+91-86770-12130,Bongaigaon,2025-09-21
EMP02263,Malik Turner,Male,Research and Development,Research Analyst,38581,malik.turner2263@meta.com,+91-86079-21643,Panihati,2025-01-07
EMP02264,Joseph Hernandez,Male,Research and Development,Research Analyst,49143,joseph.hernandez2264@meta.com,+91-63473-16034,Nellore,2025-03-29
EMP02265,Jason Dawson,Male,Research and Development,Research Analyst,21644,jason.dawson2265@meta.com,+91-85188-61259,Ambarnath,2025-05-19
EMP02266,Jerry Love,Male,Marketing,Marketing Manager,28628,jerry.love2266@meta.com,+91-67253-79552,Jabalpur,2025-03-28
EMP02267,Karen Mills,Female,Marketing,Digital Marketing Specialist,10374,karen.mills2267@meta.com,+91-68804-81653,Rourkela,2025-06-07
EMP02268,Linda Horton,Female,Research and Development,R&D Project Manager,43652,linda.horton2268@meta.com,+91-94656-11716,Ramagundam,2025-08-23
EMP02269,Amber Knight,Female,Research and Development,Research Scientist,37285,amber.knight2269@meta.com,+91-89659-91116,Sikar,2025-02-18
EMP02270,Jon Patel,Male,IT,software engineer,43907,jon.patel2270@meta.com,+91-88238-51925,Dehradun,2025-01-07
EMP02271,Jeffrey Hicks,Male,IT,ML engineer,35856,jeffrey.hicks2271@meta.com,+91-79402-70128,Rewa,2025-05-10
EMP02272,Lawrence Clark,Male,IT,data analytics,38902,lawrence.clark2272@meta.com,+91-68407-67666,Kozhikode,2025-10-30
EMP02273,Laura Vargas,Female,Research and Development,Product Development Engineer,35895,laura.vargas2273@meta.com,+91-93978-48043,Anand,2025-05-30
EMP02274,Jesus Zimmerman,Male,IT,data scientist,24330,jesus.zimmerman2274@meta.com,+91-68306-87749,Avadi,2025-05-26
EMP02275,Sarah Phillips,Female,IT,ML engineer,28121,sarah.phillips2275@meta.com,+91-74207-65654,Suryapet,2025-08-11
EMP02276,Bryan Walker,Male,Research and Development,R&D Project Manager,30910,bryan.walker2276@meta.com,+91-72681-95969,Jalna,2025-11-17
EMP02277,Andrew Hernandez,Male,Marketing,Content Marketing Manager,37949,andrew.hernandez2277@meta.com,+91-64992-62946,Guntur,2025-02-10
EMP02278,Debra Gibbs,Female,Research and Development,R&D Engineer,14638,debra.gibbs2278@meta.com,+91-67656-63340,Bhagalpur,2025-01-04
EMP02279,Kimberly Smith,Female,Research and Development,Research Scientist,42480,kimberly.smith2279@meta.com,+91-93757-22569,Mahbubnagar,2025-04-12
EMP02280,Valerie Nguyen,Female,Marketing,SEO Specialist,43067,valerie.nguyen2280@meta.com,+91-97472-98936,Guntur,2025-05-12
EMP02281,Jennifer Carr,Female,Research and Development,Research Analyst,28212,jennifer.carr2281@meta.com,+91-71331-88776,Howrah,2025-06-29
EMP02282,Lori Smith,Female,IT,data analytics,23642,lori.smith2282@meta.com,+91-81790-54369,Muzaffarnagar,2025-08-08
EMP02283,Nicholas Ramirez,Male,Marketing,Marketing Analyst,49675,nicholas.ramirez2283@meta.com,+91-69300-28912,Pune,2025-08-03
EMP02284,Kimberly Irwin,Female,Research and Development,Product Development Engineer,12591,kimberly.irwin2284@meta.com,+91-78816-51007,Eluru,2025-09-27
EMP02285,Tracy Scott,Male,Marketing,Marketing Analyst,39040,tracy.scott2285@meta.com,+91-88919-43528,Mango,2025-04-22
EMP02286,Daniel Adams,Male,IT,ML engineer,49736,daniel.adams2286@meta.com,+91-72989-51287,Bhatpara,2025-06-21
EMP02287,Jill Blair,Female,Research and Development,Research Scientist,11753,jill.blair2287@meta.com,+91-78550-72976,Arrah,2025-01-23
EMP02288,Charles Mendoza,Male,IT,data scientist,29959,charles.mendoza2288@meta.com,+91-67000-59064,Bokaro,2025-08-17
EMP02289,Joe Ochoa,Male,IT,software engineer,28451,joe.ochoa2289@meta.com,+91-98821-01342,Maheshtala,2025-04-15
EMP02290,Laura Harding,Female,Marketing,Digital Marketing Specialist,16846,laura.harding2290@meta.com,+91-64000-80021,Ichalkaranji,2025-05-01
EMP02291,Alisha Martin,Female,Marketing,Marketing Analyst,39832,alisha.martin2291@meta.com,+91-81779-61294,Singrauli,2025-12-21
EMP02292,Melissa Lopez,Female,IT,software engineer,42055,melissa.lopez2292@meta.com,+91-97057-85545,Madurai,2025-08-21
EMP02293,Jessica Gibson,Female,Marketing,SEO Specialist,38701,jessica.gibson2293@meta.com,+91-88246-12555,Salem,2025-11-11
EMP02294,Misty Taylor,Female,Research and Development,R&D Engineer,12734,misty.taylor2294@meta.com,+91-85221-23598,Madanapalle,2025-02-13
EMP02295,Ariel Cruz,Female,Research and Development,R&D Engineer,28386,ariel.cruz2295@meta.com,+91-65809-54362,Ahmedabad,2025-11-21
EMP02296,Phillip Newman,Male,Marketing,SEO Specialist,30905,phillip.newman2296@meta.com,+91-86919-62313,Mira-Bhayandar,2025-05-23
EMP02297,Danielle Miller,Female,Research and Development,R&D Engineer,25436,danielle.miller2297@meta.com,+91-74630-45880,Ghaziabad,2025-01-28
EMP02298,Alexis Burch,Female,Research and Development,Research Scientist,33272,alexis.burch2298@meta.com,+91-74616-36332,Hosur,2025-06-13
EMP02299,Nancy Morgan,Female,Marketing,Marketing Manager,39502,nancy.morgan2299@meta.com,+91-94655-95868,Panihati,2025-03-11
EMP02300,Charles Malone,Male,IT,software engineer,39853,charles.malone2300@meta.com,+91-76027-64997,Ujjain,2025-06-01
EMP02301,Elizabeth Mendoza,Female,IT,data analytics,34055,elizabeth.mendoza2301@meta.com,+91-95090-89954,Pimpri-Chinchwad,2025-02-11
EMP02302,Kimberly Adams,Female,Marketing,Marketing Analyst,19760,kimberly.adams2302@meta.com,+91-91289-02541,Jaipur,2025-01-09
EMP02303,Roger Garcia,Male,Research and Development,Product Development Engineer,40552,roger.garcia2303@meta.com,+91-62140-22702,Kota,2025-06-07
EMP02304,Kayla Copeland,Female,Research and Development,Product Development Engineer,44741,kayla.copeland2304@meta.com,+91-96286-76072,Mumbai,2025-02-21
EMP02305,Susan Johnson,Female,Marketing,Content Marketing Manager,48980,susan.johnson2305@meta.com,+91-72814-25191,Kharagpur,2025-02-17
EMP02306,Brittany Rios,Female,Marketing,Digital Marketing Specialist,18906,brittany.rios2306@meta.com,+91-70233-35145,Yamunanagar,2025-09-01
EMP02307,Michael Espinoza,Male,IT,data scientist,27775,michael.espinoza2307@meta.com,+91-79418-33629,Pallavaram,2025-12-19
EMP02308,Carolyn Rodriguez,Female,IT,data analytics,19048,carolyn.rodriguez2308@meta.com,+91-80611-82618,Ichalkaranji,2025-01-14
EMP02309,Hunter Gilbert,Male,IT,data analytics,10758,hunter.gilbert2309@meta.com,+91-91762-73106,Karimnagar,2025-05-16
EMP02310,Thomas Gillespie,Male,Research and Development,Product Development Engineer,38687,thomas.gillespie2310@meta.com,+91-77322-17181,Mahbubnagar,2025-12-17
EMP02311,Brittany Patterson,Female,Research and Development,R&D Project Manager,47412,brittany.patterson2311@meta.com,+91-82170-28347,Ghaziabad,2025-06-12
EMP02312,Christopher Coleman,Male,Marketing,Content Marketing Manager,18339,christopher.coleman2312@meta.com,+91-80185-83071,Baranagar,2025-06-27
EMP02313,Hannah Garcia,Female,Research and Development,R&D Engineer,32794,hannah.garcia2313@meta.com,+91-66976-81539,Arrah,2025-09-11
EMP02314,Tasha Cochran,Female,IT,data analytics,43323,tasha.cochran2314@meta.com,+91-65864-22721,Delhi,2025-04-03
EMP02315,Shannon Spence,Female,Research and Development,Product Development Engineer,42266,shannon.spence2315@meta.com,+91-94295-25048,Imphal,2025-01-25
EMP02316,Brittany Griffin,Female,IT,data analytics,47244,brittany.griffin2316@meta.com,+91-73517-48845,Jabalpur,2025-10-15
EMP02317,Ashley Simmons,Female,Research and Development,Research Analyst,34893,ashley.simmons2317@meta.com,+91-65108-01383,Ulhasnagar,2025-04-12
EMP02318,Ann Cooley,Female,IT,software engineer,38451,ann.cooley2318@meta.com,+91-65988-16205,Kharagpur,2025-07-23
EMP02319,Harold Snyder,Male,Marketing,Marketing Manager,41255,harold.snyder2319@meta.com,+91-82672-36266,Haridwar,2025-10-27
EMP02320,Lindsay Fields,Female,IT,ML engineer,27526,lindsay.fields2320@meta.com,+91-74519-47495,Sambalpur,2025-05-15
EMP02321,Janet Dunn,Female,Marketing,Content Marketing Manager,33222,janet.dunn2321@meta.com,+91-88781-77486,Katihar,2025-12-04
EMP02322,Joshua Hall,Male,Marketing,Marketing Manager,44674,joshua.hall2322@meta.com,+91-71169-15289,Amaravati,2025-09-01
EMP02323,Michelle Rose,Female,IT,data analytics,36781,michelle.rose2323@meta.com,+91-87720-73601,Chandigarh,2025-07-13
EMP02324,David Smith,Male,Research and Development,Research Scientist,18045,david.smith2324@meta.com,+91-63978-56072,Mirzapur,2025-11-22
EMP02325,Kristin Rosario,Female,Research and Development,Research Analyst,21121,kristin.rosario2325@meta.com,+91-74944-22262,Allahabad,2025-04-28
EMP02326,Susan Ward,Female,IT,data scientist,38866,susan.ward2326@meta.com,+91-76750-91034,Durg,2025-03-26
EMP02327,Joe Conley,Male,Marketing,Digital Marketing Specialist,26474,joe.conley2327@meta.com,+91-99579-93809,Latur,2025-09-01
EMP02328,Daniel Walker,Male,IT,software engineer,33337,daniel.walker2328@meta.com,+91-70515-26534,Kochi,2025-04-18
EMP02329,Victor Padilla,Male,Marketing,SEO Specialist,24924,victor.padilla2329@meta.com,+91-69698-20338,Indore,2025-03-23
EMP02330,Melissa Coleman,Female,Research and Development,Research Analyst,49750,melissa.coleman2330@meta.com,+91-65470-01064,Aligarh,2025-03-22
EMP02331,Matthew Jones,Male,Research and Development,R&D Project Manager,28302,matthew.jones2331@meta.com,+91-81563-40203,Ludhiana,2025-11-14
EMP02332,Bridget Thomas,Female,Marketing,Marketing Manager,40162,bridget.thomas2332@meta.com,+91-84611-85578,Solapur,2025-11-06
EMP02333,Alexandria Guerra,Female,IT,data analytics,32034,alexandria.guerra2333@meta.com,+91-61729-90554,Jalgaon,2025-06-28
EMP02334,Pamela Harrison,Female,Marketing,Marketing Analyst,45468,pamela.harrison2334@meta.com,+91-89037-30691,Dehri,2025-05-08
EMP02335,Melissa Evans,Female,Marketing,Content Marketing Manager,29088,melissa.evans2335@meta.com,+91-91143-51713,Naihati,2025-04-26
EMP02336,Jill Newman,Female,Research and Development,Research Analyst,13013,jill.newman2336@meta.com,+91-89143-69625,Baranagar,2025-05-27
EMP02337,Brian Brown,Male,Marketing,SEO Specialist,39434,brian.brown2337@meta.com,+91-89485-84589,Mahbubnagar,2025-07-04
EMP02338,Nicole Gordon,Female,Marketing,Marketing Analyst,14939,nicole.gordon2338@meta.com,+91-60694-14956,Tenali,2025-12-01
EMP02339,Sandra Frazier,Female,Research and Development,R&D Project Manager,30776,sandra.frazier2339@meta.com,+91-74092-28426,Begusarai,2025-11-02
EMP02340,Michael Scott,Male,Marketing,Digital Marketing Specialist,38740,michael.scott2340@meta.com,+91-62006-23883,Ambattur,2025-10-24
EMP02341,Jeff Moore,Male,Marketing,Content Marketing Manager,19146,jeff.moore2341@meta.com,+91-68792-97423,Nagaon,2025-09-12
EMP02342,James Tapia,Male,IT,ML engineer,35519,james.tapia2342@meta.com,+91-99912-07455,Rewa,2025-10-28
EMP02343,Manuel Robinson,Male,Marketing,Digital Marketing Specialist,19297,manuel.robinson2343@meta.com,+91-81730-57089,Karaikudi,2025-10-03
EMP02344,Larry Jones,Male,Marketing,Content Marketing Manager,13026,larry.jones2344@meta.com,+91-70928-98461,Morena,2025-09-21
EMP02345,Emily May,Female,Marketing,Content Marketing Manager,27495,emily.may2345@meta.com,+91-98880-40049,Dehradun,2025-02-20
EMP02346,Amy Watson,Female,IT,data scientist,39172,amy.watson2346@meta.com,+91-69770-84391,Jammu,2025-10-14
EMP02347,Debra Garcia,Female,IT,data analytics,25621,debra.garcia2347@meta.com,+91-94898-77872,Madanapalle,2025-07-11
EMP02348,Peggy Rogers,Female,Marketing,Marketing Manager,44309,peggy.rogers2348@meta.com,+91-72540-15862,Ichalkaranji,2025-11-06
EMP02349,Carla Rodriguez,Female,IT,data analytics,23581,carla.rodriguez2349@meta.com,+91-86161-75588,Kavali,2025-03-23
EMP02350,Adam Browning,Male,Marketing,Content Marketing Manager,11560,adam.browning2350@meta.com,+91-64829-60792,Suryapet,2025-06-29
EMP02351,Christina Hickman,Female,Marketing,SEO Specialist,14657,christina.hickman2351@meta.com,+91-88619-63035,Agartala,2025-04-29
EMP02352,Bradley Hudson,Male,IT,data analytics,30323,bradley.hudson2352@meta.com,+91-84498-97334,Phusro,2025-08-10
EMP02353,Victoria Webb,Female,Marketing,Marketing Analyst,41500,victoria.webb2353@meta.com,+91-90306-98143,Satna,2025-06-14
EMP02354,Brandon Parker,Male,IT,data analytics,33839,brandon.parker2354@meta.com,+91-62655-55942,Ichalkaranji,2025-05-22
EMP02355,Tyler Porter,Male,IT,software engineer,38254,tyler.porter2355@meta.com,+91-66564-65572,Katni,2025-09-27
EMP02356,Molly Dickson,Female,Research and Development,Research Analyst,12274,molly.dickson2356@meta.com,+91-63438-45280,Bathinda,2025-05-07
EMP02357,Jason Figueroa,Male,IT,software engineer,45650,jason.figueroa2357@meta.com,+91-79828-81182,Ambala,2025-01-11
EMP02358,Rhonda Hernandez,Female,Marketing,Marketing Analyst,42883,rhonda.hernandez2358@meta.com,+91-83436-35101,Morena,2025-11-08
EMP02359,Laurie Christian,Female,Marketing,Marketing Analyst,39807,laurie.christian2359@meta.com,+91-73998-15702,Nanded,2025-06-28
EMP02360,Brittany Ford,Female,Marketing,Content Marketing Manager,38313,brittany.ford2360@meta.com,+91-76287-57742,Ahmednagar,2025-08-26
EMP02361,Stephen Aguirre,Male,Marketing,SEO Specialist,13008,stephen.aguirre2361@meta.com,+91-66797-94246,Nanded,2025-11-21
EMP02362,Wendy Mason,Female,Marketing,Digital Marketing Specialist,48791,wendy.mason2362@meta.com,+91-73892-48845,Sultan Pur Majra,2025-04-08
EMP02363,Rachel Morgan,Female,Marketing,Content Marketing Manager,49728,rachel.morgan2363@meta.com,+91-60819-84076,Chinsurah,2025-11-14
EMP02364,Amanda Marquez,Female,Research and Development,R&D Engineer,10591,amanda.marquez2364@meta.com,+91-75619-18300,Mathura,2025-05-21
EMP02365,Christine Bishop,Female,Research and Development,Product Development Engineer,21240,christine.bishop2365@meta.com,+91-88741-03427,Jamnagar,2025-11-05
EMP02366,Keith Gamble,Male,Research and Development,Research Analyst,12390,keith.gamble2366@meta.com,+91-72733-60226,Kanpur,2025-06-10
EMP02367,Brenda Harrell,Female,Research and Development,R&D Project Manager,28600,brenda.harrell2367@meta.com,+91-66808-51902,Panchkula,2025-01-08
EMP02368,Brandon Edwards,Male,Research and Development,R&D Engineer,22064,brandon.edwards2368@meta.com,+91-68686-41237,Nanded,2025-02-14
EMP02369,Barry Ray,Male,Research and Development,Research Scientist,40674,barry.ray2369@meta.com,+91-90523-69184,Hubli–Dharwad,2025-11-26
EMP02370,Benjamin Page,Male,Marketing,SEO Specialist,33238,benjamin.page2370@meta.com,+91-82344-42351,Rampur,2025-08-28
EMP02371,William Good,Male,IT,data analytics,36626,william.good2371@meta.com,+91-91822-77124,Kolhapur,2025-01-27
EMP02372,Todd Bonilla,Male,IT,ML engineer,13858,todd.bonilla2372@meta.com,+91-62286-54485,Thane,2025-11-10
EMP02373,Heidi Mitchell,Female,Research and Development,R&D Engineer,28875,heidi.mitchell2373@meta.com,+91-94285-86604,Udupi,2025-02-27
EMP02374,Thomas Anderson,Male,IT,data analytics,32717,thomas.anderson2374@meta.com,+91-75736-02170,Anand,2025-12-11
EMP02375,Ryan Crane,Male,IT,software engineer,35663,ryan.crane2375@meta.com,+91-85078-12222,Gwalior,2025-03-24
EMP02376,Melanie Hunter,Female,Research and Development,Research Scientist,26572,melanie.hunter2376@meta.com,+91-71790-06184,Kalyan-Dombivli,2025-09-14
EMP02377,Marc Schneider,Male,Marketing,Digital Marketing Specialist,40265,marc.schneider2377@meta.com,+91-68584-56162,Kishanganj,2025-10-04
EMP02378,Aimee Farrell,Female,IT,software engineer,10934,aimee.farrell2378@meta.com,+91-65862-93749,Gandhinagar,2025-08-17
EMP02379,Brooke Ross,Female,Marketing,SEO Specialist,34227,brooke.ross2379@meta.com,+91-91169-62242,Rajahmundry,2025-04-05
EMP02380,Jasmine Ford,Female,Marketing,Marketing Analyst,37073,jasmine.ford2380@meta.com,+91-89737-73443,Karnal,2025-02-04
EMP02381,Julie Day,Female,IT,data analytics,35944,julie.day2381@meta.com,+91-93835-34099,Moradabad,2025-04-28
EMP02382,Brady Dennis,Male,Marketing,Marketing Analyst,20056,brady.dennis2382@meta.com,+91-75322-10191,Bhiwani,2025-02-17
EMP02383,Christina Murphy,Female,Marketing,Marketing Analyst,41454,christina.murphy2383@meta.com,+91-88162-30014,Tiruvottiyur,2025-04-20
EMP02384,Zachary Tucker,Male,IT,data analytics,13030,zachary.tucker2384@meta.com,+91-62415-16261,Raipur,2025-12-10
EMP02385,Donald Johnson,Male,Research and Development,R&D Engineer,20891,donald.johnson2385@meta.com,+91-80769-33124,Nandyal,2025-08-10
EMP02386,Brianna Lewis,Female,IT,software engineer,45767,brianna.lewis2386@meta.com,+91-95292-44609,Ghaziabad,2025-09-16
EMP02387,Raymond Brown,Male,Marketing,Marketing Analyst,36164,raymond.brown2387@meta.com,+91-99335-46096,Chinsurah,2025-04-18
EMP02388,Veronica Lewis,Female,Research and Development,R&D Engineer,33329,veronica.lewis2388@meta.com,+91-65317-45735,Lucknow,2025-03-16
EMP02389,Troy Sutton,Male,IT,ML engineer,39355,troy.sutton2389@meta.com,+91-74638-45774,Nizamabad,2025-01-29
EMP02390,Madison Miller,Female,Marketing,Digital Marketing Specialist,22611,madison.miller2390@meta.com,+91-72284-30195,Panipat,2025-07-17
EMP02391,Jared Evans,Male,Research and Development,Research Scientist,34800,jared.evans2391@meta.com,+91-91837-55499,Gurgaon,2025-05-20
EMP02392,Kelly Caldwell,Female,Research and Development,Research Analyst,11245,kelly.caldwell2392@meta.com,+91-76769-35474,Udaipur,2025-02-14
EMP02393,Ronald Davis,Male,Research and Development,Research Analyst,27896,ronald.davis2393@meta.com,+91-68926-85515,Tiruvottiyur,2025-04-08
EMP02394,Tracey Phillips,Female,Marketing,SEO Specialist,48378,tracey.phillips2394@meta.com,+91-68672-96766,Karnal,2025-01-02
EMP02395,Tom Olson,Male,Research and Development,R&D Engineer,20482,tom.olson2395@meta.com,+91-60253-06201,Junagadh,2025-02-07
EMP02396,Henry Schwartz,Male,IT,data analytics,24211,henry.schwartz2396@meta.com,+91-62050-41154,Hyderabad,2025-04-06
EMP02397,Justin English,Male,IT,data scientist,32785,justin.english2397@meta.com,+91-68907-43960,Solapur,2025-12-24
EMP02398,Nathan Lane,Male,Research and Development,Research Scientist,48131,nathan.lane2398@meta.com,+91-69339-27985,North Dumdum,2025-05-12
EMP02399,Matthew Colon,Male,Research and Development,Product Development Engineer,17453,matthew.colon2399@meta.com,+91-89373-61907,Kanpur,2025-10-10
EMP02400,Brittany Ellis,Female,IT,data scientist,41629,brittany.ellis2400@meta.com,+91-75102-02970,Panchkula,2025-10-07
EMP02401,Sean Wilson,Male,Marketing,Content Marketing Manager,17473,sean.wilson2401@meta.com,+91-78136-08822,Firozabad,2025-02-08
EMP02402,Joseph Smith,Male,IT,ML engineer,22248,joseph.smith2402@meta.com,+91-93360-12043,Cuttack,2025-05-29
EMP02403,Mark Fowler,Male,Research and Development,R&D Engineer,20975,mark.fowler2403@meta.com,+91-94070-41894,Vadodara,2025-10-02
EMP02404,Colleen Werner,Female,Research and Development,R&D Engineer,49177,colleen.werner2404@meta.com,+91-61013-21471,Bongaigaon,2025-01-21
EMP02405,Patricia Burke,Female,IT,data analytics,32151,patricia.burke2405@meta.com,+91-76090-70570,Karnal,2025-06-25
EMP02406,Daniel Lee,Male,Marketing,Marketing Analyst,30953,daniel.lee2406@meta.com,+91-65512-94242,Uluberia,2025-08-20
EMP02407,Robin Smith,Female,IT,software engineer,46643,robin.smith2407@meta.com,+91-79636-83537,Ambala,2025-01-04
EMP02408,Robert Martinez,Male,Marketing,Digital Marketing Specialist,38958,robert.martinez2408@meta.com,+91-74549-11085,Sirsa,2025-05-01
EMP02409,Jason Bell,Male,IT,ML engineer,17073,jason.bell2409@meta.com,+91-67010-88506,Nagaon,2025-01-21
EMP02410,Valerie Rogers,Female,IT,data scientist,29847,valerie.rogers2410@meta.com,+91-64066-88400,Berhampore,2025-01-26
EMP02411,Jessica Thompson,Female,Marketing,Content Marketing Manager,33045,jessica.thompson2411@meta.com,+91-95959-60872,Hosur,2025-01-29
EMP02412,Jessica Mitchell,Female,Research and Development,R&D Project Manager,11654,jessica.mitchell2412@meta.com,+91-86502-95590,Anantapuram,2025-05-21
EMP02413,Michaela Pace,Female,Research and Development,Product Development Engineer,42758,michaela.pace2413@meta.com,+91-94408-15700,Chandigarh,2025-03-20
EMP02414,Robert Garcia,Male,Marketing,SEO Specialist,30081,robert.garcia2414@meta.com,+91-80884-71120,Tadepalligudem,2025-12-27
EMP02415,Tara Garcia,Female,IT,ML engineer,39629,tara.garcia2415@meta.com,+91-74631-16356,Raiganj,2025-09-30
EMP02416,Kathy Shaffer,Female,Research and Development,R&D Project Manager,46413,kathy.shaffer2416@meta.com,+91-97351-41692,Bidar,2025-06-23
EMP02417,Christy Frank,Female,Research and Development,Research Scientist,20709,christy.frank2417@meta.com,+91-80825-61657,Raipur,2025-05-27
EMP02418,Christina Harrison,Female,Marketing,Digital Marketing Specialist,39813,christina.harrison2418@meta.com,+91-75273-61207,Etawah,2025-08-02
EMP02419,Tracy Sloan,Female,Marketing,Digital Marketing Specialist,20192,tracy.sloan2419@meta.com,+91-92988-88960,Tenali,2025-02-23
EMP02420,Adrienne Brooks,Female,Marketing,Digital Marketing Specialist,26111,adrienne.brooks2420@meta.com,+91-87161-36263,Guna,2025-08-01
EMP02421,Drew Hobbs,Male,Marketing,Digital Marketing Specialist,44614,drew.hobbs2421@meta.com,+91-91230-23719,Aizawl,2025-12-01
EMP02422,Sara Pope,Female,IT,ML engineer,29037,sara.pope2422@meta.com,+91-70138-29361,New Delhi,2025-02-11
EMP02423,April Stout,Female,IT,ML engineer,34809,april.stout2423@meta.com,+91-75806-19246,Kanpur,2025-05-09
EMP02424,Allison Gibbs,Female,Marketing,Digital Marketing Specialist,48445,allison.gibbs2424@meta.com,+91-91422-96836,Thanjavur,2025-03-02
EMP02425,Carolyn Armstrong,Female,IT,software engineer,14007,carolyn.armstrong2425@meta.com,+91-93139-05845,New Delhi,2025-12-18
EMP02426,Justin Myers,Male,IT,ML engineer,40509,justin.myers2426@meta.com,+91-72790-51429,Faridabad,2025-09-02
EMP02427,Rebecca Lane,Female,IT,ML engineer,23473,rebecca.lane2427@meta.com,+91-69696-04737,Pali,2025-07-13
EMP02428,Vanessa Thompson,Female,IT,data analytics,30284,vanessa.thompson2428@meta.com,+91-68180-95703,Hazaribagh,2025-08-06
EMP02429,Christopher Hall,Male,Marketing,SEO Specialist,15473,christopher.hall2429@meta.com,+91-85193-19009,Dibrugarh,2025-01-27
EMP02430,Bryan Ray,Male,Marketing,Digital Marketing Specialist,46563,bryan.ray2430@meta.com,+91-97952-19030,Bhilwara,2025-12-26
EMP02431,Sara Moore,Female,IT,ML engineer,12404,sara.moore2431@meta.com,+91-96768-74819,Kurnool,2025-11-28
EMP02432,Brandon Johnson,Male,Marketing,Marketing Manager,28236,brandon.johnson2432@meta.com,+91-81362-42890,Guntakal,2025-07-01
EMP02433,Brittany Montgomery,Female,IT,ML engineer,49254,brittany.montgomery2433@meta.com,+91-84344-88761,Aurangabad,2025-04-28
EMP02434,James Newton,Male,Marketing,Marketing Analyst,42696,james.newton2434@meta.com,+91-95665-83447,Malda,2025-02-21
EMP02435,Mark Strickland,Male,Marketing,Content Marketing Manager,24314,mark.strickland2435@meta.com,+91-87537-82029,Mathura,2025-08-11
EMP02436,Matthew Walker,Male,IT,ML engineer,46145,matthew.walker2436@meta.com,+91-96940-62349,Jorhat,2025-01-09
EMP02437,Sara Barber,Female,Marketing,Marketing Manager,21233,sara.barber2437@meta.com,+91-60511-13695,Bhilwara,2025-03-08
EMP02438,Mary Hill,Female,Marketing,Content Marketing Manager,29227,mary.hill2438@meta.com,+91-65962-42122,Lucknow,2025-08-21
EMP02439,Margaret Riley,Female,IT,data analytics,37351,margaret.riley2439@meta.com,+91-87384-85777,Bhubaneswar,2025-03-21
EMP02440,Judy Carlson,Female,IT,data scientist,21176,judy.carlson2440@meta.com,+91-89784-78068,Ajmer,2025-03-28
EMP02441,Douglas Kline,Male,Marketing,Content Marketing Manager,21479,douglas.kline2441@meta.com,+91-85793-17328,Solapur,2025-10-16
EMP02442,Johnny Ward,Male,IT,software engineer,24684,johnny.ward2442@meta.com,+91-82402-05011,Katni,2025-10-16
EMP02443,Ashlee Pope,Female,Marketing,Marketing Analyst,24508,ashlee.pope2443@meta.com,+91-80966-47364,Srinagar,2025-06-09
EMP02444,John Garrett,Male,Research and Development,Product Development Engineer,20982,john.garrett2444@meta.com,+91-62513-22405,Gurgaon,2025-09-27
EMP02445,Jaime Edwards,Female,IT,data analytics,19432,jaime.edwards2445@meta.com,+91-76998-12527,Nanded,2025-11-10
EMP02446,Christopher Smith,Male,Marketing,Marketing Manager,35204,christopher.smith2446@meta.com,+91-69288-25325,Tezpur,2025-06-04
EMP02447,Mark Bond,Male,Marketing,SEO Specialist,13553,mark.bond2447@meta.com,+91-76690-45019,Tiruvottiyur,2025-01-17
EMP02448,Xavier Webb,Male,Marketing,SEO Specialist,37079,xavier.webb2448@meta.com,+91-99748-39332,Kozhikode,2025-11-13
EMP02449,Joseph Scott,Male,IT,ML engineer,43047,joseph.scott2449@meta.com,+91-66862-77103,Nellore,2025-04-15
EMP02450,Lisa Herrera,Female,Marketing,Digital Marketing Specialist,25403,lisa.herrera2450@meta.com,+91-65716-19037,Thrissur,2025-02-05
EMP02451,Sharon Wilson,Female,Research and Development,R&D Project Manager,30637,sharon.wilson2451@meta.com,+91-87003-01704,Ludhiana,2025-02-24
EMP02452,Erin Robinson,Female,Research and Development,Research Scientist,29461,erin.robinson2452@meta.com,+91-88419-94297,Agartala,2025-05-11
EMP02453,Donald Gonzalez,Male,Marketing,Content Marketing Manager,39727,donald.gonzalez2453@meta.com,+91-70505-89361,Karnal,2025-07-04
EMP02454,Michael Pearson,Male,Marketing,SEO Specialist,17317,michael.pearson2454@meta.com,+91-73129-58587,Shimla,2025-06-03
EMP02455,Jessica Potts,Female,IT,data analytics,31876,jessica.potts2455@meta.com,+91-67728-39947,Chandrapur,2025-03-15
EMP02456,Christopher Mcdaniel,Male,Research and Development,Research Scientist,11977,christopher.mcdaniel2456@meta.com,+91-80331-88543,Singrauli,2025-05-11
EMP02457,Ashley Mcguire,Female,IT,software engineer,42906,ashley.mcguire2457@meta.com,+91-97530-83409,Dehradun,2025-12-14
EMP02458,Robert Mckay,Male,Marketing,SEO Specialist,19388,robert.mckay2458@meta.com,+91-89796-06649,Bhiwani,2025-01-17
EMP02459,Sonya Henderson,Female,IT,ML engineer,37745,sonya.henderson2459@meta.com,+91-66106-04687,Imphal,2025-07-17
EMP02460,Lisa Lawson,Female,Marketing,SEO Specialist,31208,lisa.lawson2460@meta.com,+91-74215-98877,Kollam,2025-09-08
EMP02461,Latoya Brooks,Female,IT,ML engineer,13422,latoya.brooks2461@meta.com,+91-99390-34634,Hospet,2025-08-02
EMP02462,Christopher Johnson,Male,Marketing,SEO Specialist,46679,christopher.johnson2462@meta.com,+91-89547-34053,Dharmavaram,2025-03-03
EMP02463,Jennifer Munoz,Female,IT,software engineer,24357,jennifer.munoz2463@meta.com,+91-75411-99536,Sikar,2025-02-04
EMP02464,Allen White,Male,IT,data scientist,38157,allen.white2464@meta.com,+91-98857-85555,Haldia,2025-09-17
EMP02465,Rachel Howard,Female,Research and Development,R&D Engineer,15588,rachel.howard2465@meta.com,+91-99016-22581,Thrissur,2025-06-27
EMP02466,Matthew Watson,Male,Marketing,Marketing Analyst,18725,matthew.watson2466@meta.com,+91-70144-97139,Bhilai,2025-11-07
EMP02467,Adam Barker,Male,Research and Development,R&D Project Manager,37869,adam.barker2467@meta.com,+91-74605-62341,Kakinada,2025-04-09
EMP02468,John Pope,Male,Marketing,Digital Marketing Specialist,32826,john.pope2468@meta.com,+91-94634-37163,Kishanganj,2025-02-03
EMP02469,Austin Campbell,Male,Marketing,Marketing Manager,12315,austin.campbell2469@meta.com,+91-78122-17148,Hajipur,2025-07-15
EMP02470,Daniel Hoffman,Male,Research and Development,Research Analyst,18344,daniel.hoffman2470@meta.com,+91-77805-61985,Chapra,2025-12-18
EMP02471,Stephanie Fisher,Female,Research and Development,R&D Project Manager,31595,stephanie.fisher2471@meta.com,+91-99651-66016,Ratlam,2025-03-25
EMP02472,Robert Gonzalez,Male,Marketing,SEO Specialist,49511,robert.gonzalez2472@meta.com,+91-68233-26931,Kumbakonam,2025-02-07
EMP02473,Jonathan Mooney,Male,IT,data analytics,31388,jonathan.mooney2473@meta.com,+91-83194-01629,Jamshedpur,2025-04-26
EMP02474,Becky Jackson,Female,Marketing,Digital Marketing Specialist,32612,becky.jackson2474@meta.com,+91-76127-71693,Gudivada,2025-08-20
EMP02475,James Ray,Male,Research and Development,Research Analyst,13108,james.ray2475@meta.com,+91-70440-71831,Surat,2025-11-15
EMP02476,Maria Chase,Female,Research and Development,R&D Project Manager,14734,maria.chase2476@meta.com,+91-81792-51073,Surendranagar Dudhrej,2025-05-22
EMP02477,Diane Skinner,Female,Marketing,SEO Specialist,37109,diane.skinner2477@meta.com,+91-85274-34359,Vadodara,2025-03-10
EMP02478,Stephanie Hull,Female,IT,ML engineer,27622,stephanie.hull2478@meta.com,+91-68955-27188,Naihati,2025-06-13
EMP02479,Maria Jones,Female,Marketing,SEO Specialist,35892,maria.jones2479@meta.com,+91-67258-33799,Vijayanagaram,2025-12-29
EMP02480,Nathaniel Hill,Male,Research and Development,Research Analyst,48950,nathaniel.hill2480@meta.com,+91-87751-26973,Silchar,2025-10-30
EMP02481,Bobby Hampton,Male,Marketing,Marketing Manager,17669,bobby.hampton2481@meta.com,+91-80603-53205,Pudukkottai,2025-10-01
EMP02482,Anthony Evans,Male,Marketing,Digital Marketing Specialist,10046,anthony.evans2482@meta.com,+91-70826-29100,Kumbakonam,2025-10-23
EMP02483,Sarah Coffey,Female,Marketing,SEO Specialist,38089,sarah.coffey2483@meta.com,+91-74914-22283,Dindigul,2025-09-05
EMP02484,Todd Garcia,Male,Marketing,Marketing Manager,47965,todd.garcia2484@meta.com,+91-63638-88540,Nashik,2025-05-14
EMP02485,Samantha Taylor,Female,Marketing,Digital Marketing Specialist,49389,samantha.taylor2485@meta.com,+91-70255-73986,Junagadh,2025-09-11
EMP02486,Darrell Miller,Male,Research and Development,Research Scientist,33185,darrell.miller2486@meta.com,+91-95012-09848,Siwan,2025-03-07
EMP02487,Wanda Villa,Female,Marketing,SEO Specialist,43317,wanda.villa2487@meta.com,+91-66553-87386,Rampur,2025-08-28
EMP02488,Stephen Williams,Male,IT,software engineer,14609,stephen.williams2488@meta.com,+91-69945-92472,Avadi,2025-06-08
EMP02489,Angela Murphy,Female,Marketing,Digital Marketing Specialist,36337,angela.murphy2489@meta.com,+91-78606-11593,Gopalpur,2025-02-04
EMP02490,Michael Buckley,Male,IT,software engineer,23181,michael.buckley2490@meta.com,+91-63166-67300,Jamshedpur,2025-10-26
EMP02491,Cameron Atkins,Male,IT,ML engineer,49397,cameron.atkins2491@meta.com,+91-88026-28346,Amroha,2025-10-29
EMP02492,Michael Boyd,Male,Research and Development,R&D Engineer,19143,michael.boyd2492@meta.com,+91-75769-34931,Gangtok,2025-09-26
EMP02493,Karen Henry,Female,IT,data scientist,30299,karen.henry2493@meta.com,+91-66584-24261,Pondicherry,2025-09-28
EMP02494,Raymond Webb,Male,Research and Development,R&D Engineer,36703,raymond.webb2494@meta.com,+91-71766-88717,Bilaspur,2025-05-05
EMP02495,Ralph Dawson,Male,IT,data analytics,18022,ralph.dawson2495@meta.com,+91-89551-28044,Proddatur,2025-06-24
EMP02496,Sara Sanchez,Female,Marketing,SEO Specialist,39643,sara.sanchez2496@meta.com,+91-90178-65102,Solapur,2025-03-21
EMP02497,Angela Simpson,Female,Marketing,SEO Specialist,27682,angela.simpson2497@meta.com,+91-63692-82045,Ahmedabad,2025-02-26
EMP02498,Michael Mcdonald,Male,Marketing,Content Marketing Manager,40942,michael.mcdonald2498@meta.com,+91-73380-92842,Maheshtala,2025-07-06
EMP02499,John Peterson,Male,Research and Development,Research Analyst,30732,john.peterson2499@meta.com,+91-74737-92885,Bijapur,2025-06-15
EMP02500,Michael Rios,Male,Research and Development,Product Development Engineer,49553,michael.rios2500@meta.com,+91-67831-98348,Bikaner,2025-04-29
EMP02501,Colleen Cox,Female,IT,ML engineer,40143,colleen.cox2501@meta.com,+91-92496-04890,Udupi,2025-11-08
EMP02502,Jose Deleon,Male,Research and Development,R&D Engineer,14437,jose.deleon2502@meta.com,+91-72307-39092,Coimbatore,2025-06-26
EMP02503,Diana Martin,Female,IT,data scientist,23537,diana.martin2503@meta.com,+91-72681-74338,Gangtok,2025-06-22
EMP02504,Mariah Thomas,Female,Research and Development,R&D Engineer,36373,mariah.thomas2504@meta.com,+91-75068-99794,Bhubaneswar,2025-07-13
EMP02505,David Shannon,Male,Research and Development,R&D Project Manager,35538,david.shannon2505@meta.com,+91-77693-99248,Shimoga,2025-04-21
EMP02506,Alyssa Stanley,Female,IT,data scientist,46471,alyssa.stanley2506@meta.com,+91-86254-81558,Nagercoil,2025-03-04
EMP02507,Derek Mcintosh,Male,IT,ML engineer,15916,derek.mcintosh2507@meta.com,+91-79717-09933,Raichur,2025-12-17
EMP02508,Jessica Hernandez,Female,Research and Development,Research Scientist,42885,jessica.hernandez2508@meta.com,+91-82305-15592,Danapur,2025-05-14
EMP02509,Gene Alexander,Male,IT,data scientist,32751,gene.alexander2509@meta.com,+91-92295-41680,Navi Mumbai,2025-08-17
EMP02510,Amber Reyes,Female,Marketing,SEO Specialist,16570,amber.reyes2510@meta.com,+91-98576-01735,Jammu,2025-03-30
EMP02511,Elizabeth Powell,Female,Research and Development,Research Analyst,35292,elizabeth.powell2511@meta.com,+91-89240-68910,Bettiah,2025-03-29
EMP02512,Lisa Stone,Female,Research and Development,Product Development Engineer,21605,lisa.stone2512@meta.com,+91-83963-02053,Dhanbad,2025-02-22
EMP02513,Maria Haley,Female,IT,data analytics,19977,maria.haley2513@meta.com,+91-62283-08284,Raipur,2025-10-20
EMP02514,Anthony Johnson,Male,Research and Development,Research Scientist,38384,anthony.johnson2514@meta.com,+91-72629-09090,Mathura,2025-07-30
EMP02515,Austin Garcia,Male,Marketing,SEO Specialist,21725,austin.garcia2515@meta.com,+91-75330-75369,Udupi,2025-07-13
EMP02516,Michael Sullivan,Male,IT,ML engineer,14977,michael.sullivan2516@meta.com,+91-66550-39406,Salem,2025-01-31
EMP02517,Daniel Holloway,Male,Marketing,Marketing Manager,29411,daniel.holloway2517@meta.com,+91-95646-35618,Shimla,2025-07-14
EMP02518,Daniel Floyd,Male,Marketing,Marketing Analyst,14757,daniel.floyd2518@meta.com,+91-64652-98289,Tumkur,2025-08-09
EMP02519,Michele Roberts,Female,IT,data scientist,27944,michele.roberts2519@meta.com,+91-78753-78000,Bareilly,2025-01-08
EMP02520,Cathy Velez,Female,IT,ML engineer,11571,cathy.velez2520@meta.com,+91-72696-78405,Farrukhabad,2025-04-30
EMP02521,Samuel Watts,Male,Research and Development,R&D Engineer,17999,samuel.watts2521@meta.com,+91-97253-28198,Satna,2025-12-22
EMP02522,Michael Jackson,Male,Marketing,Content Marketing Manager,21650,michael.jackson2522@meta.com,+91-70756-53605,Sirsa,2025-12-15
EMP02523,Brenda Smith,Female,IT,software engineer,38867,brenda.smith2523@meta.com,+91-95184-43030,Haldia,2025-04-27
EMP02524,Geoffrey Thompson,Male,Marketing,Content Marketing Manager,14152,geoffrey.thompson2524@meta.com,+91-78208-61074,Solapur,2025-11-04
EMP02525,Carolyn Wolf,Female,IT,data scientist,46775,carolyn.wolf2525@meta.com,+91-75209-99843,Hindupur,2025-05-12
EMP02526,Harold Wells,Male,Research and Development,R&D Project Manager,48788,harold.wells2526@meta.com,+91-81777-02042,Unnao,2025-02-19
EMP02527,Shelley Kennedy,Female,Research and Development,Product Development Engineer,26108,shelley.kennedy2527@meta.com,+91-75030-97268,Pune,2025-12-05
EMP02528,Keith Mooney,Male,Marketing,Content Marketing Manager,11817,keith.mooney2528@meta.com,+91-81124-16424,Loni,2025-12-20
EMP02529,Jonathan Fischer,Male,Research and Development,Research Scientist,14700,jonathan.fischer2529@meta.com,+91-91980-22365,Salem,2025-05-22
EMP02530,Elizabeth Fitzgerald,Female,Marketing,SEO Specialist,23638,elizabeth.fitzgerald2530@meta.com,+91-92233-01377,Pallavaram,2025-08-29
EMP02531,Nancy Fritz,Female,IT,data scientist,10437,nancy.fritz2531@meta.com,+91-65152-63876,Morbi,2025-10-27
EMP02532,Dawn Ellis,Female,IT,ML engineer,24152,dawn.ellis2532@meta.com,+91-77103-73936,Barasat,2025-08-09
EMP02533,Michelle Vance,Female,Research and Development,Research Analyst,46629,michelle.vance2533@meta.com,+91-62744-54185,Gorakhpur,2025-05-08
EMP02534,Debra Stone,Female,IT,data analytics,35262,debra.stone2534@meta.com,+91-81892-60973,Siliguri,2025-11-03
EMP02535,Veronica Chase,Female,IT,data analytics,12737,veronica.chase2535@meta.com,+91-81654-27006,Raurkela Industrial Township,2025-11-05
EMP02536,Kathleen Sanchez,Female,Research and Development,Research Analyst,39838,kathleen.sanchez2536@meta.com,+91-82466-80790,Karimnagar,2025-08-02
EMP02537,Christine Davis,Female,Research and Development,Research Scientist,49528,christine.davis2537@meta.com,+91-83793-44609,Moradabad,2025-12-06
EMP02538,Vincent Wiley,Male,Research and Development,Research Analyst,11391,vincent.wiley2538@meta.com,+91-84949-70080,Hajipur,2025-02-26
EMP02539,Carrie Lozano,Female,Marketing,SEO Specialist,28213,carrie.lozano2539@meta.com,+91-70898-85744,Bathinda,2025-02-04
EMP02540,Jeanne Butler,Female,Research and Development,R&D Project Manager,16610,jeanne.butler2540@meta.com,+91-93422-71284,Tirupati,2025-10-12
EMP02541,Cheryl Riley,Female,Marketing,Marketing Manager,19528,cheryl.riley2541@meta.com,+91-93418-51781,Pudukkottai,2025-09-09
EMP02542,Barbara Pope,Female,Research and Development,R&D Engineer,26924,barbara.pope2542@meta.com,+91-66462-73978,Tumkur,2025-04-09
EMP02543,Ashley Smith,Female,Research and Development,R&D Engineer,14044,ashley.smith2543@meta.com,+91-82825-34441,Kirari Suleman Nagar,2025-11-15
EMP02544,Melanie Mills,Female,Marketing,Content Marketing Manager,16257,melanie.mills2544@meta.com,+91-87007-04417,Proddatur,2025-03-04
EMP02545,Matthew Torres,Male,Research and Development,Product Development Engineer,30470,matthew.torres2545@meta.com,+91-64945-51758,Amritsar,2025-06-06
EMP02546,Robert Smith,Male,Marketing,Digital Marketing Specialist,27522,robert.smith2546@meta.com,+91-89757-18189,Bellary,2025-09-03
EMP02547,Douglas Watkins,Male,Marketing,SEO Specialist,31083,douglas.watkins2547@meta.com,+91-84958-87992,Unnao,2025-12-08
EMP02548,Elizabeth Jordan,Female,IT,software engineer,31142,elizabeth.jordan2548@meta.com,+91-79716-57641,Dhanbad,2025-06-15
EMP02549,David Bell,Male,Research and Development,Product Development Engineer,10132,david.bell2549@meta.com,+91-64972-91370,Ambala,2025-03-03
EMP02550,Maurice Mack,Male,IT,data analytics,36007,maurice.mack2550@meta.com,+91-94170-11497,Chandigarh,2025-08-28
EMP02551,Micheal Thomas,Male,Marketing,SEO Specialist,23958,micheal.thomas2551@meta.com,+91-80871-61796,Bhiwani,2025-04-18
EMP02552,Kevin Miller,Male,Marketing,SEO Specialist,40268,kevin.miller2552@meta.com,+91-91884-13206,Patna,2025-04-29
EMP02553,John Gomez,Male,Marketing,Content Marketing Manager,30249,john.gomez2553@meta.com,+91-92430-28959,Bhusawal,2025-01-23
EMP02554,James Strong,Male,Marketing,Content Marketing Manager,11405,james.strong2554@meta.com,+91-96177-08302,Barasat,2025-12-26
EMP02555,Linda Thompson,Female,IT,software engineer,18851,linda.thompson2555@meta.com,+91-77687-34920,North Dumdum,2025-04-30
EMP02556,Robert Taylor,Male,Marketing,Digital Marketing Specialist,17465,robert.taylor2556@meta.com,+91-99237-95405,Chandrapur,2025-01-07
EMP02557,Brandy Spencer,Female,Research and Development,Research Scientist,25712,brandy.spencer2557@meta.com,+91-69412-74596,Farrukhabad,2025-07-17
EMP02558,Angela Knight,Female,Marketing,Marketing Analyst,34398,angela.knight2558@meta.com,+91-74300-76909,Bongaigaon,2025-03-22
EMP02559,Catherine Patton,Female,IT,data analytics,44839,catherine.patton2559@meta.com,+91-98207-36586,Jalandhar,2025-10-29
EMP02560,Brenda Ramos,Female,Research and Development,R&D Engineer,30838,brenda.ramos2560@meta.com,+91-95824-06333,Ambala,2025-09-05
EMP02561,Taylor Marquez,Female,Research and Development,Research Analyst,14951,taylor.marquez2561@meta.com,+91-74552-81828,Raichur,2025-06-21
EMP02562,Jeffrey Fisher,Male,Research and Development,Research Scientist,42277,jeffrey.fisher2562@meta.com,+91-96194-02339,Surendranagar Dudhrej,2025-08-09
EMP02563,Alyssa Hansen,Female,IT,data scientist,19249,alyssa.hansen2563@meta.com,+91-78797-06091,Hubli–Dharwad,2025-09-28
EMP02564,Peter Gilbert,Male,IT,data analytics,14738,peter.gilbert2564@meta.com,+91-80869-24736,Latur,2025-11-28
EMP02565,Kevin Watson,Male,IT,data analytics,43772,kevin.watson2565@meta.com,+91-64927-50586,Meerut,2025-01-07
EMP02566,Nicole Long,Female,Research and Development,R&D Project Manager,12739,nicole.long2566@meta.com,+91-62128-30817,Chennai,2025-01-25
EMP02567,Julie Hines,Female,Marketing,Digital Marketing Specialist,32365,julie.hines2567@meta.com,+91-98501-12044,Meerut,2025-06-05
EMP02568,Angela Nelson,Female,IT,data scientist,14920,angela.nelson2568@meta.com,+91-79899-87117,Thoothukudi,2025-06-27
EMP02569,Kristopher Short,Male,Marketing,Digital Marketing Specialist,13379,kristopher.short2569@meta.com,+91-98255-85630,Bathinda,2025-03-30
EMP02570,Sharon Martinez,Female,IT,data scientist,10031,sharon.martinez2570@meta.com,+91-72724-46491,Kurnool,2025-08-03
EMP02571,Kelli Hart,Female,Marketing,SEO Specialist,43573,kelli.hart2571@meta.com,+91-62253-02563,Bhavnagar,2025-11-29
EMP02572,Danny Lowe,Male,Marketing,Marketing Analyst,33049,danny.lowe2572@meta.com,+91-65179-81878,Barasat,2025-01-12
EMP02573,Lori Ball,Female,IT,ML engineer,46214,lori.ball2573@meta.com,+91-93010-28387,Shivpuri,2025-09-08
EMP02574,Loretta Gonzalez,Female,Marketing,Content Marketing Manager,36008,loretta.gonzalez2574@meta.com,+91-65035-53953,Mumbai,2025-11-21
EMP02575,Brittany Hobbs,Female,IT,data analytics,43748,brittany.hobbs2575@meta.com,+91-85911-43313,Shahjahanpur,2025-11-03
EMP02576,Christine Wells,Female,IT,data analytics,38546,christine.wells2576@meta.com,+91-71428-42256,Katni,2025-11-07
EMP02577,Amy Martinez,Female,Marketing,SEO Specialist,46767,amy.martinez2577@meta.com,+91-61998-15040,Karawal Nagar,2025-01-14
EMP02578,Vickie Wilkins,Female,IT,ML engineer,33780,vickie.wilkins2578@meta.com,+91-61372-47629,Pudukkottai,2025-11-25
EMP02579,Melanie Villarreal,Female,Research and Development,R&D Engineer,14798,melanie.villarreal2579@meta.com,+91-67127-84644,Bhiwani,2025-10-21
EMP02580,Charles Smith,Male,Marketing,SEO Specialist,41873,charles.smith2580@meta.com,+91-84610-90825,New Delhi,2025-09-18
EMP02581,Carolyn Harmon,Female,IT,data analytics,46556,carolyn.harmon2581@meta.com,+91-73764-77761,Fatehpur,2025-05-25
EMP02582,John Roberts,Male,IT,ML engineer,23876,john.roberts2582@meta.com,+91-79123-74742,Giridih,2025-08-17
EMP02583,Katherine Contreras,Female,IT,data scientist,16989,katherine.contreras2583@meta.com,+91-81095-40712,Kharagpur,2025-07-22
EMP02584,Melissa Rodriguez,Female,Research and Development,R&D Project Manager,29512,melissa.rodriguez2584@meta.com,+91-78076-49687,Khandwa,2025-05-07
EMP02585,Brittany Campbell,Female,Research and Development,R&D Project Manager,48932,brittany.campbell2585@meta.com,+91-84485-98613,Phusro,2025-03-08
EMP02586,James Carpenter,Male,IT,ML engineer,30348,james.carpenter2586@meta.com,+91-90466-52744,Udupi,2025-12-07
EMP02587,Jeremy Odonnell,Male,Research and Development,R&D Project Manager,43867,jeremy.odonnell2587@meta.com,+91-92498-83773,Kolhapur,2025-10-27
EMP02588,John Sharp,Male,Research and Development,Research Scientist,17521,john.sharp2588@meta.com,+91-87193-60224,Bangalore,2025-08-05
EMP02589,William Howard,Male,Marketing,Digital Marketing Specialist,43107,william.howard2589@meta.com,+91-98375-64404,Karnal,2025-11-18
EMP02590,Steven Warren,Male,IT,software engineer,12883,steven.warren2590@meta.com,+91-60071-86533,Akola,2025-06-14
EMP02591,Mary Bell,Female,Marketing,Content Marketing Manager,32295,mary.bell2591@meta.com,+91-62570-64679,Jaunpur,2025-01-08
EMP02592,Mike Buchanan,Male,IT,ML engineer,33136,mike.buchanan2592@meta.com,+91-99264-66875,Avadi,2025-07-21
EMP02593,Tammy Jones,Female,Marketing,Digital Marketing Specialist,29491,tammy.jones2593@meta.com,+91-78934-51312,Gandhinagar,2025-05-12
EMP02594,Victor Obrien,Male,IT,ML engineer,25205,victor.obrien2594@meta.com,+91-94664-29717,Ramgarh,2025-06-21
EMP02595,Michelle Hunter,Female,Marketing,Marketing Manager,23553,michelle.hunter2595@meta.com,+91-60755-24466,Bikaner,2025-04-04
EMP02596,Michael Chapman,Male,Marketing,Marketing Manager,47776,michael.chapman2596@meta.com,+91-64238-96464,Bhimavaram,2025-02-16
EMP02597,Lisa Powell,Female,IT,data scientist,28994,lisa.powell2597@meta.com,+91-73462-90173,Ludhiana,2025-10-21
EMP02598,Sarah Moore,Female,Research and Development,R&D Engineer,33750,sarah.moore2598@meta.com,+91-85784-30977,Aligarh,2025-12-05
EMP02599,Kathryn Shelton,Female,IT,data scientist,49019,kathryn.shelton2599@meta.com,+91-88827-79060,Ahmednagar,2025-11-09
EMP02600,William Stokes,Male,Research and Development,Product Development Engineer,25501,william.stokes2600@meta.com,+91-67389-36257,Vasai-Virar,2025-10-26
EMP02601,Stephanie Thompson,Female,IT,ML engineer,35771,stephanie.thompson2601@meta.com,+91-92062-19706,Bidar,2025-07-19
EMP02602,Tammy Brown,Female,IT,data analytics,43450,tammy.brown2602@meta.com,+91-98988-03912,Raipur,2025-12-01
EMP02603,Amanda Brady,Female,IT,data analytics,26144,amanda.brady2603@meta.com,+91-93198-75554,Dindigul,2025-08-29
EMP02604,Lawrence Pittman,Male,Marketing,Marketing Analyst,29542,lawrence.pittman2604@meta.com,+91-64969-37937,Pondicherry,2025-04-04
EMP02605,Ashley Cole,Female,IT,software engineer,18342,ashley.cole2605@meta.com,+91-72619-35420,Chapra,2025-02-02
EMP02606,Justin Gonzalez,Male,Marketing,Content Marketing Manager,45110,justin.gonzalez2606@meta.com,+91-80401-60276,Bahraich,2025-02-02
EMP02607,Meghan Perez,Female,Marketing,Marketing Manager,40993,meghan.perez2607@meta.com,+91-96936-16315,Raebareli,2025-10-12
EMP02608,Robin Stokes,Female,Research and Development,Research Scientist,38650,robin.stokes2608@meta.com,+91-70675-81973,Chandigarh,2025-03-15
EMP02609,Lauren Soto,Female,Research and Development,R&D Project Manager,42627,lauren.soto2609@meta.com,+91-63839-63946,Kurnool,2025-09-13
EMP02610,Amanda Taylor,Female,Marketing,Marketing Analyst,33588,amanda.taylor2610@meta.com,+91-80682-79153,Karimnagar,2025-12-17
EMP02611,Raymond Carroll,Male,Research and Development,R&D Project Manager,13218,raymond.carroll2611@meta.com,+91-93789-77310,Mau,2025-09-29
EMP02612,Cody Blair,Male,IT,software engineer,46832,cody.blair2612@meta.com,+91-94492-45487,Jhansi,2025-08-07
EMP02613,Sandra Hudson,Female,IT,data analytics,29377,sandra.hudson2613@meta.com,+91-97223-42591,Orai,2025-09-03
EMP02614,Harold Montgomery,Male,IT,data analytics,21158,harold.montgomery2614@meta.com,+91-66002-25629,Jabalpur,2025-01-26
EMP02615,Jessica Garrett,Female,IT,software engineer,49340,jessica.garrett2615@meta.com,+91-80904-70495,Jehanabad,2025-03-25
EMP02616,Blake Patton,Male,Marketing,Marketing Analyst,48502,blake.patton2616@meta.com,+91-94940-57315,Salem,2025-08-13
EMP02617,Bailey Hall,Female,Marketing,Digital Marketing Specialist,35484,bailey.hall2617@meta.com,+91-93665-58556,Lucknow,2025-12-02
EMP02618,Courtney Shepard,Female,Marketing,Marketing Manager,26039,courtney.shepard2618@meta.com,+91-67622-97904,Pali,2025-10-17
EMP02619,Michele Jones,Female,IT,ML engineer,41384,michele.jones2619@meta.com,+91-84426-02243,Tumkur,2025-02-07
EMP02620,Benjamin Johnston,Male,Research and Development,R&D Project Manager,44023,benjamin.johnston2620@meta.com,+91-93485-91156,Silchar,2025-01-15
EMP02621,Luke Gardner,Male,Marketing,Content Marketing Manager,10805,luke.gardner2621@meta.com,+91-82743-52355,Ballia,2025-05-22
EMP02622,Kaitlin Lowery,Female,IT,ML engineer,36787,kaitlin.lowery2622@meta.com,+91-78749-12997,Ludhiana,2025-07-28
EMP02623,Amanda Fisher,Female,IT,data scientist,34370,amanda.fisher2623@meta.com,+91-78393-95559,Thanjavur,2025-03-22
EMP02624,Stephen Brown,Male,Research and Development,Research Scientist,48955,stephen.brown2624@meta.com,+91-99557-34657,Motihari,2025-09-01
EMP02625,Robert Rivera,Male,Marketing,SEO Specialist,26223,robert.rivera2625@meta.com,+91-65426-52430,Noida,2025-09-13
EMP02626,Katherine Shaffer,Female,Research and Development,Research Analyst,31953,katherine.shaffer2626@meta.com,+91-67762-96413,Sri Ganganagar,2025-11-09
EMP02627,William Dodson,Male,Research and Development,Research Scientist,11128,william.dodson2627@meta.com,+91-96761-34122,Suryapet,2025-06-20
EMP02628,Karen Anderson,Female,Research and Development,Research Scientist,33018,karen.anderson2628@meta.com,+91-94042-57771,Vasai-Virar,2025-11-23
EMP02629,Amanda Romero,Female,Research and Development,Research Scientist,48686,amanda.romero2629@meta.com,+91-96963-47768,Chinsurah,2025-07-06
EMP02630,John Harrington,Male,Research and Development,Product Development Engineer,32199,john.harrington2630@meta.com,+91-91589-04600,Jaipur,2025-04-08
EMP02631,Timothy Johnson,Male,Marketing,Content Marketing Manager,37224,timothy.johnson2631@meta.com,+91-91753-55781,Deoghar,2025-09-24
EMP02632,Lisa Gray,Female,IT,data analytics,47300,lisa.gray2632@meta.com,+91-71971-04408,Suryapet,2025-12-19
EMP02633,John Hughes,Male,Research and Development,Research Scientist,44680,john.hughes2633@meta.com,+91-85056-59495,Cuttack,2025-03-05
EMP02634,Jessica Simmons,Female,Marketing,Digital Marketing Specialist,23038,jessica.simmons2634@meta.com,+91-94603-49337,Bhiwandi,2025-06-17
EMP02635,Jessica Prince,Female,IT,software engineer,30870,jessica.prince2635@meta.com,+91-94630-03876,Nagercoil,2025-09-15
EMP02636,Cory Kim,Male,IT,ML engineer,31321,cory.kim2636@meta.com,+91-91357-76002,Patiala,2025-02-28
EMP02637,David Chapman,Male,Marketing,Marketing Manager,34238,david.chapman2637@meta.com,+91-67793-24064,Haridwar,2025-12-15
EMP02638,Paul Beasley,Male,IT,ML engineer,34033,paul.beasley2638@meta.com,+91-99060-26308,Kanpur,2025-06-09
EMP02639,Shelley Wright,Female,Research and Development,Research Analyst,12222,shelley.wright2639@meta.com,+91-71448-60637,Solapur,2025-11-16
EMP02640,Anthony Gonzales,Male,Marketing,SEO Specialist,32825,anthony.gonzales2640@meta.com,+91-69262-22113,Varanasi,2025-09-19
EMP02641,Ernest Morrison,Male,Marketing,Marketing Manager,44339,ernest.morrison2641@meta.com,+91-72072-61267,Jalna,2025-11-19
EMP02642,Beverly Sanders,Female,Marketing,Digital Marketing Specialist,49811,beverly.sanders2642@meta.com,+91-67722-97078,Solapur,2025-10-09
EMP02643,Angela Mays,Female,Marketing,Digital Marketing Specialist,30721,angela.mays2643@meta.com,+91-63637-05924,Shimla,2025-01-08
EMP02644,Michael Li,Male,Marketing,SEO Specialist,44950,michael.li2644@meta.com,+91-62085-31100,Raiganj,2025-07-15
EMP02645,Michelle Pugh,Female,Marketing,Marketing Analyst,36794,michelle.pugh2645@meta.com,+91-99321-34145,Sambalpur,2025-07-22
EMP02646,Joseph Adams,Male,IT,ML engineer,42648,joseph.adams2646@meta.com,+91-84356-66442,Meerut,2025-04-23
EMP02647,Gregory Jenkins,Male,Marketing,SEO Specialist,16163,gregory.jenkins2647@meta.com,+91-90239-08748,Parbhani,2025-06-20
EMP02648,Blake Barr,Male,Marketing,Marketing Analyst,16867,blake.barr2648@meta.com,+91-81296-56577,Farrukhabad,2025-05-27
EMP02649,Natalie Clark,Female,Marketing,Marketing Manager,47575,natalie.clark2649@meta.com,+91-68985-25816,Ajmer,2025-10-08
EMP02650,Andrew Young,Male,Marketing,Digital Marketing Specialist,48943,andrew.young2650@meta.com,+91-99731-44746,Malda,2025-03-03
EMP02651,Tiffany Smith,Female,Marketing,Marketing Analyst,27711,tiffany.smith2651@meta.com,+91-67413-23301,Gopalpur,2025-08-09
EMP02652,Donald Cruz,Male,IT,data scientist,44954,donald.cruz2652@meta.com,+91-89830-06219,Allahabad,2025-07-05
EMP02653,Douglas Lynch,Male,Marketing,Marketing Analyst,10434,douglas.lynch2653@meta.com,+91-84565-28964,Surat,2025-08-30
EMP02654,Scott Cruz,Male,IT,data analytics,22330,scott.cruz2654@meta.com,+91-73616-49724,Rajahmundry,2025-03-23
EMP02655,Christine Lopez,Female,IT,data scientist,20135,christine.lopez2655@meta.com,+91-91474-46978,Katihar,2025-10-25
EMP02656,Amy Torres,Female,Marketing,Content Marketing Manager,39251,amy.torres2656@meta.com,+91-97515-26724,Indore,2025-11-23
EMP02657,Susan Webster,Female,IT,data analytics,36795,susan.webster2657@meta.com,+91-87689-34445,Firozabad,2025-04-06
EMP02658,Robert Garza,Male,IT,software engineer,36006,robert.garza2658@meta.com,+91-69721-40202,Mau,2025-12-15
EMP02659,Nicholas Howell,Male,IT,data scientist,16672,nicholas.howell2659@meta.com,+91-87680-03281,Howrah,2025-08-05
EMP02660,Robert Tran,Male,Research and Development,Research Scientist,17814,robert.tran2660@meta.com,+91-75876-89037,Deoghar,2025-12-09
EMP02661,John Armstrong,Male,Research and Development,Product Development Engineer,45663,john.armstrong2661@meta.com,+91-63288-50670,Ujjain,2025-08-04
EMP02662,Tyler Mcdonald,Male,IT,data analytics,33148,tyler.mcdonald2662@meta.com,+91-62019-68395,Mira-Bhayandar,2025-11-06
EMP02663,Terry Campbell,Male,IT,ML engineer,16865,terry.campbell2663@meta.com,+91-78890-72040,Guwahati,2025-09-29
EMP02664,Yvonne Wise,Female,IT,software engineer,31173,yvonne.wise2664@meta.com,+91-98846-37805,Naihati,2025-11-10
EMP02665,Laura Johnson,Female,Research and Development,Research Analyst,22054,laura.johnson2665@meta.com,+91-95439-25758,Mirzapur,2025-03-25
EMP02666,Derrick King,Male,Marketing,Marketing Manager,39001,derrick.king2666@meta.com,+91-74159-02106,Amravati,2025-11-05
EMP02667,Eric Guerrero,Male,IT,software engineer,32366,eric.guerrero2667@meta.com,+91-91746-99453,Mangalore,2025-12-01
EMP02668,Jill Smith,Female,Research and Development,R&D Project Manager,45013,jill.smith2668@meta.com,+91-70121-31581,Kirari Suleman Nagar,2025-10-22
EMP02669,Amanda Howard,Female,Research and Development,R&D Engineer,31494,amanda.howard2669@meta.com,+91-80266-59848,Alappuzha,2025-05-30
EMP02670,Anthony Mcmillan,Male,Research and Development,Research Scientist,43152,anthony.mcmillan2670@meta.com,+91-97325-08857,Phagwara,2025-05-19
EMP02671,Kristen Ashley,Female,IT,data analytics,36941,kristen.ashley2671@meta.com,+91-74396-62955,Bokaro,2025-07-04
EMP02672,David Buchanan,Male,IT,data analytics,40459,david.buchanan2672@meta.com,+91-66014-16023,Shimla,2025-10-28
EMP02673,Cameron Mccoy,Male,Marketing,Digital Marketing Specialist,23728,cameron.mccoy2673@meta.com,+91-71765-21040,Tadipatri,2025-11-13
EMP02674,Matthew Hall,Male,IT,ML engineer,22162,matthew.hall2674@meta.com,+91-68498-36297,Udaipur,2025-03-08
EMP02675,Melinda Valencia,Female,Marketing,Digital Marketing Specialist,25145,melinda.valencia2675@meta.com,+91-63299-10461,Kalyan-Dombivli,2025-10-26
EMP02676,Kristen Perez,Female,Marketing,SEO Specialist,26387,kristen.perez2676@meta.com,+91-63165-00808,Bardhaman,2025-06-20
EMP02677,Alexis Kirk,Female,Marketing,Digital Marketing Specialist,33469,alexis.kirk2677@meta.com,+91-78933-44322,Panvel,2025-01-15
EMP02678,Nathan Burke,Male,Research and Development,R&D Engineer,44554,nathan.burke2678@meta.com,+91-94033-41593,Moradabad,2025-08-17
EMP02679,Angela Wallace,Female,Marketing,Marketing Analyst,15318,angela.wallace2679@meta.com,+91-85303-17866,Patiala,2025-09-10
EMP02680,Christina Hudson,Female,IT,data analytics,17996,christina.hudson2680@meta.com,+91-85957-85818,Madurai,2025-10-11
EMP02681,Martin Liu,Male,IT,data analytics,16939,martin.liu2681@meta.com,+91-88101-21759,Nagpur,2025-06-06
EMP02682,Erin French,Female,Marketing,Digital Marketing Specialist,14873,erin.french2682@meta.com,+91-74948-70804,Vellore,2025-11-02
EMP02683,Stephanie Brooks,Female,Marketing,Marketing Analyst,13506,stephanie.brooks2683@meta.com,+91-84810-19048,Ludhiana,2025-02-15
EMP02684,Caitlin Williams,Female,IT,data analytics,16833,caitlin.williams2684@meta.com,+91-76011-22096,Gudivada,2025-11-29
EMP02685,Alexander Lynch,Male,Marketing,Digital Marketing Specialist,11940,alexander.lynch2685@meta.com,+91-79439-40007,Sasaram,2025-11-29
EMP02686,Michelle Harmon,Female,Marketing,Digital Marketing Specialist,36136,michelle.harmon2686@meta.com,+91-67859-80422,Thrissur,2025-12-19
EMP02687,James Aguilar,Male,Marketing,Marketing Manager,18002,james.aguilar2687@meta.com,+91-88486-91951,Eluru,2025-02-01
EMP02688,Pamela Banks,Female,Marketing,Digital Marketing Specialist,14802,pamela.banks2688@meta.com,+91-64542-89807,Rajahmundry,2025-11-11
EMP02689,Keith Cuevas,Male,IT,ML engineer,37693,keith.cuevas2689@meta.com,+91-93072-21904,Siwan,2025-05-19
EMP02690,Morgan Abbott,Female,IT,data analytics,12210,morgan.abbott2690@meta.com,+91-86208-49696,Medininagar,2025-05-29
EMP02691,Kaitlyn Warren,Female,Research and Development,R&D Engineer,16893,kaitlyn.warren2691@meta.com,+91-69580-44874,Ratlam,2025-07-12
EMP02692,Derrick Huff,Male,IT,data scientist,10897,derrick.huff2692@meta.com,+91-81669-64822,Latur,2025-04-25
EMP02693,Erin Lloyd,Female,Research and Development,R&D Project Manager,40723,erin.lloyd2693@meta.com,+91-74606-53832,Ahmednagar,2025-12-07
EMP02694,Joy Goodman,Female,Marketing,Marketing Manager,26653,joy.goodman2694@meta.com,+91-67209-13354,New Delhi,2025-11-26
EMP02695,Jeremy Rosario,Male,Research and Development,R&D Project Manager,33492,jeremy.rosario2695@meta.com,+91-75379-03910,Mirzapur,2025-05-17
EMP02696,Angela Castro,Female,Research and Development,R&D Engineer,35596,angela.castro2696@meta.com,+91-95328-68246,Mirzapur,2025-02-16
EMP02697,Martha Jacobs,Female,Marketing,Marketing Manager,34984,martha.jacobs2697@meta.com,+91-77586-55763,Gurgaon,2025-04-14
EMP02698,David Carey,Male,IT,data scientist,17716,david.carey2698@meta.com,+91-99315-78291,Siwan,2025-07-19
EMP02699,Danielle Blankenship,Female,Marketing,Digital Marketing Specialist,32689,danielle.blankenship2699@meta.com,+91-68728-98114,Medininagar,2025-03-01
EMP02700,Debbie Mitchell,Female,IT,data scientist,28302,debbie.mitchell2700@meta.com,+91-74712-62429,Kochi,2025-02-21
EMP02701,Angela Fisher,Female,Research and Development,R&D Engineer,10777,angela.fisher2701@meta.com,+91-81424-16466,Ramgarh,2025-03-15
EMP02702,Kathleen Keith,Female,IT,ML engineer,47131,kathleen.keith2702@meta.com,+91-76839-98073,Bokaro,2025-12-19
EMP02703,Sherri Smith,Female,Marketing,Content Marketing Manager,49772,sherri.smith2703@meta.com,+91-73612-54270,Gurgaon,2025-12-15
EMP02704,Dennis Spencer,Male,IT,data scientist,15574,dennis.spencer2704@meta.com,+91-73180-60033,Salem,2025-12-13
EMP02705,Cameron Johnson,Male,IT,ML engineer,36542,cameron.johnson2705@meta.com,+91-89887-81171,Nagpur,2025-03-29
EMP02706,Michael Fritz,Male,Research and Development,Product Development Engineer,26336,michael.fritz2706@meta.com,+91-88849-77358,Kottayam,2025-05-08
EMP02707,Sharon Sellers,Female,IT,ML engineer,46821,sharon.sellers2707@meta.com,+91-99261-91871,Raichur,2025-07-12
EMP02708,Cameron Terry,Male,Research and Development,Research Scientist,49063,cameron.terry2708@meta.com,+91-74360-45255,Durg,2025-05-07
EMP02709,Bryan Merritt,Male,IT,data analytics,28239,bryan.merritt2709@meta.com,+91-98850-74653,Gudivada,2025-06-06
EMP02710,Lisa Rodriguez,Female,Marketing,Marketing Analyst,12042,lisa.rodriguez2710@meta.com,+91-98803-23651,Srinagar,2025-04-15
EMP02711,Nancy Kelly,Female,Research and Development,Research Scientist,18147,nancy.kelly2711@meta.com,+91-66857-53819,Alappuzha,2025-05-24
EMP02712,Lynn Yang,Female,Marketing,Content Marketing Manager,46263,lynn.yang2712@meta.com,+91-79572-03718,Ramagundam,2025-05-01
EMP02713,Peter Graves,Male,Research and Development,Research Scientist,39245,peter.graves2713@meta.com,+91-63480-86290,Giridih,2025-10-21
EMP02714,Thomas Zuniga,Male,Research and Development,Product Development Engineer,16114,thomas.zuniga2714@meta.com,+91-69532-54782,Saharanpur,2025-01-30
EMP02715,Steven Watkins,Male,Marketing,SEO Specialist,15057,steven.watkins2715@meta.com,+91-90946-24858,Malda,2025-01-08
EMP02716,Jamie Gonzales,Female,Marketing,Content Marketing Manager,18492,jamie.gonzales2716@meta.com,+91-64838-46142,Jalandhar,2025-09-02
EMP02717,David Snyder,Male,IT,ML engineer,31054,david.snyder2717@meta.com,+91-67985-63839,Phusro,2025-08-14
EMP02718,Joseph Fox,Male,IT,software engineer,39510,joseph.fox2718@meta.com,+91-79703-56683,Baranagar,2025-12-26
EMP02719,Erica Flores,Female,IT,software engineer,47248,erica.flores2719@meta.com,+91-95892-33797,Asansol,2025-10-03
EMP02720,Andrew Landry,Male,Research and Development,Product Development Engineer,27271,andrew.landry2720@meta.com,+91-89030-93083,Chinsurah,2025-12-20
EMP02721,Kelly Andrews,Female,Marketing,SEO Specialist,28389,kelly.andrews2721@meta.com,+91-65113-43760,Navi Mumbai,2025-01-13
EMP02722,Gregory Martin,Male,IT,ML engineer,15140,gregory.martin2722@meta.com,+91-88360-60027,Panipat,2025-08-10
EMP02723,Katelyn Walker,Female,Marketing,Content Marketing Manager,26867,katelyn.walker2723@meta.com,+91-69080-24824,Tumkur,2025-09-28
EMP02724,Todd Green,Male,Marketing,Content Marketing Manager,38883,todd.green2724@meta.com,+91-81428-51243,Ahmednagar,2025-08-05
EMP02725,Melvin Thomas,Male,IT,data scientist,44756,melvin.thomas2725@meta.com,+91-66670-51873,Suryapet,2025-04-01
EMP02726,Sara Fischer,Female,IT,software engineer,34126,sara.fischer2726@meta.com,+91-86319-48872,Khora ,2025-11-20
EMP02727,Stephanie Moyer,Female,Research and Development,Research Analyst,41524,stephanie.moyer2727@meta.com,+91-98968-88109,Chennai,2025-04-28
EMP02728,John Carson,Male,Research and Development,R&D Engineer,17971,john.carson2728@meta.com,+91-94039-05925,Kurnool,2025-05-25
EMP02729,Diane Gould,Female,Research and Development,R&D Project Manager,49776,diane.gould2729@meta.com,+91-72395-18007,Raiganj,2025-05-04
EMP02730,Kelly Guerra,Female,Research and Development,R&D Engineer,27816,kelly.guerra2730@meta.com,+91-87957-74790,Bhubaneswar,2025-05-17
EMP02731,Michelle Calhoun,Female,Research and Development,R&D Project Manager,30037,michelle.calhoun2731@meta.com,+91-68533-75829,Raiganj,2025-10-24
EMP02732,Stephen Snyder,Male,Research and Development,Research Analyst,46723,stephen.snyder2732@meta.com,+91-95642-36842,Durgapur,2025-10-20
EMP02733,Wendy Dennis,Female,IT,data analytics,44808,wendy.dennis2733@meta.com,+91-63211-05115,Raichur,2025-08-17
EMP02734,Regina Garner,Female,Marketing,SEO Specialist,39997,regina.garner2734@meta.com,+91-94976-01133,Aurangabad,2025-05-10
EMP02735,Gabriel Hunter,Male,Marketing,Content Marketing Manager,23801,gabriel.hunter2735@meta.com,+91-64849-07483,Malda,2025-03-01
EMP02736,Mark Hunt,Male,Research and Development,Research Analyst,38578,mark.hunt2736@meta.com,+91-77768-40324,Satna,2025-09-04
EMP02737,Steven Johnson,Male,Marketing,Marketing Manager,33293,steven.johnson2737@meta.com,+91-98491-39003,Saharsa,2025-05-25
EMP02738,Emily Skinner,Female,Research and Development,Research Analyst,12344,emily.skinner2738@meta.com,+91-84339-22995,Bangalore,2025-07-02
EMP02739,Danielle Willis,Female,Research and Development,Research Analyst,41024,danielle.willis2739@meta.com,+91-99962-86909,Thiruvananthapuram,2025-06-20
EMP02740,Derek Hernandez,Male,Research and Development,Research Analyst,24143,derek.hernandez2740@meta.com,+91-66194-57745,Mehsana,2025-12-11
EMP02741,Diane Gonzalez,Female,IT,ML engineer,20327,diane.gonzalez2741@meta.com,+91-98044-60674,Hazaribagh,2025-06-06
EMP02742,Shannon Curry,Female,Research and Development,R&D Engineer,49325,shannon.curry2742@meta.com,+91-81304-88424,Raebareli,2025-08-28
EMP02743,Andrea Grant,Female,IT,ML engineer,42176,andrea.grant2743@meta.com,+91-64295-39438,Mangalore,2025-12-18
EMP02744,Amanda Watts,Female,IT,ML engineer,49805,amanda.watts2744@meta.com,+91-73063-65452,Ballia,2025-09-02
EMP02745,David Bailey,Male,IT,software engineer,22889,david.bailey2745@meta.com,+91-77785-19428,Dewas,2025-08-10
EMP02746,Ryan Golden,Male,Marketing,Content Marketing Manager,28442,ryan.golden2746@meta.com,+91-65035-36161,Unnao,2025-06-03
EMP02747,Rebecca Myers,Female,Marketing,Marketing Manager,26205,rebecca.myers2747@meta.com,+91-69559-92950,Tinsukia,2025-02-12
EMP02748,John Davis,Male,IT,data scientist,25105,john.davis2748@meta.com,+91-69634-45159,Tumkur,2025-04-07
EMP02749,Jason West,Male,Research and Development,Product Development Engineer,33412,jason.west2749@meta.com,+91-88522-72663,Khandwa,2025-05-05
EMP02750,Brian Marshall,Male,Research and Development,R&D Engineer,39396,brian.marshall2750@meta.com,+91-97604-20108,Raipur,2025-06-30
EMP02751,Gregory Sanders,Male,IT,data analytics,39066,gregory.sanders2751@meta.com,+91-72866-72435,Karawal Nagar,2025-08-25
EMP02752,Sara Shields,Female,Research and Development,R&D Engineer,43436,sara.shields2752@meta.com,+91-88015-41427,Noida,2025-07-16
EMP02753,Allen Adams,Male,IT,ML engineer,11180,allen.adams2753@meta.com,+91-93875-89317,Alappuzha,2025-02-21
EMP02754,Amy Ingram,Female,Marketing,Digital Marketing Specialist,14869,amy.ingram2754@meta.com,+91-61227-08517,Ratlam,2025-05-24
EMP02755,Jason Lamb,Male,Research and Development,R&D Engineer,39910,jason.lamb2755@meta.com,+91-69135-06230,Silchar,2025-10-26
EMP02756,Dean Brown,Male,Marketing,Digital Marketing Specialist,14135,dean.brown2756@meta.com,+91-60133-38902,Muzaffarnagar,2025-01-30
EMP02757,Gerald Cardenas,Male,Research and Development,Research Scientist,40223,gerald.cardenas2757@meta.com,+91-85093-98909,Sultan Pur Majra,2025-12-28
EMP02758,Jennifer Armstrong,Female,IT,data analytics,23964,jennifer.armstrong2758@meta.com,+91-78460-88082,Jorhat,2025-03-29
EMP02759,Christine Garrett,Female,IT,software engineer,46149,christine.garrett2759@meta.com,+91-79178-00053,Bikaner,2025-12-21
EMP02760,Lisa Smith,Female,Marketing,Marketing Manager,21211,lisa.smith2760@meta.com,+91-88923-78808,Nadiad,2025-12-31
EMP02761,Brandon Bush,Male,IT,ML engineer,32214,brandon.bush2761@meta.com,+91-60320-19699,Begusarai,2025-11-18
EMP02762,Amy Williams,Female,IT,data scientist,41583,amy.williams2762@meta.com,+91-96188-79444,Mirzapur,2025-01-26
EMP02763,Kimberly Galloway,Female,Marketing,Content Marketing Manager,31776,kimberly.galloway2763@meta.com,+91-91402-14205,Berhampur,2025-05-15
EMP02764,Donna Martin,Female,IT,data analytics,32119,donna.martin2764@meta.com,+91-88717-11580,Bathinda,2025-01-29
EMP02765,Jennifer Tran,Female,Research and Development,Research Scientist,14957,jennifer.tran2765@meta.com,+91-96834-54739,Ahmedabad,2025-01-24
EMP02766,Amanda Smith,Female,Marketing,Marketing Analyst,15990,amanda.smith2766@meta.com,+91-89219-21470,Orai,2025-10-03
EMP02767,James Washington,Male,Research and Development,Research Analyst,12859,james.washington2767@meta.com,+91-63145-47158,Ichalkaranji,2025-08-16
EMP02768,Eric Hall,Male,Marketing,Digital Marketing Specialist,26697,eric.hall2768@meta.com,+91-64552-89435,Visakhapatnam,2025-08-13
EMP02769,Dominic Martinez,Male,IT,data analytics,45053,dominic.martinez2769@meta.com,+91-69234-62773,Rewa,2025-02-23
EMP02770,Carlos Yang,Male,Marketing,Marketing Analyst,17962,carlos.yang2770@meta.com,+91-97304-06839,Guwahati,2025-12-30
EMP02771,Billy Wagner,Male,IT,data analytics,41015,billy.wagner2771@meta.com,+91-81234-16940,Jaipur,2025-08-08
EMP02772,Alexis Greer,Female,IT,software engineer,49591,alexis.greer2772@meta.com,+91-77172-82067,Bareilly,2025-02-26
EMP02773,Nancy Sparks,Female,IT,data analytics,21580,nancy.sparks2773@meta.com,+91-86519-49705,Medininagar,2025-10-23
EMP02774,Scott Glover,Male,IT,software engineer,32629,scott.glover2774@meta.com,+91-88667-58950,Anand,2025-12-10
EMP02775,Patrick Turner,Male,Marketing,SEO Specialist,18457,patrick.turner2775@meta.com,+91-65478-51467,Panihati,2025-07-26
EMP02776,Brett Costa,Male,Research and Development,Research Scientist,36097,brett.costa2776@meta.com,+91-74233-38114,Gandhinagar,2025-07-13
EMP02777,Eddie Davis,Male,Marketing,SEO Specialist,19940,eddie.davis2777@meta.com,+91-98953-81807,Kishanganj,2025-05-05
EMP02778,Diana Mitchell,Female,Research and Development,Product Development Engineer,22321,diana.mitchell2778@meta.com,+91-78618-38993,Eluru,2025-05-18
EMP02779,Alan Crawford,Male,Research and Development,Product Development Engineer,46644,alan.crawford2779@meta.com,+91-98898-40896,Serampore,2025-05-28
EMP02780,Phillip Klein,Male,IT,software engineer,10292,phillip.klein2780@meta.com,+91-93559-92785,Rajahmundry,2025-01-14
EMP02781,Kenneth Johnson,Male,Marketing,SEO Specialist,14061,kenneth.johnson2781@meta.com,+91-77364-76868,Amroha,2025-07-16
EMP02782,Jacqueline Hart,Female,Research and Development,R&D Engineer,40822,jacqueline.hart2782@meta.com,+91-86028-96978,Thoothukudi,2025-01-30
EMP02783,Briana Soto,Female,Marketing,Marketing Manager,18289,briana.soto2783@meta.com,+91-96514-21167,Bareilly,2025-06-14
EMP02784,Justin Clark,Male,IT,ML engineer,42174,justin.clark2784@meta.com,+91-82257-51335,Guntakal,2025-09-14
EMP02785,Danielle Thomas,Female,IT,data analytics,20734,danielle.thomas2785@meta.com,+91-83131-50881,Nagaon,2025-06-18
EMP02786,Nathan Knight,Male,Marketing,SEO Specialist,15283,nathan.knight2786@meta.com,+91-68547-70328,Allahabad,2025-12-21
EMP02787,Randall King,Male,Research and Development,Research Analyst,15753,randall.king2787@meta.com,+91-63021-99029,Naihati,2025-05-21
EMP02788,Sandra Johnson,Female,IT,ML engineer,38037,sandra.johnson2788@meta.com,+91-72747-17585,Kolkata,2025-08-18
EMP02789,Derrick Clark,Male,Research and Development,Product Development Engineer,23308,derrick.clark2789@meta.com,+91-65138-63044,Bongaigaon,2025-01-24
EMP02790,Kathryn Chung,Female,IT,data scientist,29770,kathryn.chung2790@meta.com,+91-62286-13902,Pondicherry,2025-08-09
EMP02791,Julia Webb,Female,Research and Development,Research Analyst,22431,julia.webb2791@meta.com,+91-92936-03739,Vasai-Virar,2025-05-24
EMP02792,Jessica Jones,Female,Marketing,Content Marketing Manager,17690,jessica.jones2792@meta.com,+91-80531-27791,Ahmedabad,2025-08-18
EMP02793,Carla Goodman,Female,Marketing,Digital Marketing Specialist,25719,carla.goodman2793@meta.com,+91-61018-22562,Davanagere,2025-12-05
EMP02794,Jessica Stanton,Female,IT,data scientist,31259,jessica.stanton2794@meta.com,+91-66710-07289,Khandwa,2025-07-14
EMP02795,Kathleen Sims,Female,Research and Development,Research Analyst,40625,kathleen.sims2795@meta.com,+91-68637-44544,Kolhapur,2025-07-31
EMP02796,Paul Payne,Male,Marketing,Digital Marketing Specialist,41819,paul.payne2796@meta.com,+91-75879-11850,Bangalore,2025-11-08
EMP02797,Edward Graham,Male,Marketing,SEO Specialist,42767,edward.graham2797@meta.com,+91-66406-31568,Gopalpur,2025-12-02
EMP02798,Kelly Gilbert,Female,IT,data analytics,40172,kelly.gilbert2798@meta.com,+91-75685-50383,Phusro,2025-09-16
EMP02799,Matthew Thomas,Male,IT,data analytics,48534,matthew.thomas2799@meta.com,+91-63835-23947,Srikakulam,2025-12-13
EMP02800,Tiffany Watson,Female,Research and Development,R&D Engineer,20274,tiffany.watson2800@meta.com,+91-81679-42002,Chittoor,2025-10-14
EMP02801,Joel Mayer,Male,Research and Development,R&D Project Manager,32658,joel.mayer2801@meta.com,+91-82545-97292,Dehradun,2025-05-11
EMP02802,Kelly Calderon,Female,Marketing,Content Marketing Manager,34716,kelly.calderon2802@meta.com,+91-99631-26507,Ratlam,2025-08-01
EMP02803,Jennifer Hernandez,Female,IT,ML engineer,49704,jennifer.hernandez2803@meta.com,+91-96365-70741,Kolkata,2025-11-25
EMP02804,Emily Lopez,Female,Research and Development,R&D Engineer,38758,emily.lopez2804@meta.com,+91-61785-09073,Siwan,2025-10-04
EMP02805,Jimmy Davis,Male,IT,data analytics,23125,jimmy.davis2805@meta.com,+91-62198-63146,Hindupur,2025-05-10
EMP02806,Christopher Bell,Male,IT,software engineer,42557,christopher.bell2806@meta.com,+91-74706-64158,Hapur,2025-08-14
EMP02807,Lori Reilly,Female,Research and Development,Product Development Engineer,26584,lori.reilly2807@meta.com,+91-67344-31646,Anantapuram,2025-08-07
EMP02808,Samantha Parrish,Female,Research and Development,R&D Engineer,30715,samantha.parrish2808@meta.com,+91-86325-44650,Arrah,2025-08-26
EMP02809,Marcus Powell,Male,IT,data analytics,40944,marcus.powell2809@meta.com,+91-80609-22179,Kishanganj,2025-10-13
EMP02810,Kimberly Hopkins,Female,Research and Development,R&D Project Manager,44446,kimberly.hopkins2810@meta.com,+91-79688-66316,Guntakal,2025-05-10
EMP02811,Brittany Cross,Female,Research and Development,R&D Project Manager,37608,brittany.cross2811@meta.com,+91-75890-33255,Mangalore,2025-06-09
EMP02812,Dennis Garcia,Male,Marketing,Marketing Manager,30015,dennis.garcia2812@meta.com,+91-74460-30084,Bathinda,2025-05-27
EMP02813,Laura Castaneda,Female,Research and Development,Research Scientist,48369,laura.castaneda2813@meta.com,+91-90609-00138,Tadepalligudem,2025-10-31
EMP02814,Mary Kennedy,Female,Marketing,Marketing Analyst,30380,mary.kennedy2814@meta.com,+91-70088-81742,Delhi,2025-11-30
EMP02815,Richard Hays,Male,IT,ML engineer,21855,richard.hays2815@meta.com,+91-73659-49149,Srikakulam,2025-03-22
EMP02816,Charles Martin,Male,Marketing,SEO Specialist,34478,charles.martin2816@meta.com,+91-95170-56701,North Dumdum,2025-09-11
EMP02817,Blake Booker,Male,IT,ML engineer,10060,blake.booker2817@meta.com,+91-73941-99923,Sasaram,2025-10-22
EMP02818,Renee Coleman,Female,Research and Development,Product Development Engineer,32179,renee.coleman2818@meta.com,+91-79690-31448,Khammam,2025-02-10
EMP02819,Eric Wolf,Male,Marketing,Marketing Manager,20286,eric.wolf2819@meta.com,+91-87818-95735,Karaikudi,2025-10-15
EMP02820,Jennifer Schroeder,Female,Marketing,Content Marketing Manager,22274,jennifer.schroeder2820@meta.com,+91-62033-99781,Raichur,2025-04-27
EMP02821,Eric Boyd,Male,IT,data analytics,27942,eric.boyd2821@meta.com,+91-70669-64727,Mahbubnagar,2025-04-27
EMP02822,Ryan Moses,Male,Research and Development,R&D Engineer,48872,ryan.moses2822@meta.com,+91-83449-46272,Asansol,2025-08-30
EMP02823,Sara Castro,Female,IT,ML engineer,35778,sara.castro2823@meta.com,+91-89477-82717,Chandrapur,2025-07-29
EMP02824,Melissa Grant,Female,Research and Development,Research Scientist,11427,melissa.grant2824@meta.com,+91-65429-61506,Karnal,2025-03-09
EMP02825,Christopher Cline,Male,IT,data scientist,37765,christopher.cline2825@meta.com,+91-85947-98150,Sri Ganganagar,2025-06-25
EMP02826,Monica Lewis,Female,Marketing,Content Marketing Manager,47550,monica.lewis2826@meta.com,+91-63852-29831,Eluru,2025-03-17
EMP02827,James Fitzpatrick,Male,Marketing,Digital Marketing Specialist,27382,james.fitzpatrick2827@meta.com,+91-80865-08292,Thiruvananthapuram,2025-06-18
EMP02828,Jessica Fox,Female,IT,ML engineer,39478,jessica.fox2828@meta.com,+91-88672-68116,Dharmavaram,2025-02-06
EMP02829,Eric Davis,Male,Marketing,Marketing Analyst,19973,eric.davis2829@meta.com,+91-69532-45576,Nizamabad,2025-08-22
EMP02830,Jonathan Smith,Male,Marketing,Marketing Manager,34243,jonathan.smith2830@meta.com,+91-64697-69324,Visakhapatnam,2025-04-02
EMP02831,Maria May,Female,Research and Development,R&D Engineer,18519,maria.may2831@meta.com,+91-93194-52446,Varanasi,2025-11-25
EMP02832,Zachary Padilla,Male,Marketing,Content Marketing Manager,43889,zachary.padilla2832@meta.com,+91-94376-66815,Howrah,2025-02-25
EMP02833,Tricia Morrow,Female,Marketing,Marketing Analyst,27544,tricia.morrow2833@meta.com,+91-68852-53981,Narasaraopet,2025-03-26
EMP02834,Lynn Henry,Female,IT,software engineer,16593,lynn.henry2834@meta.com,+91-98337-34285,Bongaigaon,2025-09-10
EMP02835,Robert Johnson,Male,Marketing,Marketing Analyst,24672,robert.johnson2835@meta.com,+91-79065-70668,Pudukkottai,2025-06-18
EMP02836,Stephanie Hernandez,Female,IT,data analytics,16210,stephanie.hernandez2836@meta.com,+91-93618-87153,Mira-Bhayandar,2025-11-09
EMP02837,Angela Flowers,Female,Research and Development,Product Development Engineer,13696,angela.flowers2837@meta.com,+91-63692-80640,Pimpri-Chinchwad,2025-12-25
EMP02838,Jeremy Page,Male,Marketing,Digital Marketing Specialist,42502,jeremy.page2838@meta.com,+91-99274-58189,Jalandhar,2025-05-27
EMP02839,Shannon Ramirez,Female,IT,data scientist,35901,shannon.ramirez2839@meta.com,+91-93073-67248,Srikakulam,2025-01-14
EMP02840,Nancy Cook,Female,Marketing,SEO Specialist,49491,nancy.cook2840@meta.com,+91-77362-68755,Gulbarga,2025-12-04
EMP02841,Susan Matthews,Female,Marketing,Content Marketing Manager,35189,susan.matthews2841@meta.com,+91-76650-59874,Hazaribagh,2025-12-07
EMP02842,Adrian Beck,Male,Marketing,SEO Specialist,24976,adrian.beck2842@meta.com,+91-95043-15361,Ghaziabad,2025-01-16
EMP02843,Austin Bryan,Male,IT,data analytics,39683,austin.bryan2843@meta.com,+91-79452-83496,Shimoga,2025-07-26
EMP02844,Angela Ramos,Female,Research and Development,Product Development Engineer,10626,angela.ramos2844@meta.com,+91-67022-00933,Narasaraopet,2025-08-21
EMP02845,Christina Wagner,Female,Research and Development,Research Analyst,40240,christina.wagner2845@meta.com,+91-84679-34116,Delhi,2025-09-03
EMP02846,Emily Castro,Female,IT,software engineer,32122,emily.castro2846@meta.com,+91-64307-72078,Mau,2025-08-07
EMP02847,John Huff,Male,IT,ML engineer,41800,john.huff2847@meta.com,+91-68889-38828,Buxar,2025-01-07
EMP02848,Tara Davis,Female,IT,ML engineer,20807,tara.davis2848@meta.com,+91-69708-45056,South Dumdum,2025-02-27
EMP02849,Monica Lopez,Female,IT,data analytics,17310,monica.lopez2849@meta.com,+91-64162-84301,Gulbarga,2025-08-24
EMP02850,Rachel Robinson,Female,Marketing,Content Marketing Manager,38229,rachel.robinson2850@meta.com,+91-71524-56652,Jaunpur,2025-08-04
EMP02851,Brad Ramsey,Male,IT,data scientist,49654,brad.ramsey2851@meta.com,+91-70645-74555,Aizawl,2025-05-12
EMP02852,Ryan May,Male,Marketing,Marketing Analyst,36428,ryan.may2852@meta.com,+91-95419-91607,Mira-Bhayandar,2025-01-19
EMP02853,Emily Gray,Female,IT,ML engineer,26865,emily.gray2853@meta.com,+91-98531-98824,Mangalore,2025-03-19
EMP02854,Douglas Cunningham,Male,IT,ML engineer,35025,douglas.cunningham2854@meta.com,+91-97500-15974,Kamarhati,2025-11-08
EMP02855,Russell Nelson,Male,Research and Development,R&D Engineer,39450,russell.nelson2855@meta.com,+91-64356-18219,Belgaum,2025-07-29
EMP02856,William Green,Male,Marketing,Content Marketing Manager,15622,william.green2856@meta.com,+91-71663-50288,Bilaspur,2025-01-14
EMP02857,Anna Kelly,Female,Marketing,Content Marketing Manager,13156,anna.kelly2857@meta.com,+91-84350-38007,Karnal,2025-11-12
EMP02858,Patricia Mills,Female,IT,data analytics,46682,patricia.mills2858@meta.com,+91-69796-64850,Vadodara,2025-09-14
EMP02859,Tiffany Richards,Female,Research and Development,Research Scientist,37705,tiffany.richards2859@meta.com,+91-68830-84704,Siwan,2025-08-27
EMP02860,Keith Chaney,Male,Research and Development,Research Analyst,20694,keith.chaney2860@meta.com,+91-64809-35952,Sri Ganganagar,2025-12-14
EMP02861,Matthew Fleming,Male,Marketing,Content Marketing Manager,41432,matthew.fleming2861@meta.com,+91-97577-19000,Dhule,2025-02-03
EMP02862,Gloria Schmitt,Female,IT,data analytics,32776,gloria.schmitt2862@meta.com,+91-91133-94612,Mysore,2025-06-27
EMP02863,Jose Clark,Male,IT,ML engineer,14933,jose.clark2863@meta.com,+91-60184-29894,Bhind,2025-09-06
EMP02864,Debbie Weeks,Female,IT,ML engineer,47830,debbie.weeks2864@meta.com,+91-88152-63312,Fatehpur,2025-10-03
EMP02865,Charles Willis,Male,IT,data scientist,44248,charles.willis2865@meta.com,+91-61384-67639,Phusro,2025-04-18
EMP02866,Jamie Chapman,Female,Marketing,Digital Marketing Specialist,20295,jamie.chapman2866@meta.com,+91-74076-24881,North Dumdum,2025-04-23
EMP02867,Michael Soto,Male,Marketing,Digital Marketing Specialist,26457,michael.soto2867@meta.com,+91-70237-78345,Kozhikode,2025-09-09
EMP02868,Jason Cook,Male,IT,ML engineer,11245,jason.cook2868@meta.com,+91-64267-70871,Gaya,2025-05-30
EMP02869,Thomas Torres,Male,Marketing,Content Marketing Manager,20435,thomas.torres2869@meta.com,+91-91757-58704,Bongaigaon,2025-03-22
EMP02870,Charlotte Johnson,Female,Research and Development,Product Development Engineer,24259,charlotte.johnson2870@meta.com,+91-90031-64796,Guntakal,2025-07-29
EMP02871,Laura Graham,Female,Marketing,Marketing Manager,14162,laura.graham2871@meta.com,+91-63864-07878,Bhalswa Jahangir Pur,2025-05-27
EMP02872,Sandra King,Female,Marketing,Marketing Analyst,34885,sandra.king2872@meta.com,+91-92424-55008,Ghaziabad,2025-06-20
EMP02873,George Gregory,Male,Research and Development,R&D Engineer,45364,george.gregory2873@meta.com,+91-67767-98384,Thane,2025-07-06
EMP02874,Wesley Rich,Male,Research and Development,Product Development Engineer,35488,wesley.rich2874@meta.com,+91-88313-39158,Bidar,2025-04-16
EMP02875,Jessica Adams,Female,Marketing,Marketing Analyst,27617,jessica.adams2875@meta.com,+91-75632-00690,Guntakal,2025-08-10
EMP02876,Allen Hunt,Male,Research and Development,R&D Project Manager,27235,allen.hunt2876@meta.com,+91-80965-51139,Kavali,2025-09-22
EMP02877,Traci Bender,Female,IT,ML engineer,22159,traci.bender2877@meta.com,+91-95771-04103,Tezpur,2025-06-20
EMP02878,Nicole Anderson,Female,IT,ML engineer,12265,nicole.anderson2878@meta.com,+91-96021-56686,Meerut,2025-10-08
EMP02879,Tracy Parker,Female,IT,software engineer,16013,tracy.parker2879@meta.com,+91-64279-24295,Sri Ganganagar,2025-09-17
EMP02880,Judy Martin,Female,Research and Development,R&D Project Manager,28756,judy.martin2880@meta.com,+91-87284-78187,Siliguri,2025-09-11
EMP02881,Christina Jackson,Female,Marketing,Digital Marketing Specialist,46639,christina.jackson2881@meta.com,+91-77056-58286,Jodhpur,2025-01-24
EMP02882,Cathy Hodge,Female,Research and Development,Product Development Engineer,31590,cathy.hodge2882@meta.com,+91-95715-59057,Mysore,2025-05-23
EMP02883,Misty Moore,Female,IT,software engineer,24968,misty.moore2883@meta.com,+91-61936-30061,Kolkata,2025-02-06
EMP02884,Karen Cooper,Female,Research and Development,Research Scientist,39345,karen.cooper2884@meta.com,+91-63784-35003,Jamalpur,2025-03-27
EMP02885,Michael Hale,Male,Marketing,Digital Marketing Specialist,11592,michael.hale2885@meta.com,+91-81381-35503,Gandhinagar,2025-02-19
EMP02886,Ronald Mccarthy,Male,IT,software engineer,40125,ronald.mccarthy2886@meta.com,+91-77036-15024,Munger,2025-01-17
EMP02887,Carl Hines,Male,IT,software engineer,49108,carl.hines2887@meta.com,+91-80873-38249,Silchar,2025-09-11
EMP02888,Raymond Villanueva,Male,Marketing,Digital Marketing Specialist,12380,raymond.villanueva2888@meta.com,+91-83655-48268,Kavali,2025-04-28
EMP02889,James Jones,Male,IT,ML engineer,11784,james.jones2889@meta.com,+91-69743-03829,Dharmavaram,2025-09-06
EMP02890,Alexander Blackwell,Male,IT,ML engineer,14890,alexander.blackwell2890@meta.com,+91-81215-40859,Noida,2025-03-18
EMP02891,Jackie Morgan,Female,IT,data analytics,30276,jackie.morgan2891@meta.com,+91-66256-42523,Phagwara,2025-12-05
EMP02892,Linda Sanders,Female,Marketing,Marketing Analyst,23147,linda.sanders2892@meta.com,+91-76580-07236,Berhampur,2025-09-07
EMP02893,Brenda Lopez,Female,IT,software engineer,30321,brenda.lopez2893@meta.com,+91-95623-97226,Barasat,2025-07-09
EMP02894,Jessica Morgan,Female,Research and Development,Research Analyst,35461,jessica.morgan2894@meta.com,+91-86057-90203,Khandwa,2025-06-28
EMP02895,Chris Collins,Male,Research and Development,R&D Project Manager,45884,chris.collins2895@meta.com,+91-64058-70919,Visakhapatnam,2025-10-24
EMP02896,Dean Friedman,Male,Marketing,SEO Specialist,41009,dean.friedman2896@meta.com,+91-88203-11659,Ujjain,2025-04-11
EMP02897,Jennifer Holmes,Female,Marketing,SEO Specialist,45253,jennifer.holmes2897@meta.com,+91-97110-89900,Kirari Suleman Nagar,2025-04-27
EMP02898,Renee Reed,Female,Research and Development,Research Analyst,24908,renee.reed2898@meta.com,+91-84702-19846,Machilipatnam,2025-10-26
EMP02899,Regina Smith,Female,Marketing,Marketing Analyst,24279,regina.smith2899@meta.com,+91-68330-50160,Warangal,2025-08-07
EMP02900,Laura Cruz,Female,Marketing,SEO Specialist,22831,laura.cruz2900@meta.com,+91-84914-12409,Hyderabad,2025-11-09
EMP02901,John Choi,Male,Research and Development,R&D Project Manager,20452,john.choi2901@meta.com,+91-83617-64110,Bhusawal,2025-06-01
EMP02902,Raymond Turner,Male,Marketing,Marketing Manager,38042,raymond.turner2902@meta.com,+91-61339-26174,Bhiwandi,2025-04-06
EMP02903,Larry Lang,Male,Research and Development,Research Scientist,47748,larry.lang2903@meta.com,+91-82036-02963,Ambala,2025-10-09
EMP02904,Jacqueline Wells,Female,Research and Development,R&D Engineer,46287,jacqueline.wells2904@meta.com,+91-64628-76909,Deoghar,2025-10-06
EMP02905,Wesley Rodriguez,Male,Research and Development,Product Development Engineer,33196,wesley.rodriguez2905@meta.com,+91-99108-33789,Khandwa,2025-07-12
EMP02906,Kim Reyes,Female,Marketing,Content Marketing Manager,33304,kim.reyes2906@meta.com,+91-91859-06699,Jalgaon,2025-05-07
EMP02907,Adam Vaughan,Male,Marketing,SEO Specialist,11023,adam.vaughan2907@meta.com,+91-75113-38258,Davanagere,2025-06-15
EMP02908,Kayla Mendez,Female,IT,software engineer,26129,kayla.mendez2908@meta.com,+91-79677-35598,Raebareli,2025-10-16
EMP02909,Anthony Campbell,Male,Marketing,Digital Marketing Specialist,44739,anthony.campbell2909@meta.com,+91-78788-30420,Unnao,2025-12-10
EMP02910,Joe Williams,Male,IT,data scientist,46832,joe.williams2910@meta.com,+91-80764-41608,Nizamabad,2025-03-04
EMP02911,Jeffery Leonard,Male,Marketing,Marketing Manager,42086,jeffery.leonard2911@meta.com,+91-65034-97370,Hosur,2025-08-12
EMP02912,Derek Carter,Male,Marketing,Digital Marketing Specialist,43412,derek.carter2912@meta.com,+91-97453-16673,Pune,2025-09-11
EMP02913,Jillian Evans,Female,Research and Development,Research Analyst,49286,jillian.evans2913@meta.com,+91-96514-14122,Kavali,2025-01-22
EMP02914,Brian Dennis,Male,Research and Development,R&D Project Manager,15167,brian.dennis2914@meta.com,+91-63438-19021,Kulti,2025-08-18
EMP02915,Casey Nichols,Female,Research and Development,R&D Engineer,19850,casey.nichols2915@meta.com,+91-93606-49865,Ulhasnagar,2025-08-30
EMP02916,Mark Jordan,Male,IT,ML engineer,22195,mark.jordan2916@meta.com,+91-74226-45095,Hapur,2025-05-15
EMP02917,Wesley Barker,Male,Marketing,Marketing Manager,22349,wesley.barker2917@meta.com,+91-88414-54072,Loni,2025-07-15
EMP02918,Keith Williams,Male,IT,data analytics,23433,keith.williams2918@meta.com,+91-84472-31833,Serampore,2025-08-02
EMP02919,Amanda Lynch,Female,Marketing,Digital Marketing Specialist,14208,amanda.lynch2919@meta.com,+91-67531-44708,Eluru,2025-09-25
EMP02920,Kayla Swanson,Female,IT,data scientist,12971,kayla.swanson2920@meta.com,+91-62647-84905,Barasat,2025-01-25
EMP02921,Jenny Johnson,Female,IT,software engineer,18510,jenny.johnson2921@meta.com,+91-82475-74423,Vijayawada,2025-10-07
EMP02922,Sara Hamilton,Female,IT,data analytics,23213,sara.hamilton2922@meta.com,+91-62100-41175,Nellore,2025-01-04
EMP02923,Laura Cooley,Female,Marketing,Marketing Manager,25021,laura.cooley2923@meta.com,+91-67672-56442,Dhanbad,2025-04-05
EMP02924,Jacqueline Kennedy,Female,IT,data analytics,46371,jacqueline.kennedy2924@meta.com,+91-62276-81465,Panipat,2025-10-13
EMP02925,Paul Osborne,Male,Marketing,Marketing Analyst,23601,paul.osborne2925@meta.com,+91-73529-03002,Orai,2025-09-15
EMP02926,Megan Jacobs,Female,IT,data analytics,44151,megan.jacobs2926@meta.com,+91-94145-01965,Anantapuram,2025-02-06
EMP02927,Dominic Russell,Male,Marketing,Marketing Manager,26264,dominic.russell2927@meta.com,+91-64515-26263,Vijayanagaram,2025-11-21
EMP02928,Matthew Hill,Male,IT,data scientist,22047,matthew.hill2928@meta.com,+91-96525-23845,Khora ,2025-03-18
EMP02929,Richard Reid,Male,IT,software engineer,38748,richard.reid2929@meta.com,+91-76848-04887,Korba,2025-03-23
EMP02930,Danny Fletcher,Male,IT,data analytics,42656,danny.fletcher2930@meta.com,+91-60530-07018,Rajkot,2025-01-01
EMP02931,Lisa Chandler,Female,Marketing,SEO Specialist,16893,lisa.chandler2931@meta.com,+91-70571-53318,Giridih,2025-10-06
EMP02932,Jennifer Larson,Female,Research and Development,Research Scientist,41434,jennifer.larson2932@meta.com,+91-78149-04766,Fatehpur,2025-06-19
EMP02933,Timothy Smith,Male,Research and Development,R&D Engineer,36715,timothy.smith2933@meta.com,+91-64726-52284,Imphal,2025-12-29
EMP02934,Gregory Wallace,Male,Research and Development,R&D Engineer,41170,gregory.wallace2934@meta.com,+91-84082-24445,Panchkula,2025-10-16
EMP02935,Daniel Wolfe,Male,Research and Development,R&D Project Manager,28125,daniel.wolfe2935@meta.com,+91-85456-89125,Rohtak,2025-10-17
EMP02936,Jamie Guerrero,Male,IT,data analytics,12459,jamie.guerrero2936@meta.com,+91-81203-84014,Morbi,2025-09-22
EMP02937,Justin Reed,Male,Research and Development,Research Analyst,48516,justin.reed2937@meta.com,+91-69779-44750,Bettiah,2025-09-18
EMP02938,Jacob Carter,Male,Marketing,Digital Marketing Specialist,42168,jacob.carter2938@meta.com,+91-80168-95331,Bidhannagar,2025-09-26
EMP02939,Megan Johnson,Female,IT,data analytics,10201,megan.johnson2939@meta.com,+91-98727-62606,Nagercoil,2025-07-07
EMP02940,Krystal Perry,Female,IT,ML engineer,12805,krystal.perry2940@meta.com,+91-68443-45210,Anantapuram,2025-01-06
EMP02941,Kristie Henry,Female,Research and Development,Research Scientist,32339,kristie.henry2941@meta.com,+91-90894-56920,Gandhinagar,2025-07-27
EMP02942,Thomas Anderson,Male,IT,data analytics,34872,thomas.anderson2942@meta.com,+91-64960-39448,Jalandhar,2025-03-26
EMP02943,Jennifer Lewis,Female,Marketing,Marketing Analyst,34681,jennifer.lewis2943@meta.com,+91-97002-78889,Aurangabad,2025-06-18
EMP02944,Donna Hancock,Female,Marketing,Marketing Analyst,27226,donna.hancock2944@meta.com,+91-97317-10185,Jamalpur,2025-11-19
EMP02945,Jennifer Potter,Female,Research and Development,R&D Project Manager,38523,jennifer.potter2945@meta.com,+91-93078-76575,Khora ,2025-01-19
EMP02946,Diana Townsend,Female,IT,ML engineer,11287,diana.townsend2946@meta.com,+91-74234-31715,Ratlam,2025-05-04
EMP02947,Kathryn Patel,Female,Research and Development,Research Scientist,20794,kathryn.patel2947@meta.com,+91-76820-62296,Sambhal,2025-02-13
EMP02948,Johnny Marshall,Male,Marketing,Marketing Analyst,31650,johnny.marshall2948@meta.com,+91-96594-33874,Sangli-Miraj & Kupwad,2025-05-08
EMP02949,Thomas Thompson,Male,Marketing,Digital Marketing Specialist,37465,thomas.thompson2949@meta.com,+91-84516-63900,Delhi,2025-07-24
EMP02950,Kim Cook,Female,Marketing,SEO Specialist,34880,kim.cook2950@meta.com,+91-96866-77183,Malegaon,2025-04-22
EMP02951,Melinda Garcia,Female,IT,data analytics,40910,melinda.garcia2951@meta.com,+91-83498-06369,Gurgaon,2025-10-03
EMP02952,Jennifer Fields,Female,Marketing,Digital Marketing Specialist,46688,jennifer.fields2952@meta.com,+91-73542-16325,Durgapur,2025-08-07
EMP02953,Lisa Gordon,Female,Research and Development,Research Scientist,44036,lisa.gordon2953@meta.com,+91-95299-25257,Khora ,2025-11-16
EMP02954,Laura Ortiz,Female,Research and Development,Research Scientist,28445,laura.ortiz2954@meta.com,+91-82244-32744,Anantapur,2025-02-01
EMP02955,Lisa Jackson,Female,Marketing,SEO Specialist,20689,lisa.jackson2955@meta.com,+91-92030-66930,Mysore,2025-08-18
EMP02956,Trevor Johnson,Male,Research and Development,Research Scientist,24967,trevor.johnson2956@meta.com,+91-84961-95654,Suryapet,2025-01-01
EMP02957,Kayla Lee,Female,Marketing,Marketing Manager,16967,kayla.lee2957@meta.com,+91-75628-69398,Berhampore,2025-09-02
EMP02958,Jackie Baxter,Female,Research and Development,Product Development Engineer,26045,jackie.baxter2958@meta.com,+91-67445-14475,Chittoor,2025-02-05
EMP02959,Teresa Morse,Female,IT,data scientist,46812,teresa.morse2959@meta.com,+91-92529-17166,Mira-Bhayandar,2025-08-04
EMP02960,Eileen Kline,Female,IT,ML engineer,36371,eileen.kline2960@meta.com,+91-93854-72298,Gangtok,2025-05-12
EMP02961,Julia Sanchez,Female,Marketing,Marketing Manager,18647,julia.sanchez2961@meta.com,+91-66305-00152,New Delhi,2025-05-11
EMP02962,Robert Kaufman,Male,Research and Development,Research Scientist,11544,robert.kaufman2962@meta.com,+91-78383-23565,Mahbubnagar,2025-01-20
EMP02963,Ryan Wiggins,Male,Research and Development,R&D Engineer,24318,ryan.wiggins2963@meta.com,+91-70913-98134,Sambalpur,2025-09-21
EMP02964,Julia Rivers,Female,Research and Development,R&D Engineer,40288,julia.rivers2964@meta.com,+91-95908-48787,Patna,2025-04-12
EMP02965,Michael Russell,Male,IT,data scientist,31543,michael.russell2965@meta.com,+91-99690-52333,Kharagpur,2025-08-01
EMP02966,Benjamin Butler,Male,Research and Development,Research Analyst,13476,benjamin.butler2966@meta.com,+91-92003-69986,Siwan,2025-11-23
EMP02967,Barbara Frank,Female,Marketing,Digital Marketing Specialist,23890,barbara.frank2967@meta.com,+91-86478-27160,Bahraich,2025-10-05
EMP02968,Karen Barber,Female,Research and Development,Product Development Engineer,39816,karen.barber2968@meta.com,+91-74308-97675,Sikar,2025-11-05
EMP02969,Ronald Hardy,Male,Marketing,Digital Marketing Specialist,31885,ronald.hardy2969@meta.com,+91-73821-69485,Bharatpur,2025-08-05
EMP02970,James Ho,Male,Marketing,Content Marketing Manager,15548,james.ho2970@meta.com,+91-77927-78277,Haldia,2025-08-26
EMP02971,Rachel Garcia,Female,Research and Development,Research Scientist,42963,rachel.garcia2971@meta.com,+91-80659-60397,Adoni,2025-08-02
EMP02972,Nicole Rodriguez,Female,IT,data scientist,13896,nicole.rodriguez2972@meta.com,+91-96661-67352,Ambarnath,2025-08-14
EMP02973,Jason Morgan,Male,Marketing,Digital Marketing Specialist,10069,jason.morgan2973@meta.com,+91-71532-77281,Karawal Nagar,2025-01-09
EMP02974,Christine Davis,Female,Marketing,Marketing Manager,14009,christine.davis2974@meta.com,+91-77725-90440,Berhampore,2025-06-25
EMP02975,Steven Vasquez,Male,Research and Development,Research Scientist,12486,steven.vasquez2975@meta.com,+91-77672-16818,Bhilwara,2025-12-15
EMP02976,Grace Norris,Female,Research and Development,Research Analyst,32688,grace.norris2976@meta.com,+91-98834-33952,Hospet,2025-04-28
EMP02977,Michael Carroll,Male,Research and Development,R&D Project Manager,28958,michael.carroll2977@meta.com,+91-70539-53449,Kolhapur,2025-09-29
EMP02978,Charles Roberts,Male,Research and Development,R&D Project Manager,32289,charles.roberts2978@meta.com,+91-91856-50855,Uluberia,2025-07-05
EMP02979,Kristy Reeves,Female,Marketing,Marketing Manager,39549,kristy.reeves2979@meta.com,+91-83466-34894,Kozhikode,2025-10-01
EMP02980,Latoya Torres,Female,Marketing,Content Marketing Manager,39622,latoya.torres2980@meta.com,+91-80586-03990,Durg,2025-07-24
EMP02981,Christopher Trujillo,Male,Marketing,Marketing Analyst,23641,christopher.trujillo2981@meta.com,+91-66892-91116,Siliguri,2025-05-11
EMP02982,Lisa Villarreal,Female,IT,data analytics,25435,lisa.villarreal2982@meta.com,+91-65056-61177,Ambattur,2025-09-08
EMP02983,Alfred Lewis,Male,Research and Development,Research Scientist,35872,alfred.lewis2983@meta.com,+91-89806-94449,Siliguri,2025-09-08
EMP02984,Kevin Green,Male,Marketing,Digital Marketing Specialist,39030,kevin.green2984@meta.com,+91-84170-29971,Morena,2025-11-30
EMP02985,Luke Jackson,Male,IT,data analytics,15246,luke.jackson2985@meta.com,+91-71399-09283,Bhatpara,2025-07-13
EMP02986,Laurie Mason,Female,IT,software engineer,46034,laurie.mason2986@meta.com,+91-90256-04283,Burhanpur,2025-05-10
EMP02987,Sharon Washington,Female,Marketing,Marketing Manager,12499,sharon.washington2987@meta.com,+91-90349-29581,Loni,2025-05-11
EMP02988,John Webb,Male,Research and Development,Research Scientist,12579,john.webb2988@meta.com,+91-64806-48877,Kanpur,2025-12-02
EMP02989,Michael Brown,Male,Marketing,Marketing Manager,32599,michael.brown2989@meta.com,+91-92667-53740,Tirupati,2025-04-26
EMP02990,Daniel Hernandez,Male,Marketing,SEO Specialist,30984,daniel.hernandez2990@meta.com,+91-87998-05668,Thiruvananthapuram,2025-04-22
EMP02991,Heather Stevens,Female,Research and Development,Research Analyst,45385,heather.stevens2991@meta.com,+91-93200-32222,Loni,2025-10-06
EMP02992,Steven Figueroa,Male,IT,data analytics,12115,steven.figueroa2992@meta.com,+91-60373-23874,Patna,2025-05-29
EMP02993,James Garcia,Male,Marketing,Digital Marketing Specialist,44668,james.garcia2993@meta.com,+91-73181-92185,Guna,2025-02-15
EMP02994,Andrea Tran,Female,IT,data analytics,24753,andrea.tran2994@meta.com,+91-78597-72986,Pimpri-Chinchwad,2025-11-23
EMP02995,Jeremy Mills,Male,Research and Development,R&D Project Manager,38130,jeremy.mills2995@meta.com,+91-61753-72338,Bardhaman,2025-08-26
EMP02996,Rebecca White,Female,IT,software engineer,16548,rebecca.white2996@meta.com,+91-74750-50964,Ambattur,2025-08-01
EMP02997,Melissa Bryant,Female,IT,ML engineer,18434,melissa.bryant2997@meta.com,+91-63948-40403,Narasaraopet,2025-07-30
EMP02998,Deborah Ramirez,Female,Marketing,SEO Specialist,30128,deborah.ramirez2998@meta.com,+91-62836-35362,Rajkot,2025-04-06
EMP02999,Susan Anderson,Female,IT,ML engineer,40105,susan.anderson2999@meta.com,+91-99586-44765,Ghaziabad,2025-02-15
EMP03000,Christine Sanchez,Female,Research and Development,Product Development Engineer,12228,christine.sanchez3000@meta.com,+91-77966-70278,Madhyamgram,2025-06-30
EMP03001,Brett Keith,Male,Research and Development,Product Development Engineer,15025,brett.keith3001@meta.com,+91-86769-76226,Imphal,2025-09-07
EMP03002,Rachel Jones,Female,IT,ML engineer,48732,rachel.jones3002@meta.com,+91-90066-93682,Bhiwandi,2025-09-16
EMP03003,Jessica Alvarez,Female,IT,data analytics,18238,jessica.alvarez3003@meta.com,+91-64570-77367,Hosur,2025-04-09
EMP03004,Kevin George,Male,Research and Development,R&D Project Manager,13800,kevin.george3004@meta.com,+91-89629-25435,Jehanabad,2025-12-21
EMP03005,Alexandra Jordan,Female,Marketing,Content Marketing Manager,26307,alexandra.jordan3005@meta.com,+91-84270-43057,Mango,2025-05-04
EMP03006,Richard Lee,Male,Research and Development,Product Development Engineer,28746,richard.lee3006@meta.com,+91-93623-23469,Mumbai,2025-03-30
EMP03007,Darlene Russell,Female,IT,data analytics,21061,darlene.russell3007@meta.com,+91-65351-14219,Kumbakonam,2025-06-22
EMP03008,Mark Murphy,Male,IT,data analytics,35778,mark.murphy3008@meta.com,+91-92076-97294,Kottayam,2025-04-04
EMP03009,Drew Brewer,Male,Marketing,SEO Specialist,36287,drew.brewer3009@meta.com,+91-89150-34261,Katihar,2025-10-11
EMP03010,Danielle Hill,Female,Marketing,Marketing Analyst,39771,danielle.hill3010@meta.com,+91-67800-84679,Gandhidham,2025-09-06
EMP03011,Ashley Sherman,Female,Marketing,Marketing Analyst,45040,ashley.sherman3011@meta.com,+91-95152-14471,Morbi,2025-11-07
EMP03012,Abigail Barry,Female,Research and Development,R&D Engineer,18358,abigail.barry3012@meta.com,+91-83297-53013,Shimla,2025-05-08
EMP03013,Carla Jones,Female,IT,data analytics,37781,carla.jones3013@meta.com,+91-83121-76006,Avadi,2025-08-25
EMP03014,Brandon Atkins,Male,Research and Development,Research Scientist,21103,brandon.atkins3014@meta.com,+91-79325-80040,Siwan,2025-08-15
EMP03015,Samantha Lee,Female,Research and Development,Research Scientist,31082,samantha.lee3015@meta.com,+91-96918-05624,Ahmednagar,2025-05-10
EMP03016,Daniel Shaw,Male,Research and Development,Research Scientist,22602,daniel.shaw3016@meta.com,+91-67975-15048,Bettiah,2025-11-06
EMP03017,Kaitlyn Cohen,Female,Marketing,Content Marketing Manager,29360,kaitlyn.cohen3017@meta.com,+91-61542-14341,Aurangabad,2025-01-08
EMP03018,Michael Morris,Male,IT,data analytics,30987,michael.morris3018@meta.com,+91-91495-35615,Tenali,2025-10-10
EMP03019,Richard Phelps,Male,IT,data scientist,10003,richard.phelps3019@meta.com,+91-63155-35417,Anantapur,2025-11-18
EMP03020,Tyler Zavala,Male,IT,data scientist,10660,tyler.zavala3020@meta.com,+91-90958-47927,Agartala,2025-08-28
EMP03021,Crystal Baker,Female,Research and Development,Product Development Engineer,20966,crystal.baker3021@meta.com,+91-63086-99007,Uluberia,2025-03-06
EMP03022,Brianna Cook,Female,Research and Development,R&D Engineer,20922,brianna.cook3022@meta.com,+91-88964-37257,Satna,2025-07-19
EMP03023,Jerry Coleman,Male,Research and Development,R&D Project Manager,45429,jerry.coleman3023@meta.com,+91-96236-01722,Erode,2025-07-05
EMP03024,Abigail Case,Female,Marketing,Digital Marketing Specialist,43781,abigail.case3024@meta.com,+91-72668-04603,Alappuzha,2025-10-12
EMP03025,Heather Trujillo,Female,Marketing,Digital Marketing Specialist,11215,heather.trujillo3025@meta.com,+91-75076-79889,Panipat,2025-06-02
EMP03026,Alec Bush,Male,Marketing,SEO Specialist,47113,alec.bush3026@meta.com,+91-86104-75662,Bardhaman,2025-05-15
EMP03027,Edward Brooks,Male,IT,software engineer,41012,edward.brooks3027@meta.com,+91-75355-45008,Purnia,2025-08-04
EMP03028,Richard Nguyen,Male,Research and Development,R&D Project Manager,36072,richard.nguyen3028@meta.com,+91-87894-10060,Thrissur,2025-08-22
EMP03029,Luke Alexander,Male,IT,data analytics,28692,luke.alexander3029@meta.com,+91-79694-66639,Aligarh,2025-12-24
EMP03030,Angela Martin,Female,Research and Development,Product Development Engineer,42782,angela.martin3030@meta.com,+91-67545-01651,Guntakal,2025-04-19
EMP03031,Julie Maddox,Female,IT,ML engineer,22270,julie.maddox3031@meta.com,+91-86924-01916,Pali,2025-07-21
EMP03032,Melissa Stout,Female,IT,ML engineer,27649,melissa.stout3032@meta.com,+91-90984-41242,Kulti,2025-07-17
EMP03033,Douglas Lawson,Male,IT,data scientist,31843,douglas.lawson3033@meta.com,+91-91506-86064,Allahabad,2025-05-17
EMP03034,Ashley Bowman,Female,Marketing,Marketing Manager,43088,ashley.bowman3034@meta.com,+91-68816-10758,Siwan,2025-08-22
EMP03035,Jacob Mclean,Male,IT,data analytics,46389,jacob.mclean3035@meta.com,+91-79839-33155,Chittoor,2025-07-16
EMP03036,Brandy Brady,Female,IT,data analytics,35199,brandy.brady3036@meta.com,+91-89556-39420,Haridwar,2025-03-31
EMP03037,Samantha Sawyer,Female,Marketing,Marketing Analyst,36555,samantha.sawyer3037@meta.com,+91-83226-35692,Chapra,2025-08-22
EMP03038,Curtis Miller,Male,Marketing,Marketing Manager,30405,curtis.miller3038@meta.com,+91-80637-44968,Khammam,2025-09-25
EMP03039,Kenneth Farmer,Male,Research and Development,Product Development Engineer,17905,kenneth.farmer3039@meta.com,+91-75486-35159,Proddatur,2025-12-07
EMP03040,Joseph Carter,Male,IT,data scientist,28927,joseph.carter3040@meta.com,+91-66688-70016,Kolhapur,2025-08-15
EMP03041,Patricia Jones,Female,Marketing,Digital Marketing Specialist,34839,patricia.jones3041@meta.com,+91-68598-56492,Karimnagar,2025-08-01
EMP03042,Susan Griffin,Female,Marketing,Marketing Analyst,49613,susan.griffin3042@meta.com,+91-79346-55743,Udaipur,2025-02-16
EMP03043,Erica Perez,Female,Marketing,SEO Specialist,30127,erica.perez3043@meta.com,+91-85020-66106,Thoothukudi,2025-10-16
EMP03044,Cristian Mata,Male,Research and Development,Research Scientist,31055,cristian.mata3044@meta.com,+91-76143-64099,Rohtak,2025-09-30
EMP03045,Lindsey Cantu,Female,Marketing,Content Marketing Manager,34074,lindsey.cantu3045@meta.com,+91-94358-64005,Jamshedpur,2025-08-19
EMP03046,Martin Simmons,Male,IT,data scientist,32842,martin.simmons3046@meta.com,+91-81779-37286,Nashik,2025-01-29
EMP03047,Ronald Brown,Male,Marketing,Marketing Analyst,30922,ronald.brown3047@meta.com,+91-90131-62217,Pune,2025-11-02
EMP03048,Keith Forbes,Male,Research and Development,Product Development Engineer,23183,keith.forbes3048@meta.com,+91-74024-69170,Siwan,2025-07-14
EMP03049,John Andrews,Male,Research and Development,Product Development Engineer,35419,john.andrews3049@meta.com,+91-78226-06979,Aurangabad,2025-04-17
EMP03050,Keith Mccann,Male,Research and Development,Research Analyst,36088,keith.mccann3050@meta.com,+91-80418-64830,Katihar,2025-02-15
EMP03051,Brooke Palmer,Female,Research and Development,R&D Engineer,33003,brooke.palmer3051@meta.com,+91-64669-32765,Chapra,2025-03-28
EMP03052,Tammy Bishop,Female,IT,data scientist,26109,tammy.bishop3052@meta.com,+91-82482-89988,Srinagar,2025-01-24
EMP03053,Pamela Jordan,Female,IT,software engineer,24790,pamela.jordan3053@meta.com,+91-60356-48125,Kirari Suleman Nagar,2025-01-19
EMP03054,Jocelyn Gilmore,Female,Marketing,Content Marketing Manager,24776,jocelyn.gilmore3054@meta.com,+91-73945-50758,Bathinda,2025-11-10
EMP03055,Angel Holland,Female,Marketing,Content Marketing Manager,35529,angel.holland3055@meta.com,+91-60337-28254,Malda,2025-03-06
EMP03056,Kelsey Schwartz,Female,Research and Development,Product Development Engineer,10063,kelsey.schwartz3056@meta.com,+91-80283-18048,Jaipur,2025-06-27
EMP03057,Jennifer Carter,Female,Research and Development,R&D Project Manager,12550,jennifer.carter3057@meta.com,+91-93984-77122,Surat,2025-01-22
EMP03058,Alexa Morris,Female,IT,software engineer,14014,alexa.morris3058@meta.com,+91-92010-45818,Rampur,2025-07-15
EMP03059,Scott Silva,Male,Marketing,Content Marketing Manager,15146,scott.silva3059@meta.com,+91-68910-85182,Katihar,2025-10-11
EMP03060,Judith Ortega,Female,Research and Development,Research Scientist,27666,judith.ortega3060@meta.com,+91-67123-12512,Gangtok,2025-03-18
EMP03061,Christian Mejia,Male,Research and Development,R&D Engineer,13652,christian.mejia3061@meta.com,+91-60149-16163,Aizawl,2025-11-25
EMP03062,Catherine Johnson,Female,Research and Development,Research Scientist,25291,catherine.johnson3062@meta.com,+91-82133-64458,Warangal,2025-12-23
EMP03063,Kimberly Blevins,Female,Marketing,SEO Specialist,34631,kimberly.blevins3063@meta.com,+91-80778-54533,Satna,2025-05-21
EMP03064,Timothy Barrett,Male,Research and Development,R&D Engineer,10017,timothy.barrett3064@meta.com,+91-90029-31997,Avadi,2025-06-21
EMP03065,Carla Ritter,Female,Marketing,Digital Marketing Specialist,37616,carla.ritter3065@meta.com,+91-64974-52865,Bellary,2025-12-29
EMP03066,Patricia Johnson,Female,Marketing,Digital Marketing Specialist,45644,patricia.johnson3066@meta.com,+91-76150-45199,Amravati,2025-04-25
EMP03067,Roy Brooks,Male,Research and Development,Research Scientist,22900,roy.brooks3067@meta.com,+91-81139-34057,Dhule,2025-01-22
EMP03068,James Griffin,Male,Marketing,Marketing Analyst,14876,james.griffin3068@meta.com,+91-73919-23406,Davanagere,2025-11-27
EMP03069,Daniel James,Male,Research and Development,R&D Engineer,32836,daniel.james3069@meta.com,+91-62966-16419,Tiruchirappalli,2025-06-25
EMP03070,Wayne Hunter,Male,IT,data analytics,43322,wayne.hunter3070@meta.com,+91-87099-02062,Ujjain,2025-10-15
EMP03071,Nicole Martinez,Female,Marketing,Content Marketing Manager,32647,nicole.martinez3071@meta.com,+91-65939-11610,Mahbubnagar,2025-01-03
EMP03072,Heather Cowan,Female,IT,data analytics,49518,heather.cowan3072@meta.com,+91-85262-77162,Jhansi,2025-05-08
EMP03073,Christine Davis,Female,Research and Development,Product Development Engineer,33793,christine.davis3073@meta.com,+91-65756-18867,Morena,2025-06-20
EMP03074,David Rodriguez,Male,Research and Development,Research Analyst,27313,david.rodriguez3074@meta.com,+91-67707-37130,Pune,2025-08-05
EMP03075,Adrienne Lara,Female,Marketing,SEO Specialist,43252,adrienne.lara3075@meta.com,+91-67989-75302,Salem,2025-05-17
EMP03076,Henry Bautista,Male,Marketing,Marketing Analyst,23015,henry.bautista3076@meta.com,+91-70387-14092,Raebareli,2025-01-31
EMP03077,Tracy Pearson,Male,Marketing,Marketing Manager,32624,tracy.pearson3077@meta.com,+91-78711-63842,Guwahati,2025-01-16
EMP03078,Marie Patrick,Female,IT,software engineer,22211,marie.patrick3078@meta.com,+91-79184-52504,Pune,2025-11-17
EMP03079,Tiffany Hill,Female,Marketing,Marketing Analyst,20703,tiffany.hill3079@meta.com,+91-96809-74000,Ranchi,2025-01-19
EMP03080,Charles Wright,Male,IT,ML engineer,29005,charles.wright3080@meta.com,+91-63621-15350,Warangal,2025-05-24
EMP03081,Kelly Taylor,Female,Research and Development,Research Scientist,13581,kelly.taylor3081@meta.com,+91-64667-89105,Agra,2025-04-17
EMP03082,Antonio Lang,Male,Research and Development,Product Development Engineer,28950,antonio.lang3082@meta.com,+91-68004-62908,Serampore,2025-07-09
EMP03083,Luke Morrow,Male,IT,software engineer,33883,luke.morrow3083@meta.com,+91-95047-48622,Malegaon,2025-04-27
EMP03084,Carrie Stone,Female,IT,ML engineer,36420,carrie.stone3084@meta.com,+91-65179-46075,Bokaro,2025-02-28
EMP03085,Jacob Buckley,Male,Marketing,Marketing Manager,17699,jacob.buckley3085@meta.com,+91-69484-02311,Ludhiana,2025-07-21
EMP03086,Jonathan Torres,Male,Research and Development,Product Development Engineer,31339,jonathan.torres3086@meta.com,+91-66981-32802,Bilaspur,2025-02-08
EMP03087,Marco Johnson,Male,IT,software engineer,38751,marco.johnson3087@meta.com,+91-73063-87305,Bathinda,2025-01-18
EMP03088,Alyssa Ruiz,Female,Research and Development,R&D Project Manager,18410,alyssa.ruiz3088@meta.com,+91-87220-69565,Vellore,2025-02-08
EMP03089,Anthony Bennett,Male,Research and Development,Research Analyst,13861,anthony.bennett3089@meta.com,+91-68651-76917,Sangli-Miraj & Kupwad,2025-03-11
EMP03090,Brett Bailey,Male,Research and Development,R&D Project Manager,39325,brett.bailey3090@meta.com,+91-87359-68217,Tiruchirappalli,2025-01-23
EMP03091,Jason Jones,Male,Marketing,SEO Specialist,27078,jason.jones3091@meta.com,+91-74576-88858,Madhyamgram,2025-01-20
EMP03092,Victoria Chase,Female,IT,data scientist,47062,victoria.chase3092@meta.com,+91-76481-74456,Guntur,2025-08-22
EMP03093,Shannon Pacheco,Female,Research and Development,Research Scientist,10758,shannon.pacheco3093@meta.com,+91-90619-57606,Bijapur,2025-04-23
EMP03094,John Lam,Male,Research and Development,Research Scientist,33295,john.lam3094@meta.com,+91-95012-40760,Warangal,2025-08-17
EMP03095,Frank Fernandez,Male,Research and Development,Research Analyst,17676,frank.fernandez3095@meta.com,+91-73848-58941,Morena,2025-02-14
EMP03096,Johnathan Guerra,Male,Research and Development,Research Analyst,10107,johnathan.guerra3096@meta.com,+91-76716-94824,Cuttack,2025-09-28
EMP03097,Colleen Anderson,Female,IT,data scientist,24322,colleen.anderson3097@meta.com,+91-80349-47306,Kamarhati,2025-11-29
EMP03098,Matthew Paul,Male,Marketing,Marketing Manager,49873,matthew.paul3098@meta.com,+91-65061-07783,Ichalkaranji,2025-07-09
EMP03099,Stacie Garcia,Female,Marketing,Marketing Analyst,15100,stacie.garcia3099@meta.com,+91-87824-33657,Chandrapur,2025-10-27
EMP03100,Cody Hopkins,Male,Marketing,SEO Specialist,16043,cody.hopkins3100@meta.com,+91-67579-65456,Surendranagar Dudhrej,2025-05-02
EMP03101,Michael Meyer,Male,IT,data analytics,38996,michael.meyer3101@meta.com,+91-85901-44399,Mira-Bhayandar,2025-01-21
EMP03102,Erin Brooks,Female,IT,data analytics,32216,erin.brooks3102@meta.com,+91-77183-98860,Adoni,2025-10-03
EMP03103,Noah Rosales,Male,Research and Development,Product Development Engineer,12344,noah.rosales3103@meta.com,+91-79042-48843,Nashik,2025-04-15
EMP03104,Rebecca Petty,Female,IT,ML engineer,26274,rebecca.petty3104@meta.com,+91-86942-94514,Asansol,2025-01-23
EMP03105,Mark Conley,Male,IT,data analytics,45374,mark.conley3105@meta.com,+91-68121-85820,Nanded,2025-07-27
EMP03106,James Smith,Male,Research and Development,R&D Project Manager,11611,james.smith3106@meta.com,+91-93757-14008,Karawal Nagar,2025-05-14
EMP03107,Shannon Lopez,Female,Marketing,Content Marketing Manager,13144,shannon.lopez3107@meta.com,+91-82577-87461,Bidhannagar,2025-03-28
EMP03108,Wendy Chavez,Female,Research and Development,Product Development Engineer,18666,wendy.chavez3108@meta.com,+91-91377-91371,Bongaigaon,2025-11-29
EMP03109,Jessica Mcgee,Female,Marketing,Marketing Analyst,31698,jessica.mcgee3109@meta.com,+91-79753-54295,Naihati,2025-04-22
EMP03110,Zachary Lopez,Male,Research and Development,R&D Project Manager,39477,zachary.lopez3110@meta.com,+91-83895-15547,Morbi,2025-06-05
EMP03111,Patricia Bryant,Female,Marketing,Digital Marketing Specialist,24718,patricia.bryant3111@meta.com,+91-99360-90337,Tiruvottiyur,2025-08-28
EMP03112,Pamela Baker,Female,Marketing,SEO Specialist,24160,pamela.baker3112@meta.com,+91-65227-01914,Purnia,2025-06-25
EMP03113,Martin Oconnell,Male,IT,ML engineer,36181,martin.oconnell3113@meta.com,+91-63781-74405,Bareilly,2025-11-08
EMP03114,Crystal Ellis,Female,IT,software engineer,11293,crystal.ellis3114@meta.com,+91-99438-46713,Jamshedpur,2025-08-04
EMP03115,Krista Phillips,Female,Research and Development,R&D Engineer,47790,krista.phillips3115@meta.com,+91-75379-63236,Aizawl,2025-10-22
EMP03116,Jodi Tran,Female,IT,data scientist,26630,jodi.tran3116@meta.com,+91-99960-12630,Dibrugarh,2025-11-06
EMP03117,Catherine Wilkins,Female,Marketing,Digital Marketing Specialist,22013,catherine.wilkins3117@meta.com,+91-78390-08710,Ajmer,2025-05-30
EMP03118,Sara Walker,Female,Research and Development,Product Development Engineer,11499,sara.walker3118@meta.com,+91-63578-92980,Davanagere,2025-11-07
EMP03119,Nicholas Gomez,Male,Research and Development,Research Analyst,32745,nicholas.gomez3119@meta.com,+91-87514-53493,Phusro,2025-06-29
EMP03120,Scott Warren,Male,Marketing,Marketing Analyst,24573,scott.warren3120@meta.com,+91-70136-68444,Panvel,2025-06-20
EMP03121,Crystal Valentine,Female,IT,software engineer,31027,crystal.valentine3121@meta.com,+91-79378-68763,Dindigul,2025-08-20
EMP03122,Christopher Becker,Male,IT,data analytics,14453,christopher.becker3122@meta.com,+91-81229-70426,Saharanpur,2025-08-12
EMP03123,Kimberly Friedman,Female,Research and Development,Research Scientist,28038,kimberly.friedman3123@meta.com,+91-79223-34143,Panihati,2025-09-11
EMP03124,Diana Haley,Female,IT,software engineer,35350,diana.haley3124@meta.com,+91-62904-20307,Sagar,2025-02-01
EMP03125,James Boyd,Male,Marketing,SEO Specialist,43472,james.boyd3125@meta.com,+91-79696-41569,Fatehpur,2025-08-31
EMP03126,Julie Taylor,Female,Marketing,SEO Specialist,31527,julie.taylor3126@meta.com,+91-80294-13846,Mumbai,2025-01-04
EMP03127,Benjamin Erickson,Male,Research and Development,R&D Engineer,37403,benjamin.erickson3127@meta.com,+91-87643-59331,Dhule,2025-07-09
EMP03128,Tammy Austin,Female,Marketing,Marketing Analyst,10909,tammy.austin3128@meta.com,+91-77597-92463,Allahabad,2025-07-24
EMP03129,Nicole Taylor,Female,Research and Development,R&D Engineer,21875,nicole.taylor3129@meta.com,+91-68202-28386,Nanded,2025-11-09
EMP03130,Phillip Roman,Male,IT,data analytics,35237,phillip.roman3130@meta.com,+91-78085-37850,Katni,2025-06-30
EMP03131,Richard Lucas,Male,Marketing,Marketing Analyst,24726,richard.lucas3131@meta.com,+91-61564-75381,Gudivada,2025-05-24
EMP03132,Corey Flowers,Male,IT,ML engineer,45102,corey.flowers3132@meta.com,+91-63457-86960,Kamarhati,2025-12-31
EMP03133,Tracey Hill,Female,Marketing,Digital Marketing Specialist,26707,tracey.hill3133@meta.com,+91-74381-35175,Amravati,2025-06-24
EMP03134,Molly Willis,Female,IT,data analytics,20279,molly.willis3134@meta.com,+91-67298-25400,Tiruppur,2025-11-24
EMP03135,Jeremy Chambers,Male,IT,software engineer,36070,jeremy.chambers3135@meta.com,+91-94711-76657,Hyderabad,2025-11-26
EMP03136,Mallory Meyer,Female,Marketing,SEO Specialist,21291,mallory.meyer3136@meta.com,+91-65149-61468,Khora ,2025-10-10
EMP03137,Kaitlin Guerrero,Female,Marketing,Marketing Manager,39874,kaitlin.guerrero3137@meta.com,+91-63465-54143,Amravati,2025-03-30
EMP03138,Joshua Bishop,Male,Marketing,Digital Marketing Specialist,49167,joshua.bishop3138@meta.com,+91-69062-07231,Madurai,2025-05-27
EMP03139,Shirley Webster,Female,IT,software engineer,32666,shirley.webster3139@meta.com,+91-85110-15006,Darbhanga,2025-01-01
EMP03140,Tiffany Williams,Female,IT,data analytics,39898,tiffany.williams3140@meta.com,+91-96968-10892,Gorakhpur,2025-05-05
EMP03141,Mark Simmons,Male,IT,data analytics,29397,mark.simmons3141@meta.com,+91-73989-26771,Morbi,2025-02-15
EMP03142,Peter Walker,Male,IT,data scientist,32105,peter.walker3142@meta.com,+91-86475-25687,Hubli–Dharwad,2025-08-18
EMP03143,Yolanda Morrison,Female,IT,data scientist,16245,yolanda.morrison3143@meta.com,+91-90461-51029,New Delhi,2025-06-18
EMP03144,Sheila Ortega,Female,Marketing,SEO Specialist,22646,sheila.ortega3144@meta.com,+91-98658-94448,Bidar,2025-06-03
EMP03145,Amy Garcia,Female,Research and Development,Research Analyst,47981,amy.garcia3145@meta.com,+91-60497-78756,Bally,2025-07-13
EMP03146,Tanner Bowman,Male,Marketing,Digital Marketing Specialist,48047,tanner.bowman3146@meta.com,+91-81610-61496,Gurgaon,2025-11-19
EMP03147,Mary King,Female,IT,data analytics,49456,mary.king3147@meta.com,+91-95157-51110,Gwalior,2025-09-19
EMP03148,Adam Marquez,Male,Research and Development,R&D Project Manager,43114,adam.marquez3148@meta.com,+91-75858-03067,Latur,2025-07-08
EMP03149,Laurie Walker,Female,Marketing,SEO Specialist,37905,laurie.walker3149@meta.com,+91-64906-30239,Shimoga,2025-01-16
EMP03150,Brian Norman,Male,Marketing,Marketing Analyst,37527,brian.norman3150@meta.com,+91-60728-92203,Kishanganj,2025-05-15
EMP03151,Lawrence Cunningham,Male,IT,software engineer,17059,lawrence.cunningham3151@meta.com,+91-69356-76106,Kalyan-Dombivli,2025-11-01
EMP03152,Kyle Garza,Male,Research and Development,Product Development Engineer,13092,kyle.garza3152@meta.com,+91-62244-95083,Ramgarh,2025-10-21
EMP03153,Anna Levy,Female,Research and Development,R&D Engineer,36078,anna.levy3153@meta.com,+91-69989-45108,Karimnagar,2025-12-05
EMP03154,Kevin Fletcher,Male,Research and Development,Product Development Engineer,11182,kevin.fletcher3154@meta.com,+91-92638-12620,Singrauli,2025-10-26
EMP03155,Michelle Williams,Female,IT,software engineer,34354,michelle.williams3155@meta.com,+91-73897-31797,Jaunpur,2025-06-07
EMP03156,Kenneth Mills,Male,Marketing,Content Marketing Manager,42470,kenneth.mills3156@meta.com,+91-62283-39652,Bhiwani,2025-05-25
EMP03157,Michael Johnson,Male,Marketing,SEO Specialist,28953,michael.johnson3157@meta.com,+91-60621-00570,Nagpur,2025-07-22
EMP03158,Lydia Murphy,Female,Marketing,SEO Specialist,11740,lydia.murphy3158@meta.com,+91-81993-59572,Haridwar,2025-04-07
EMP03159,Rebecca Daniel,Female,IT,software engineer,12143,rebecca.daniel3159@meta.com,+91-73956-47685,Secunderabad,2025-04-09
EMP03160,Sabrina Cooper,Female,IT,data scientist,39635,sabrina.cooper3160@meta.com,+91-92009-74633,Bally,2025-12-21
EMP03161,Jeremy Williams,Male,Marketing,Marketing Analyst,44111,jeremy.williams3161@meta.com,+91-99019-73690,Firozabad,2025-01-30
EMP03162,Randy Martin,Male,Research and Development,Research Scientist,25909,randy.martin3162@meta.com,+91-90809-53718,Rewa,2025-03-11
EMP03163,Paul Norman,Male,Research and Development,Research Analyst,43183,paul.norman3163@meta.com,+91-60723-38633,Panchkula,2025-07-04
EMP03164,Shannon Cook,Female,IT,ML engineer,27624,shannon.cook3164@meta.com,+91-69676-75408,Ratlam,2025-11-10
EMP03165,Ronald Garcia,Male,Research and Development,R&D Engineer,17940,ronald.garcia3165@meta.com,+91-81244-18391,Machilipatnam,2025-12-27
EMP03166,Erik Crawford,Male,Research and Development,Product Development Engineer,32464,erik.crawford3166@meta.com,+91-79401-84720,Eluru,2025-12-26
EMP03167,Dale Chase,Male,IT,software engineer,14212,dale.chase3167@meta.com,+91-77261-48339,Etawah,2025-11-30
EMP03168,Gabrielle Kim,Female,IT,data scientist,24509,gabrielle.kim3168@meta.com,+91-73323-31804,Kozhikode,2025-12-06
EMP03169,Tyler Morris,Male,Marketing,Digital Marketing Specialist,43583,tyler.morris3169@meta.com,+91-63607-99164,Jhansi,2025-04-29
EMP03170,Lauren Stout,Female,IT,ML engineer,39203,lauren.stout3170@meta.com,+91-91051-29983,Karaikudi,2025-02-10
EMP03171,Kimberly Sanders,Female,Research and Development,Product Development Engineer,47523,kimberly.sanders3171@meta.com,+91-63355-77142,Davanagere,2025-06-12
EMP03172,Brandon Dawson,Male,IT,software engineer,41713,brandon.dawson3172@meta.com,+91-71325-96501,Firozabad,2025-03-21
EMP03173,Charles Peterson,Male,Research and Development,Product Development Engineer,21294,charles.peterson3173@meta.com,+91-93167-13347,Sikar,2025-05-06
EMP03174,Casey Cruz,Male,Marketing,Marketing Analyst,34887,casey.cruz3174@meta.com,+91-77228-20012,Srikakulam,2025-05-25
EMP03175,Laura Miller,Female,Marketing,Marketing Analyst,22118,laura.miller3175@meta.com,+91-62446-69366,Mango,2025-03-10
EMP03176,Samantha Sanchez,Female,Marketing,Marketing Manager,18315,samantha.sanchez3176@meta.com,+91-90346-66754,Panipat,2025-04-05
EMP03177,Allison Walker,Female,Marketing,Content Marketing Manager,38576,allison.walker3177@meta.com,+91-80204-42647,Sambalpur,2025-12-28
EMP03178,Sheri Alexander,Female,IT,data scientist,47010,sheri.alexander3178@meta.com,+91-95949-62367,Ulhasnagar,2025-11-22
EMP03179,Adam Sanchez,Male,IT,software engineer,16235,adam.sanchez3179@meta.com,+91-61888-97193,Pudukkottai,2025-10-19
EMP03180,John Gonzales,Male,IT,data scientist,23777,john.gonzales3180@meta.com,+91-68218-94488,Haridwar,2025-08-30
EMP03181,Charlotte Stone,Female,Research and Development,Research Analyst,37087,charlotte.stone3181@meta.com,+91-90165-73013,Ramgarh,2025-10-07
EMP03182,Stacy Werner,Female,IT,data scientist,48200,stacy.werner3182@meta.com,+91-69433-94132,Bharatpur,2025-04-02
EMP03183,Regina Baker,Female,Marketing,Content Marketing Manager,45240,regina.baker3183@meta.com,+91-87784-84530,Bharatpur,2025-12-10
EMP03184,Steven Giles,Male,Marketing,SEO Specialist,14291,steven.giles3184@meta.com,+91-68842-30142,Panvel,2025-09-18
EMP03185,Heather Rubio,Female,IT,ML engineer,30109,heather.rubio3185@meta.com,+91-74844-03777,Pondicherry,2025-03-01
EMP03186,Scott Andersen,Male,Research and Development,R&D Project Manager,14982,scott.andersen3186@meta.com,+91-90144-28454,Siwan,2025-09-23
EMP03187,Lauren Davis,Female,Marketing,Digital Marketing Specialist,40330,lauren.davis3187@meta.com,+91-76261-58534,Jorhat,2025-05-26
EMP03188,Erik Aguirre,Male,IT,ML engineer,28172,erik.aguirre3188@meta.com,+91-83448-76744,Karnal,2025-01-29
EMP03189,Michelle Newman,Female,Research and Development,Research Analyst,32111,michelle.newman3189@meta.com,+91-70041-91495,Kirari Suleman Nagar,2025-02-25
EMP03190,Derrick Copeland,Male,Research and Development,R&D Project Manager,33421,derrick.copeland3190@meta.com,+91-94103-79181,Tadipatri,2025-08-29
EMP03191,Jessica Garza,Female,Research and Development,R&D Project Manager,33279,jessica.garza3191@meta.com,+91-93949-77235,Tirunelveli,2025-03-11
EMP03192,Alex West,Male,IT,data scientist,18335,alex.west3192@meta.com,+91-62025-01379,Sri Ganganagar,2025-12-18
EMP03193,John Mccarthy,Male,Research and Development,Research Analyst,43655,john.mccarthy3193@meta.com,+91-94642-10599,Raichur,2025-10-21
EMP03194,Ana Higgins,Female,Marketing,Content Marketing Manager,22787,ana.higgins3194@meta.com,+91-70743-35917,Bhopal,2025-06-21
EMP03195,Michelle Henry,Female,Marketing,Marketing Analyst,18297,michelle.henry3195@meta.com,+91-73521-78760,Tenali,2025-10-19
EMP03196,Cindy Hayes,Female,Marketing,SEO Specialist,12234,cindy.hayes3196@meta.com,+91-80719-03683,Bathinda,2025-11-05
EMP03197,Crystal Lindsey,Female,Marketing,Content Marketing Manager,21719,crystal.lindsey3197@meta.com,+91-90530-27210,Asansol,2025-01-24
EMP03198,Pamela Baird,Female,IT,software engineer,12965,pamela.baird3198@meta.com,+91-94152-95351,Chennai,2025-07-24
EMP03199,Tricia Brown,Female,Marketing,Digital Marketing Specialist,45437,tricia.brown3199@meta.com,+91-90438-66599,Dharmavaram,2025-09-22
EMP03200,Bryan Madden,Male,IT,software engineer,14177,bryan.madden3200@meta.com,+91-70365-95391,Bettiah,2025-08-27
EMP03201,Jennifer Martin,Female,Marketing,Marketing Manager,27678,jennifer.martin3201@meta.com,+91-87832-12632,Kulti,2025-01-18
EMP03202,Veronica Ayala,Female,IT,data scientist,37401,veronica.ayala3202@meta.com,+91-63733-42650,Bokaro,2025-03-03
EMP03203,Alyssa Mcfarland,Female,Research and Development,Product Development Engineer,15072,alyssa.mcfarland3203@meta.com,+91-96704-30986,Bathinda,2025-11-29
EMP03204,Ann Shah,Female,Marketing,Marketing Analyst,15409,ann.shah3204@meta.com,+91-67248-16483,Vellore,2025-04-16
EMP03205,Jane Wells,Female,Marketing,Digital Marketing Specialist,25575,jane.wells3205@meta.com,+91-98926-79805,South Dumdum,2025-07-02
EMP03206,Brendan Kelly,Male,IT,software engineer,36515,brendan.kelly3206@meta.com,+91-87711-46704,Nizamabad,2025-06-22
EMP03207,Jonathan Lopez,Male,IT,ML engineer,49503,jonathan.lopez3207@meta.com,+91-76190-59718,Kollam,2025-03-14
EMP03208,Cristina Duke,Female,IT,ML engineer,14632,cristina.duke3208@meta.com,+91-93893-43412,Sonipat,2025-07-06
EMP03209,Jesse Davis,Male,Marketing,SEO Specialist,10921,jesse.davis3209@meta.com,+91-95292-57842,Jaipur,2025-11-22
EMP03210,Shawn Brown,Male,Marketing,Content Marketing Manager,21960,shawn.brown3210@meta.com,+91-94460-94330,Dindigul,2025-01-26
EMP03211,Brendan Smith,Male,IT,data analytics,33894,brendan.smith3211@meta.com,+91-66660-40108,Kolkata,2025-08-20
EMP03212,Gabriel Torres,Male,Marketing,Digital Marketing Specialist,17304,gabriel.torres3212@meta.com,+91-78284-55669,Coimbatore,2025-12-27
EMP03213,Tina Lopez,Female,Research and Development,Research Analyst,27041,tina.lopez3213@meta.com,+91-74486-77978,South Dumdum,2025-09-19
EMP03214,Joseph Daugherty,Male,IT,ML engineer,11951,joseph.daugherty3214@meta.com,+91-91909-86194,Bhatpara,2025-02-08
EMP03215,Kyle Berry,Male,Research and Development,R&D Project Manager,12019,kyle.berry3215@meta.com,+91-62627-49731,Belgaum,2025-09-05
EMP03216,Katie Olsen,Female,Research and Development,Research Analyst,18918,katie.olsen3216@meta.com,+91-94767-41189,Ludhiana,2025-05-02
EMP03217,Marco Mcconnell,Male,Marketing,Marketing Manager,16313,marco.mcconnell3217@meta.com,+91-96571-94306,Bijapur,2025-06-23
EMP03218,Timothy Rodriguez,Male,Marketing,Marketing Manager,45824,timothy.rodriguez3218@meta.com,+91-91987-82547,Gudivada,2025-06-24
EMP03219,Kelly Mccullough,Female,Marketing,Digital Marketing Specialist,47680,kelly.mccullough3219@meta.com,+91-93390-65286,Nellore,2025-08-21
EMP03220,Larry Osborn,Male,IT,software engineer,48204,larry.osborn3220@meta.com,+91-65933-04256,Malda,2025-09-18
EMP03221,Tanya Kelley,Female,IT,data analytics,40023,tanya.kelley3221@meta.com,+91-96369-59594,Sultan Pur Majra,2025-08-15
EMP03222,Terry Barnett,Female,IT,data scientist,19038,terry.barnett3222@meta.com,+91-73955-76826,Sonipat,2025-05-18
EMP03223,David Thomas,Male,Research and Development,Research Analyst,20163,david.thomas3223@meta.com,+91-86811-44291,Maheshtala,2025-03-16
EMP03224,Robert Williams,Male,IT,ML engineer,18597,robert.williams3224@meta.com,+91-68781-56860,Nangloi Jat,2025-04-30
EMP03225,Rita Browning,Female,Marketing,Digital Marketing Specialist,16812,rita.browning3225@meta.com,+91-93019-57352,Saharsa,2025-03-28
EMP03226,Ann Pena,Female,IT,software engineer,29557,ann.pena3226@meta.com,+91-82902-67979,Bongaigaon,2025-02-03
EMP03227,Maria Campbell,Female,IT,software engineer,34950,maria.campbell3227@meta.com,+91-79134-03292,Sultan Pur Majra,2025-11-24
EMP03228,Phillip Carter,Male,Marketing,Marketing Analyst,17061,phillip.carter3228@meta.com,+91-98596-13556,Sambhal,2025-05-11
EMP03229,Jessica Miller,Female,Research and Development,Research Scientist,21385,jessica.miller3229@meta.com,+91-83155-60569,Pallavaram,2025-08-07
EMP03230,Brian Hoffman,Male,Marketing,Marketing Analyst,49119,brian.hoffman3230@meta.com,+91-71324-02547,Farrukhabad,2025-08-01
EMP03231,Kathleen Hartman,Female,Research and Development,Research Analyst,35298,kathleen.hartman3231@meta.com,+91-64402-26466,Pimpri-Chinchwad,2025-05-02
EMP03232,Kelsey Williams,Female,Marketing,Marketing Manager,18326,kelsey.williams3232@meta.com,+91-97447-89814,Aizawl,2025-09-28
EMP03233,Stephanie Adkins,Female,IT,data analytics,39560,stephanie.adkins3233@meta.com,+91-79498-25116,Satara,2025-02-24
EMP03234,Nancy Ferguson,Female,Marketing,Content Marketing Manager,39639,nancy.ferguson3234@meta.com,+91-87932-90718,Avadi,2025-11-23
EMP03235,Janice Bell,Female,Marketing,Digital Marketing Specialist,17909,janice.bell3235@meta.com,+91-99303-11757,Raebareli,2025-05-20
EMP03236,Parker Warren,Male,IT,data analytics,18237,parker.warren3236@meta.com,+91-94248-65019,Danapur,2025-02-01
EMP03237,Jacqueline Lyons,Female,Marketing,Digital Marketing Specialist,36783,jacqueline.lyons3237@meta.com,+91-62335-51916,Navi Mumbai,2025-08-07
EMP03238,Joyce Lopez,Female,Research and Development,R&D Engineer,30229,joyce.lopez3238@meta.com,+91-79563-58474,Imphal,2025-09-20
EMP03239,Angel Harris,Female,Research and Development,Product Development Engineer,47720,angel.harris3239@meta.com,+91-71762-44414,Aurangabad,2025-02-09
EMP03240,Margaret Smith,Female,IT,data analytics,34308,margaret.smith3240@meta.com,+91-79373-12306,Tiruppur,2025-09-24
EMP03241,Stephanie Wilson,Female,Research and Development,R&D Engineer,49774,stephanie.wilson3241@meta.com,+91-85286-77536,Kolkata,2025-03-04
EMP03242,Sue Keller,Female,Research and Development,R&D Engineer,29608,sue.keller3242@meta.com,+91-70872-93388,Belgaum,2025-10-24
EMP03243,Victoria Serrano,Female,Marketing,SEO Specialist,19635,victoria.serrano3243@meta.com,+91-89594-00716,Rewa,2025-09-06
EMP03244,Amanda Thomas,Female,IT,data scientist,34129,amanda.thomas3244@meta.com,+91-89497-29764,Rampur,2025-11-08
EMP03245,Sonia Henderson,Female,Marketing,Marketing Manager,10030,sonia.henderson3245@meta.com,+91-63679-08017,Kurnool,2025-04-27
EMP03246,Teresa Valdez,Female,Marketing,Marketing Manager,33760,teresa.valdez3246@meta.com,+91-62700-11013,Alappuzha,2025-12-25
EMP03247,Michael Perry,Male,Research and Development,Research Scientist,10286,michael.perry3247@meta.com,+91-75307-32681,Burhanpur,2025-10-20
EMP03248,Donald Santana,Male,Research and Development,Research Analyst,34257,donald.santana3248@meta.com,+91-81416-29447,Nizamabad,2025-06-10
EMP03249,Lindsay Sims,Female,Research and Development,Research Analyst,28582,lindsay.sims3249@meta.com,+91-78229-78588,Kalyan-Dombivli,2025-08-01
EMP03250,Melissa Cole,Female,IT,software engineer,23577,melissa.cole3250@meta.com,+91-85752-21747,Madurai,2025-05-11
EMP03251,Marcia Wilson,Female,Research and Development,Research Scientist,23195,marcia.wilson3251@meta.com,+91-86582-99676,Jabalpur,2025-04-10
EMP03252,Clifford Murphy,Male,Marketing,Digital Marketing Specialist,12783,clifford.murphy3252@meta.com,+91-91719-65030,Sikar,2025-08-11
EMP03253,Dustin Mitchell,Male,Research and Development,R&D Engineer,24400,dustin.mitchell3253@meta.com,+91-65396-10808,Moradabad,2025-02-01
EMP03254,Philip Foster,Male,IT,data scientist,36156,philip.foster3254@meta.com,+91-99718-74823,Chandigarh,2025-06-08
EMP03255,Kristen Jimenez,Female,Research and Development,Research Scientist,14555,kristen.jimenez3255@meta.com,+91-73941-35533,Kadapa,2025-01-09
EMP03256,Zachary Harrison,Male,IT,ML engineer,19430,zachary.harrison3256@meta.com,+91-62430-36601,Gorakhpur,2025-12-12
EMP03257,Crystal Whitaker,Female,Marketing,Digital Marketing Specialist,44156,crystal.whitaker3257@meta.com,+91-96629-78037,Gwalior,2025-04-26
EMP03258,Phillip Drake,Male,IT,data scientist,39140,phillip.drake3258@meta.com,+91-99327-50123,Junagadh,2025-09-24
EMP03259,Luis Kim,Male,IT,ML engineer,45903,luis.kim3259@meta.com,+91-87700-99699,Mango,2025-12-15
EMP03260,Linda Williams,Female,Research and Development,Research Analyst,29840,linda.williams3260@meta.com,+91-85350-23785,Bhagalpur,2025-08-27
EMP03261,Nathaniel Williams,Male,IT,data scientist,21145,nathaniel.williams3261@meta.com,+91-67436-17769,Jamnagar,2025-09-29
EMP03262,Glenn Clements,Male,Research and Development,Research Scientist,11707,glenn.clements3262@meta.com,+91-71610-61701,Etawah,2025-11-02
EMP03263,Julia Valenzuela,Female,IT,ML engineer,39363,julia.valenzuela3263@meta.com,+91-89814-46467,Katni,2025-12-02
EMP03264,James Arroyo,Male,IT,software engineer,21841,james.arroyo3264@meta.com,+91-73448-61944,Kamarhati,2025-02-20
EMP03265,Clinton Lee,Male,IT,ML engineer,33882,clinton.lee3265@meta.com,+91-85699-93095,Nagpur,2025-06-16
EMP03266,Seth Jones,Male,Research and Development,R&D Project Manager,29919,seth.jones3266@meta.com,+91-80232-48779,Madanapalle,2025-03-31
EMP03267,Kelsey Hawkins,Female,Marketing,Marketing Analyst,43295,kelsey.hawkins3267@meta.com,+91-85994-58347,Motihari,2025-06-14
EMP03268,Victor Brown,Male,Research and Development,Product Development Engineer,33943,victor.brown3268@meta.com,+91-63574-23050,Alappuzha,2025-11-12
EMP03269,Joseph Smith,Male,Marketing,SEO Specialist,42969,joseph.smith3269@meta.com,+91-90843-66070,Pondicherry,2025-06-03
EMP03270,Jacqueline Thomas,Female,Marketing,Marketing Manager,35542,jacqueline.thomas3270@meta.com,+91-75785-02473,Muzaffarpur,2025-11-19
EMP03271,Aaron Smith,Male,IT,data scientist,21830,aaron.smith3271@meta.com,+91-81172-05626,Munger,2025-07-15
EMP03272,Randy Wilson,Male,Marketing,SEO Specialist,25956,randy.wilson3272@meta.com,+91-89085-28630,Vadodara,2025-12-11
EMP03273,Kristy Jones,Female,Marketing,Marketing Analyst,46720,kristy.jones3273@meta.com,+91-77526-83826,Aurangabad,2025-11-05
EMP03274,Matthew Campbell,Male,Marketing,Content Marketing Manager,32770,matthew.campbell3274@meta.com,+91-79966-31763,Hospet,2025-03-08
EMP03275,Thomas Young,Male,Research and Development,Research Scientist,14308,thomas.young3275@meta.com,+91-64352-00842,Pudukkottai,2025-01-14
EMP03276,David Baird,Male,IT,ML engineer,10191,david.baird3276@meta.com,+91-86763-86462,Nangloi Jat,2025-01-15
EMP03277,Tamara Hernandez,Female,Research and Development,Product Development Engineer,34053,tamara.hernandez3277@meta.com,+91-72626-20716,Rajahmundry,2025-05-31
EMP03278,Charles Walsh,Male,Research and Development,R&D Engineer,45739,charles.walsh3278@meta.com,+91-93585-13733,Munger,2025-03-03
EMP03279,Zachary Macias,Male,Research and Development,R&D Engineer,40015,zachary.macias3279@meta.com,+91-88799-88539,Jaipur,2025-12-16
EMP03280,Jessica Evans,Female,IT,data analytics,48467,jessica.evans3280@meta.com,+91-81781-57536,Jaunpur,2025-07-04
EMP03281,Jennifer Hobbs,Female,Research and Development,R&D Engineer,41744,jennifer.hobbs3281@meta.com,+91-97658-84813,Rewa,2025-10-16
EMP03282,Beth Sims,Female,Research and Development,Research Scientist,38505,beth.sims3282@meta.com,+91-68641-07301,Machilipatnam,2025-11-16
EMP03283,Jennifer Butler,Female,Marketing,Content Marketing Manager,35148,jennifer.butler3283@meta.com,+91-63722-21364,Raiganj,2025-04-15
EMP03284,Tiffany Ford,Female,Marketing,Content Marketing Manager,43548,tiffany.ford3284@meta.com,+91-85077-85815,Anantapur,2025-11-19
EMP03285,Maurice Anderson,Male,IT,data scientist,25312,maurice.anderson3285@meta.com,+91-96892-02264,Sambalpur,2025-12-09
EMP03286,Claire Lee,Female,IT,data scientist,42091,claire.lee3286@meta.com,+91-97425-76050,Tadipatri,2025-12-12
EMP03287,Jack Ford,Male,IT,software engineer,43258,jack.ford3287@meta.com,+91-71022-82365,Dindigul,2025-10-15
EMP03288,Mathew Lewis,Male,Marketing,Marketing Analyst,48412,mathew.lewis3288@meta.com,+91-84802-18950,Nandyal,2025-11-20
EMP03289,Brian Pearson,Male,Research and Development,Research Analyst,20752,brian.pearson3289@meta.com,+91-72001-86926,Haridwar,2025-02-18
EMP03290,Anthony Robinson,Male,Marketing,SEO Specialist,28072,anthony.robinson3290@meta.com,+91-72280-36538,Yamunanagar,2025-02-16
EMP03291,Teresa Reynolds,Female,IT,data scientist,26117,teresa.reynolds3291@meta.com,+91-85257-06319,Nagpur,2025-12-19
EMP03292,Melissa Cruz,Female,Research and Development,Product Development Engineer,46243,melissa.cruz3292@meta.com,+91-89403-46401,Darbhanga,2025-02-24
EMP03293,William Becker,Male,Marketing,Marketing Manager,39953,william.becker3293@meta.com,+91-94766-21516,Rewa,2025-06-20
EMP03294,Kenneth Owen,Male,Research and Development,Research Scientist,16872,kenneth.owen3294@meta.com,+91-72939-98501,Bulandshahr,2025-10-16
EMP03295,Eugene Sanchez,Male,Research and Development,Research Analyst,43340,eugene.sanchez3295@meta.com,+91-83672-51286,Morbi,2025-01-29
EMP03296,Emily Fitzpatrick,Female,Marketing,Marketing Analyst,30095,emily.fitzpatrick3296@meta.com,+91-76432-20231,Jalandhar,2025-05-26
EMP03297,Rachel Miller,Female,Marketing,Marketing Analyst,37567,rachel.miller3297@meta.com,+91-84577-11875,Meerut,2025-07-21
EMP03298,Erin Davis,Female,Marketing,Marketing Analyst,11125,erin.davis3298@meta.com,+91-78294-51252,Panihati,2025-08-12
EMP03299,Natasha Rubio,Female,Marketing,Marketing Analyst,44533,natasha.rubio3299@meta.com,+91-76449-79792,Amritsar,2025-03-19
EMP03300,Jack Blankenship,Male,Marketing,Marketing Manager,20758,jack.blankenship3300@meta.com,+91-89902-52714,Fatehpur,2025-04-03
EMP03301,George Thompson,Male,Marketing,Digital Marketing Specialist,12855,george.thompson3301@meta.com,+91-92042-49041,Salem,2025-11-02
EMP03302,Rebekah Moore,Female,Marketing,Digital Marketing Specialist,24818,rebekah.moore3302@meta.com,+91-81959-16365,Ujjain,2025-04-02
EMP03303,Jennifer Patel,Female,IT,data scientist,15741,jennifer.patel3303@meta.com,+91-88731-05756,Kozhikode,2025-09-22
EMP03304,Justin Fuller,Male,Research and Development,Research Scientist,16534,justin.fuller3304@meta.com,+91-81187-21641,Kulti,2025-12-03
EMP03305,Vanessa Beck,Female,Marketing,Digital Marketing Specialist,30230,vanessa.beck3305@meta.com,+91-71540-51009,Raiganj,2025-10-17
EMP03306,Brent Williams,Male,IT,ML engineer,19720,brent.williams3306@meta.com,+91-87898-00669,Bhalswa Jahangir Pur,2025-08-24
EMP03307,James Jackson,Male,IT,data analytics,22629,james.jackson3307@meta.com,+91-71605-74934,Dharmavaram,2025-05-03
EMP03308,Michael Meyers,Male,Marketing,Marketing Manager,18871,michael.meyers3308@meta.com,+91-69148-94601,Bhimavaram,2025-02-27
EMP03309,Kenneth West,Male,Marketing,Digital Marketing Specialist,28414,kenneth.west3309@meta.com,+91-86394-56019,Pallavaram,2025-04-18
EMP03310,Travis Knight,Male,IT,data analytics,42309,travis.knight3310@meta.com,+91-81480-15029,Guwahati,2025-03-15
EMP03311,Stacey Jones,Female,Marketing,SEO Specialist,13872,stacey.jones3311@meta.com,+91-66101-83002,Dewas,2025-07-30
EMP03312,Megan Rangel,Female,Marketing,Marketing Analyst,25673,megan.rangel3312@meta.com,+91-99227-98062,Thiruvananthapuram,2025-07-07
EMP03313,Tyrone Flores,Male,Marketing,Digital Marketing Specialist,13110,tyrone.flores3313@meta.com,+91-71501-49418,Raichur,2025-02-17
EMP03314,Larry Lloyd,Male,Research and Development,R&D Project Manager,12050,larry.lloyd3314@meta.com,+91-79703-20076,Gudivada,2025-10-13
EMP03315,Jason Jackson,Male,Research and Development,Research Analyst,20490,jason.jackson3315@meta.com,+91-75388-38723,Nellore,2025-02-09
EMP03316,Kayla Hendrix,Female,Research and Development,Research Scientist,29457,kayla.hendrix3316@meta.com,+91-83582-33782,Unnao,2025-04-15
EMP03317,Emma Jackson,Female,IT,ML engineer,38638,emma.jackson3317@meta.com,+91-94381-94034,Farrukhabad,2025-01-07
EMP03318,Deborah Ferrell,Female,Marketing,Marketing Analyst,20887,deborah.ferrell3318@meta.com,+91-72763-72936,Thane,2025-09-30
EMP03319,Don Carney,Male,Marketing,Marketing Analyst,25034,don.carney3319@meta.com,+91-90899-06275,Jodhpur,2025-09-06
EMP03320,Gary Johnson,Male,IT,software engineer,38062,gary.johnson3320@meta.com,+91-61338-53907,Chapra,2025-12-16
EMP03321,Alicia James,Female,Marketing,Digital Marketing Specialist,26716,alicia.james3321@meta.com,+91-60072-66774,Nadiad,2025-10-08
EMP03322,James Dominguez,Male,Research and Development,R&D Project Manager,25791,james.dominguez3322@meta.com,+91-85789-69436,Gandhinagar,2025-08-18
EMP03323,Gabriela Pratt,Female,Research and Development,Product Development Engineer,47647,gabriela.pratt3323@meta.com,+91-92321-59782,Vellore,2025-09-29
EMP03324,Michael Anderson,Male,Marketing,Marketing Analyst,36449,michael.anderson3324@meta.com,+91-85463-88488,Bhilwara,2025-09-04
EMP03325,Juan Burns,Male,Marketing,Digital Marketing Specialist,13717,juan.burns3325@meta.com,+91-63089-57821,Gwalior,2025-11-05
EMP03326,Thomas Sellers,Male,Research and Development,R&D Engineer,28573,thomas.sellers3326@meta.com,+91-94666-13280,Imphal,2025-01-05
EMP03327,Scott Huang,Male,Research and Development,R&D Project Manager,34127,scott.huang3327@meta.com,+91-91078-30215,Warangal,2025-05-06
EMP03328,Renee Rodriguez,Female,IT,data scientist,11319,renee.rodriguez3328@meta.com,+91-62829-64786,Belgaum,2025-02-06
EMP03329,James Moore,Male,IT,data analytics,42313,james.moore3329@meta.com,+91-85057-17755,Chandigarh,2025-01-21
EMP03330,Scott Smith,Male,IT,data analytics,15086,scott.smith3330@meta.com,+91-78794-61285,Mau,2025-10-10
EMP03331,Sheila Williamson,Female,Marketing,Digital Marketing Specialist,41181,sheila.williamson3331@meta.com,+91-79145-13139,Ballia,2025-02-13
EMP03332,Mark Savage,Male,IT,data analytics,49928,mark.savage3332@meta.com,+91-94054-02367,Bathinda,2025-07-15
EMP03333,Richard Rodriguez,Male,Research and Development,Research Scientist,34767,richard.rodriguez3333@meta.com,+91-60978-04819,Pimpri-Chinchwad,2025-03-13
EMP03334,Michael Gonzalez,Male,Research and Development,Research Scientist,21093,michael.gonzalez3334@meta.com,+91-95296-38098,Gaya,2025-10-07
EMP03335,Brandon Bean,Male,Research and Development,Product Development Engineer,47112,brandon.bean3335@meta.com,+91-77717-94540,Bhiwani,2025-02-26
EMP03336,Rebecca Hall,Female,Research and Development,Research Analyst,15200,rebecca.hall3336@meta.com,+91-67992-11113,Vijayawada,2025-03-11
EMP03337,Jasmine Garrett,Female,Research and Development,Product Development Engineer,17965,jasmine.garrett3337@meta.com,+91-94184-81387,Fatehpur,2025-11-01
EMP03338,Ruth Erickson,Female,Marketing,Marketing Analyst,12361,ruth.erickson3338@meta.com,+91-77917-86798,Mahbubnagar,2025-05-15
EMP03339,Michael Harrison,Male,Marketing,SEO Specialist,32628,michael.harrison3339@meta.com,+91-80829-61291,Mango,2025-03-01
EMP03340,Cathy Smith,Female,Research and Development,Research Analyst,28840,cathy.smith3340@meta.com,+91-94161-00028,Davanagere,2025-03-08
EMP03341,Dennis Humphrey,Male,IT,software engineer,44341,dennis.humphrey3341@meta.com,+91-94874-38175,Amravati,2025-09-13
EMP03342,Michael Jones,Male,Research and Development,Research Scientist,12876,michael.jones3342@meta.com,+91-86269-48745,Pondicherry,2025-01-17
EMP03343,Peter Perez,Male,Research and Development,R&D Project Manager,38453,peter.perez3343@meta.com,+91-88596-27148,Guntakal,2025-11-01
EMP03344,Elizabeth Gutierrez,Female,Marketing,Marketing Analyst,42907,elizabeth.gutierrez3344@meta.com,+91-87934-92861,Bellary,2025-04-12
EMP03345,Jessica Summers,Female,IT,data analytics,42898,jessica.summers3345@meta.com,+91-76194-29787,Bettiah,2025-08-07
EMP03346,Adriana Zamora,Female,Marketing,Content Marketing Manager,28974,adriana.zamora3346@meta.com,+91-74357-96320,Ichalkaranji,2025-01-16
EMP03347,Paul Brown,Male,IT,software engineer,29677,paul.brown3347@meta.com,+91-73389-28291,Kumbakonam,2025-04-21
EMP03348,Gregory Quinn,Male,IT,ML engineer,31816,gregory.quinn3348@meta.com,+91-72351-17574,Vijayawada,2025-07-06
EMP03349,Megan Roach,Female,Research and Development,Research Analyst,29874,megan.roach3349@meta.com,+91-76998-60284,Ahmedabad,2025-07-23
EMP03350,William Craig,Male,Research and Development,Research Scientist,33948,william.craig3350@meta.com,+91-94098-10756,Giridih,2025-03-20
EMP03351,Raymond Rocha,Male,IT,ML engineer,25948,raymond.rocha3351@meta.com,+91-81034-74073,Jehanabad,2025-11-04
EMP03352,Deborah Franco,Female,Research and Development,Research Analyst,11486,deborah.franco3352@meta.com,+91-88867-18309,Secunderabad,2025-10-13
EMP03353,Patrick Castillo,Male,IT,software engineer,47896,patrick.castillo3353@meta.com,+91-82014-10332,Dewas,2025-08-17
EMP03354,Pamela Edwards,Female,Research and Development,R&D Engineer,46281,pamela.edwards3354@meta.com,+91-68531-13476,Ambattur,2025-02-21
EMP03355,Kevin Williams,Male,Marketing,Digital Marketing Specialist,15187,kevin.williams3355@meta.com,+91-64258-84018,Alappuzha,2025-04-06
EMP03356,Julie Murray,Female,Research and Development,Research Analyst,18783,julie.murray3356@meta.com,+91-70392-31952,Madhyamgram,2025-09-17
EMP03357,Sean Marshall,Male,Marketing,SEO Specialist,29691,sean.marshall3357@meta.com,+91-76789-83242,Ajmer,2025-10-26
EMP03358,Nancy Cruz,Female,Marketing,Marketing Analyst,18754,nancy.cruz3358@meta.com,+91-98138-45951,Kolhapur,2025-05-28
EMP03359,Rachel James,Female,Marketing,Marketing Analyst,11728,rachel.james3359@meta.com,+91-81016-61784,Silchar,2025-06-14
EMP03360,Holly Hamilton,Female,Marketing,Digital Marketing Specialist,47084,holly.hamilton3360@meta.com,+91-67463-99417,Saharanpur,2025-05-02
EMP03361,Leslie White,Female,IT,software engineer,12131,leslie.white3361@meta.com,+91-76795-81642,Pune,2025-09-07
EMP03362,James Hernandez,Male,IT,data scientist,33514,james.hernandez3362@meta.com,+91-73588-19714,Davanagere,2025-03-04
EMP03363,Alison Myers,Female,IT,data scientist,33910,alison.myers3363@meta.com,+91-74886-10432,Jamalpur,2025-09-11
EMP03364,Diamond Lee,Female,IT,data analytics,14485,diamond.lee3364@meta.com,+91-73663-65599,Bhiwani,2025-05-23
EMP03365,Jeffrey York,Male,Marketing,SEO Specialist,20423,jeffrey.york3365@meta.com,+91-92426-21016,Allahabad,2025-11-12
EMP03366,Harry Rodriguez,Male,Research and Development,Product Development Engineer,44965,harry.rodriguez3366@meta.com,+91-95164-12670,Morena,2025-10-30
EMP03367,Lisa Thomas,Female,Research and Development,Research Analyst,12367,lisa.thomas3367@meta.com,+91-93566-95975,Thrissur,2025-10-17
EMP03368,Jennifer Smith,Female,Marketing,Marketing Manager,37549,jennifer.smith3368@meta.com,+91-88209-03653,Kozhikode,2025-01-15
EMP03369,George Collins,Male,Marketing,Digital Marketing Specialist,16513,george.collins3369@meta.com,+91-63677-74167,Pudukkottai,2025-10-09
EMP03370,Barbara Anderson,Female,IT,data scientist,48973,barbara.anderson3370@meta.com,+91-64306-04875,Mau,2025-08-13
EMP03371,Nathaniel Roman,Male,Research and Development,Research Analyst,43499,nathaniel.roman3371@meta.com,+91-86938-04236,Uluberia,2025-08-19
EMP03372,Krystal Wells,Female,Marketing,Marketing Analyst,17936,krystal.wells3372@meta.com,+91-88877-85027,Amroha,2025-07-07
EMP03373,Jacob Sanchez,Male,IT,data analytics,22900,jacob.sanchez3373@meta.com,+91-63745-38408,Muzaffarpur,2025-06-22
EMP03374,Thomas Orr,Male,Marketing,SEO Specialist,38028,thomas.orr3374@meta.com,+91-90363-53100,Parbhani,2025-09-20
EMP03375,Kristen Ray,Female,Marketing,Marketing Analyst,23709,kristen.ray3375@meta.com,+91-73948-62126,Jammu,2025-05-14
EMP03376,Steven Sheppard,Male,Research and Development,Product Development Engineer,44104,steven.sheppard3376@meta.com,+91-85257-00061,Guntakal,2025-09-20
EMP03377,Lisa Li,Female,IT,data analytics,24203,lisa.li3377@meta.com,+91-65756-45552,Unnao,2025-02-24
EMP03378,Kristine Zamora,Female,Research and Development,R&D Engineer,16312,kristine.zamora3378@meta.com,+91-93050-74710,Sasaram,2025-09-24
EMP03379,Shirley Cruz,Female,Research and Development,Product Development Engineer,30932,shirley.cruz3379@meta.com,+91-71150-15259,Pondicherry,2025-07-26
EMP03380,Angela Henry,Female,Marketing,Marketing Manager,41948,angela.henry3380@meta.com,+91-92287-42221,Jabalpur,2025-09-08
EMP03381,Joanna Waters,Female,IT,ML engineer,32458,joanna.waters3381@meta.com,+91-79430-51486,Asansol,2025-06-22
EMP03382,Jack Strickland,Male,Marketing,Digital Marketing Specialist,49068,jack.strickland3382@meta.com,+91-64472-64589,Shahjahanpur,2025-04-10
EMP03383,Courtney Smith,Female,IT,data scientist,31872,courtney.smith3383@meta.com,+91-61204-94653,Udupi,2025-06-04
EMP03384,Karen Thomas,Female,Marketing,Marketing Analyst,29960,karen.thomas3384@meta.com,+91-85188-46517,Imphal,2025-06-18
EMP03385,Kari Edwards,Female,Research and Development,R&D Project Manager,42086,kari.edwards3385@meta.com,+91-92070-73273,Maheshtala,2025-01-28
EMP03386,Tina Harper,Female,Marketing,SEO Specialist,46874,tina.harper3386@meta.com,+91-96242-44203,Sagar,2025-05-03
EMP03387,Nicholas Moss,Male,Marketing,Marketing Manager,11671,nicholas.moss3387@meta.com,+91-93486-79943,Loni,2025-08-04
EMP03388,Robert Campbell,Male,Research and Development,Research Scientist,37590,robert.campbell3388@meta.com,+91-96882-94643,Bhusawal,2025-02-18
EMP03389,Michael Farrell,Male,Research and Development,R&D Project Manager,26510,michael.farrell3389@meta.com,+91-75977-59006,Bhilwara,2025-05-21
EMP03390,Dan Phillips,Male,Research and Development,R&D Engineer,31976,dan.phillips3390@meta.com,+91-74694-69892,Bidar,2025-12-07
EMP03391,Blake Marshall,Male,Marketing,SEO Specialist,35858,blake.marshall3391@meta.com,+91-89709-94749,Amroha,2025-11-15
EMP03392,Lori Peters,Female,Research and Development,R&D Project Manager,43553,lori.peters3392@meta.com,+91-83574-73740,Satara,2025-11-03
EMP03393,Brian Hill,Male,Marketing,Content Marketing Manager,29248,brian.hill3393@meta.com,+91-90803-79765,Davanagere,2025-07-01
EMP03394,Michael Chavez,Male,IT,data scientist,18709,michael.chavez3394@meta.com,+91-96938-56651,Dharmavaram,2025-01-11
EMP03395,Carl Blanchard,Male,IT,data analytics,31689,carl.blanchard3395@meta.com,+91-66989-20704,Faridabad,2025-07-28
EMP03396,Sharon Tran,Female,IT,data scientist,24155,sharon.tran3396@meta.com,+91-81564-07658,Ajmer,2025-02-06
EMP03397,Ethan Le,Male,Research and Development,Research Analyst,47174,ethan.le3397@meta.com,+91-77507-29531,Raebareli,2025-10-18
EMP03398,Maria Foster,Female,Marketing,SEO Specialist,34690,maria.foster3398@meta.com,+91-71683-64022,Pudukkottai,2025-03-03
EMP03399,Sara Johnson,Female,Research and Development,R&D Engineer,43561,sara.johnson3399@meta.com,+91-76386-87390,North Dumdum,2025-01-26
EMP03400,Keith Carroll,Male,Research and Development,Research Analyst,47812,keith.carroll3400@meta.com,+91-63901-16042,Mira-Bhayandar,2025-05-05
EMP03401,Kathleen Mcintosh,Female,Research and Development,R&D Engineer,24269,kathleen.mcintosh3401@meta.com,+91-62810-84854,Saharanpur,2025-07-21
EMP03402,Brian Martin,Male,IT,data analytics,40739,brian.martin3402@meta.com,+91-87961-01185,Tiruchirappalli,2025-03-10
EMP03403,Paul Compton,Male,Research and Development,Research Analyst,15694,paul.compton3403@meta.com,+91-97974-52220,Jodhpur,2025-05-21
EMP03404,Jennifer Potter,Female,IT,data analytics,30905,jennifer.potter3404@meta.com,+91-66342-49369,Rewa,2025-08-10
EMP03405,Kimberly Warren,Female,IT,data scientist,38947,kimberly.warren3405@meta.com,+91-86408-41551,Bhatpara,2025-12-22
EMP03406,Joshua Davis,Male,Marketing,SEO Specialist,41344,joshua.davis3406@meta.com,+91-66740-16541,Sultan Pur Majra,2025-05-22
EMP03407,Caitlin Farmer,Female,Marketing,Digital Marketing Specialist,38996,caitlin.farmer3407@meta.com,+91-89092-55747,Ambattur,2025-05-27
EMP03408,Cynthia Newman,Female,Marketing,Content Marketing Manager,30153,cynthia.newman3408@meta.com,+91-66846-83642,Faridabad,2025-12-30
EMP03409,Marvin Terry,Male,Research and Development,R&D Engineer,10505,marvin.terry3409@meta.com,+91-77138-44623,Kalyan-Dombivli,2025-09-09
EMP03410,Amanda Blake,Female,Marketing,Marketing Analyst,41726,amanda.blake3410@meta.com,+91-98252-92052,Durgapur,2025-03-18
EMP03411,Jonathan Morris,Male,Marketing,SEO Specialist,34290,jonathan.morris3411@meta.com,+91-62143-27702,Surat,2025-06-11
EMP03412,Katrina Roberts,Female,Research and Development,Product Development Engineer,25231,katrina.roberts3412@meta.com,+91-62564-18240,Vijayanagaram,2025-10-12
EMP03413,Joshua Williams,Male,Research and Development,R&D Project Manager,13892,joshua.williams3413@meta.com,+91-99013-77641,Dhule,2025-08-24
EMP03414,Dave Henry,Male,Research and Development,R&D Project Manager,35502,dave.henry3414@meta.com,+91-96677-27721,Jodhpur,2025-04-11
EMP03415,Lauren Richardson,Female,Marketing,Content Marketing Manager,43578,lauren.richardson3415@meta.com,+91-75757-15928,Sikar,2025-08-11
EMP03416,Daniel Herrera,Male,Marketing,Marketing Analyst,21831,daniel.herrera3416@meta.com,+91-72086-86254,Shimoga,2025-11-20
EMP03417,Kristie Dixon,Female,IT,software engineer,47995,kristie.dixon3417@meta.com,+91-63595-01225,Panihati,2025-11-12
EMP03418,Nicole Scott,Female,IT,data analytics,40388,nicole.scott3418@meta.com,+91-79164-58447,Khammam,2025-08-16
EMP03419,Stephanie Long,Female,Marketing,Digital Marketing Specialist,49436,stephanie.long3419@meta.com,+91-90990-64957,Bidhannagar,2025-10-19
EMP03420,Allen Morrison,Male,IT,software engineer,33694,allen.morrison3420@meta.com,+91-76261-23021,Kurnool,2025-10-12
EMP03421,Cathy Williams,Female,Marketing,Digital Marketing Specialist,35528,cathy.williams3421@meta.com,+91-81571-54325,Tiruppur,2025-01-11
EMP03422,Christina Hudson,Female,IT,ML engineer,40969,christina.hudson3422@meta.com,+91-72425-41363,Kakinada,2025-01-06
EMP03423,Stacie Meyers,Female,IT,ML engineer,24851,stacie.meyers3423@meta.com,+91-85805-89489,Madhyamgram,2025-10-19
EMP03424,Anthony Sims,Male,Research and Development,Research Analyst,30513,anthony.sims3424@meta.com,+91-69020-54274,Bellary,2025-05-20
EMP03425,Jorge Collins,Male,Marketing,Marketing Analyst,25391,jorge.collins3425@meta.com,+91-98637-47564,Bokaro,2025-03-18
EMP03426,Scott Clark,Male,IT,data analytics,30150,scott.clark3426@meta.com,+91-97099-20104,Khammam,2025-07-06
EMP03427,Jimmy Myers,Male,Marketing,SEO Specialist,40826,jimmy.myers3427@meta.com,+91-96250-32256,Pallavaram,2025-12-13
EMP03428,John Carlson,Male,IT,data analytics,43798,john.carlson3428@meta.com,+91-61903-00676,Solapur,2025-02-11
EMP03429,Lisa Wilkerson,Female,Marketing,Content Marketing Manager,32701,lisa.wilkerson3429@meta.com,+91-78811-23932,Udupi,2025-03-07
EMP03430,Anthony Smith,Male,Marketing,Content Marketing Manager,30259,anthony.smith3430@meta.com,+91-87185-30451,Mumbai,2025-01-27
EMP03431,Eric James,Male,Research and Development,Research Scientist,30763,eric.james3431@meta.com,+91-95500-76430,Jalandhar,2025-08-09
EMP03432,Anthony Lewis,Male,Marketing,Marketing Manager,14174,anthony.lewis3432@meta.com,+91-75408-60896,Bhusawal,2025-10-23
EMP03433,Patrick Watson,Male,Research and Development,R&D Engineer,14538,patrick.watson3433@meta.com,+91-83588-57835,Erode,2025-05-01
EMP03434,Matthew Evans,Male,Research and Development,R&D Engineer,46208,matthew.evans3434@meta.com,+91-80150-30975,Jamshedpur,2025-03-18
EMP03435,Elizabeth Baker,Female,IT,ML engineer,45802,elizabeth.baker3435@meta.com,+91-87542-90920,Jamshedpur,2025-05-04
EMP03436,Tamara Garner,Female,Marketing,Marketing Analyst,40084,tamara.garner3436@meta.com,+91-66148-09245,Fatehpur,2025-01-19
EMP03437,Carrie Rodriguez,Female,Marketing,SEO Specialist,20038,carrie.rodriguez3437@meta.com,+91-70778-30636,Sirsa,2025-02-25
EMP03438,Sheila Riley,Female,IT,software engineer,19078,sheila.riley3438@meta.com,+91-79033-38880,Gopalpur,2025-06-28
EMP03439,Alexander Hart,Male,Research and Development,Research Analyst,34419,alexander.hart3439@meta.com,+91-94482-85959,Jamnagar,2025-06-07
EMP03440,Cindy Sanders,Female,Marketing,Digital Marketing Specialist,40255,cindy.sanders3440@meta.com,+91-78801-80777,Ludhiana,2025-07-18
EMP03441,Andrew Reynolds,Male,Research and Development,Research Scientist,11763,andrew.reynolds3441@meta.com,+91-74920-78162,Haridwar,2025-02-11
EMP03442,Christopher Smith,Male,IT,software engineer,18570,christopher.smith3442@meta.com,+91-96714-16579,Rajkot,2025-05-08
EMP03443,Tyler Walter,Male,Research and Development,R&D Project Manager,25949,tyler.walter3443@meta.com,+91-69314-97238,Nangloi Jat,2025-04-03
EMP03444,Christina Adams,Female,Marketing,Digital Marketing Specialist,33881,christina.adams3444@meta.com,+91-93993-70635,Maheshtala,2025-01-17
EMP03445,David West,Male,Research and Development,Research Analyst,46448,david.west3445@meta.com,+91-89621-43898,Varanasi,2025-05-19
EMP03446,Shane Conley,Male,Research and Development,R&D Project Manager,31824,shane.conley3446@meta.com,+91-95504-69867,Karaikudi,2025-02-24
EMP03447,Tiffany Freeman,Female,Research and Development,R&D Project Manager,17501,tiffany.freeman3447@meta.com,+91-86898-92486,Nashik,2025-06-24
EMP03448,Donna Davis,Female,IT,data analytics,16108,donna.davis3448@meta.com,+91-60894-13452,Sirsa,2025-06-10
EMP03449,Samantha Stephens,Female,IT,data analytics,24406,samantha.stephens3449@meta.com,+91-99446-86062,Serampore,2025-03-09
EMP03450,Nicholas Fernandez,Male,Research and Development,Research Scientist,38041,nicholas.fernandez3450@meta.com,+91-71428-61603,Sri Ganganagar,2025-03-24
EMP03451,Jason Carpenter,Male,Marketing,Digital Marketing Specialist,31964,jason.carpenter3451@meta.com,+91-66726-01614,Bhind,2025-02-25
EMP03452,Victoria Saunders,Female,IT,data scientist,41794,victoria.saunders3452@meta.com,+91-84248-74726,Shimla,2025-02-26
EMP03453,Megan Russell,Female,Marketing,Marketing Manager,49986,megan.russell3453@meta.com,+91-95835-65986,Chandigarh,2025-03-03
EMP03454,Lance Dyer,Male,Research and Development,Research Analyst,42478,lance.dyer3454@meta.com,+91-80440-46161,Secunderabad,2025-09-07
EMP03455,Maria Hayes,Female,Marketing,Marketing Analyst,38789,maria.hayes3455@meta.com,+91-95801-87230,Kalyan-Dombivli,2025-01-20
EMP03456,Gwendolyn Hull,Female,Marketing,Marketing Analyst,30527,gwendolyn.hull3456@meta.com,+91-65911-95432,Khora ,2025-02-04
EMP03457,Gloria Chen,Female,IT,data analytics,13142,gloria.chen3457@meta.com,+91-92933-94980,Chapra,2025-07-04
EMP03458,Brenda Velasquez,Female,Research and Development,Research Scientist,28093,brenda.velasquez3458@meta.com,+91-99162-08248,Tenali,2025-09-23
EMP03459,Angela Barnes,Female,IT,software engineer,23212,angela.barnes3459@meta.com,+91-80406-45419,Orai,2025-06-26
EMP03460,Joshua Stone,Male,Marketing,Content Marketing Manager,33490,joshua.stone3460@meta.com,+91-62863-75830,Rohtak,2025-08-28
EMP03461,Timothy Ortega,Male,Research and Development,Product Development Engineer,37940,timothy.ortega3461@meta.com,+91-68552-58355,Ambattur,2025-08-28
EMP03462,Michael French,Male,IT,software engineer,48962,michael.french3462@meta.com,+91-64039-23263,Bhiwandi,2025-01-02
EMP03463,Erika Copeland,Female,Marketing,Marketing Manager,49990,erika.copeland3463@meta.com,+91-65842-04829,Motihari,2025-08-22
EMP03464,Timothy Mills,Male,IT,data scientist,42521,timothy.mills3464@meta.com,+91-78632-29305,Muzaffarnagar,2025-05-14
EMP03465,Laura Brady,Female,IT,ML engineer,23817,laura.brady3465@meta.com,+91-88176-35077,Kamarhati,2025-04-18
EMP03466,Margaret Chavez,Female,IT,ML engineer,34192,margaret.chavez3466@meta.com,+91-61685-24687,Mumbai,2025-11-09
EMP03467,Stephanie Costa,Female,IT,data analytics,26728,stephanie.costa3467@meta.com,+91-67062-93006,Shimla,2025-02-15
EMP03468,Charles Jones,Male,Marketing,Marketing Analyst,37517,charles.jones3468@meta.com,+91-87991-32840,New Delhi,2025-03-07
EMP03469,Peter Turner,Male,IT,data scientist,44121,peter.turner3469@meta.com,+91-82866-55938,Hosur,2025-10-15
EMP03470,Mark Lynn,Male,IT,ML engineer,14180,mark.lynn3470@meta.com,+91-92412-43315,Nagpur,2025-09-20
EMP03471,Alexis Phillips,Female,Marketing,Digital Marketing Specialist,45131,alexis.phillips3471@meta.com,+91-74434-27010,Gaya,2025-04-25
EMP03472,Samantha Becker,Female,Marketing,Digital Marketing Specialist,27152,samantha.becker3472@meta.com,+91-70258-36774,Nizamabad,2025-10-16
EMP03473,Jesse Wilson,Male,Research and Development,Product Development Engineer,44101,jesse.wilson3473@meta.com,+91-75118-26132,Sambhal,2025-06-23
EMP03474,Adam Harper,Male,IT,ML engineer,14139,adam.harper3474@meta.com,+91-91974-89455,Munger,2025-10-17
EMP03475,James Torres,Male,Research and Development,Research Analyst,40816,james.torres3475@meta.com,+91-69438-00902,Srikakulam,2025-01-11
EMP03476,Kevin Shelton,Male,IT,software engineer,19167,kevin.shelton3476@meta.com,+91-75910-85215,Panchkula,2025-05-13
EMP03477,Francisco Johnson,Male,Marketing,Digital Marketing Specialist,20765,francisco.johnson3477@meta.com,+91-98649-12391,Yamunanagar,2025-11-27
EMP03478,Paul Carrillo,Male,Marketing,Marketing Analyst,18168,paul.carrillo3478@meta.com,+91-94845-08013,Dharmavaram,2025-11-07
EMP03479,Manuel Bell,Male,IT,data scientist,37703,manuel.bell3479@meta.com,+91-81973-37462,Indore,2025-07-18
EMP03480,James Estes,Male,IT,software engineer,32362,james.estes3480@meta.com,+91-90417-12349,Fatehpur,2025-10-14
EMP03481,Darlene Davis,Female,Marketing,Digital Marketing Specialist,34966,darlene.davis3481@meta.com,+91-68832-95066,Bareilly,2025-08-10
EMP03482,Jesse Curry,Male,Research and Development,Research Analyst,10815,jesse.curry3482@meta.com,+91-96499-56251,Mahbubnagar,2025-10-19
EMP03483,William Johnson,Male,Research and Development,R&D Project Manager,29031,william.johnson3483@meta.com,+91-92126-56023,Suryapet,2025-02-27
EMP03484,Paula Bond,Female,Marketing,Content Marketing Manager,35981,paula.bond3484@meta.com,+91-78922-14175,Srikakulam,2025-07-25
EMP03485,Jennifer Smith,Female,Marketing,Content Marketing Manager,38361,jennifer.smith3485@meta.com,+91-88820-39064,Guntakal,2025-02-13
EMP03486,Shari Norman,Female,Research and Development,R&D Project Manager,26584,shari.norman3486@meta.com,+91-92643-77034,Coimbatore,2025-02-03
EMP03487,Jonathan Ford,Male,IT,software engineer,19430,jonathan.ford3487@meta.com,+91-93456-97566,Jorhat,2025-06-19
EMP03488,Martha Williams,Female,IT,ML engineer,20558,martha.williams3488@meta.com,+91-70571-13894,Hazaribagh,2025-08-06
EMP03489,John Barrera,Male,Research and Development,Research Scientist,43566,john.barrera3489@meta.com,+91-65605-87853,Ujjain,2025-06-04
EMP03490,Andrew Burke,Male,Marketing,Marketing Manager,33479,andrew.burke3490@meta.com,+91-65002-26796,Bhubaneswar,2025-04-23
EMP03491,Melissa Schmitt,Female,Marketing,Marketing Manager,21968,melissa.schmitt3491@meta.com,+91-78316-66713,Davanagere,2025-11-04
EMP03492,Karen Wright,Female,IT,ML engineer,18289,karen.wright3492@meta.com,+91-80947-23257,Belgaum,2025-07-24
EMP03493,Patricia Williams,Female,Research and Development,R&D Engineer,39635,patricia.williams3493@meta.com,+91-95155-51393,Rajahmundry,2025-03-04
EMP03494,Gina Vega,Female,IT,software engineer,49678,gina.vega3494@meta.com,+91-90074-76639,Berhampur,2025-12-18
EMP03495,Michelle Stokes,Female,Research and Development,Research Scientist,14902,michelle.stokes3495@meta.com,+91-93210-63244,Salem,2025-09-30
EMP03496,Carly Anderson,Female,IT,ML engineer,25444,carly.anderson3496@meta.com,+91-97951-34401,Bahraich,2025-04-28
EMP03497,Jon Bauer,Male,IT,software engineer,10484,jon.bauer3497@meta.com,+91-79195-82790,Jaipur,2025-05-01
EMP03498,Michael Hurst,Male,IT,ML engineer,15992,michael.hurst3498@meta.com,+91-95697-61440,Tinsukia,2025-06-04
EMP03499,Brian Wells,Male,IT,software engineer,23523,brian.wells3499@meta.com,+91-86108-61834,Junagadh,2025-04-17
EMP03500,Kristin Henderson,Female,Marketing,SEO Specialist,22828,kristin.henderson3500@meta.com,+91-80931-71132,Chandigarh,2025-06-08
EMP03501,Deborah Fry,Female,Research and Development,R&D Engineer,49032,deborah.fry3501@meta.com,+91-97575-49459,Fatehpur,2025-04-24
EMP03502,Jennifer Calhoun,Female,IT,software engineer,49808,jennifer.calhoun3502@meta.com,+91-90629-21997,Jamshedpur,2025-02-09
EMP03503,Allison Miller,Female,Marketing,Marketing Manager,20195,allison.miller3503@meta.com,+91-82428-43114,Thiruvananthapuram,2025-01-11
EMP03504,Jeremy Barajas,Male,Research and Development,Research Analyst,47429,jeremy.barajas3504@meta.com,+91-62861-96299,Proddatur,2025-03-27
EMP03505,Deborah Jones,Female,IT,software engineer,22287,deborah.jones3505@meta.com,+91-99232-34676,Ballia,2025-08-10
EMP03506,Jennifer Castro,Female,Research and Development,Research Analyst,35550,jennifer.castro3506@meta.com,+91-96935-70762,Panihati,2025-03-09
EMP03507,Brittany Anderson,Female,Research and Development,R&D Project Manager,46054,brittany.anderson3507@meta.com,+91-78806-48150,Hyderabad,2025-11-05
EMP03508,Jacqueline Dixon,Female,Research and Development,Research Scientist,45393,jacqueline.dixon3508@meta.com,+91-81739-97755,Gorakhpur,2025-06-17
EMP03509,Joseph Adams,Male,Marketing,Marketing Manager,37441,joseph.adams3509@meta.com,+91-78943-43009,Avadi,2025-07-15
EMP03510,Spencer Taylor,Male,Research and Development,Research Analyst,21122,spencer.taylor3510@meta.com,+91-71395-05384,Nangloi Jat,2025-01-08
EMP03511,Robert Lopez,Male,IT,data scientist,28717,robert.lopez3511@meta.com,+91-97897-00408,Morena,2025-03-13
EMP03512,John Garcia,Male,Research and Development,Research Analyst,47570,john.garcia3512@meta.com,+91-87861-69011,Begusarai,2025-04-15
EMP03513,Mark Weaver,Male,Marketing,Content Marketing Manager,19836,mark.weaver3513@meta.com,+91-72560-69695,Ulhasnagar,2025-08-29
EMP03514,Michael Hodge,Male,Research and Development,Product Development Engineer,49427,michael.hodge3514@meta.com,+91-74934-51367,Jabalpur,2025-04-04
EMP03515,John Fritz,Male,Research and Development,Product Development Engineer,36745,john.fritz3515@meta.com,+91-81225-32048,Buxar,2025-07-15
EMP03516,Christopher Sims,Male,Marketing,Content Marketing Manager,29579,christopher.sims3516@meta.com,+91-65711-50275,Mirzapur,2025-05-02
EMP03517,Timothy Clayton,Male,Research and Development,Research Scientist,28977,timothy.clayton3517@meta.com,+91-65570-94480,Allahabad,2025-06-22
EMP03518,Paul Williams,Male,Marketing,Marketing Analyst,47451,paul.williams3518@meta.com,+91-80228-48558,Tenali,2025-01-04
EMP03519,Alexander Powers,Male,Research and Development,R&D Project Manager,28413,alexander.powers3519@meta.com,+91-87170-32641,Katni,2025-01-30
EMP03520,Joanna Huff,Female,IT,data analytics,25246,joanna.huff3520@meta.com,+91-72149-74602,Warangal,2025-07-30
EMP03521,John Avery,Male,IT,data analytics,31928,john.avery3521@meta.com,+91-81338-55043,Sangli-Miraj & Kupwad,2025-09-22
EMP03522,David Boyd,Male,IT,data analytics,28538,david.boyd3522@meta.com,+91-87458-11667,Aurangabad,2025-02-21
EMP03523,Jeffrey Johnson,Male,IT,software engineer,32179,jeffrey.johnson3523@meta.com,+91-86855-98020,Kishanganj,2025-04-08
EMP03524,Angela Snow,Female,IT,ML engineer,48800,angela.snow3524@meta.com,+91-95507-95863,Thane,2025-04-27
EMP03525,Jacob Long,Male,Marketing,SEO Specialist,35070,jacob.long3525@meta.com,+91-90435-48524,Mau,2025-12-18
EMP03526,Elizabeth Nichols,Female,IT,software engineer,23025,elizabeth.nichols3526@meta.com,+91-73640-90872,Aizawl,2025-04-30
EMP03527,Scott Harrison,Male,Research and Development,R&D Project Manager,12007,scott.harrison3527@meta.com,+91-79101-02538,Kharagpur,2025-02-17
EMP03528,Nina Franco,Female,Research and Development,R&D Engineer,11370,nina.franco3528@meta.com,+91-87355-51343,Nandyal,2025-01-09
EMP03529,George Holt,Male,IT,data analytics,37511,george.holt3529@meta.com,+91-72301-36100,Katihar,2025-07-19
EMP03530,Kelly Welch,Female,IT,data analytics,10272,kelly.welch3530@meta.com,+91-97164-78366,Agartala,2025-03-11
EMP03531,Timothy Baxter,Male,Research and Development,R&D Project Manager,42030,timothy.baxter3531@meta.com,+91-75798-55562,Satara,2025-05-24
EMP03532,Tammy Nguyen,Female,Marketing,Marketing Manager,31401,tammy.nguyen3532@meta.com,+91-84837-17741,Buxar,2025-07-26
EMP03533,Corey Compton,Male,IT,software engineer,36749,corey.compton3533@meta.com,+91-69959-94780,Thanjavur,2025-11-16
EMP03534,Joseph Jenkins,Male,IT,data analytics,13663,joseph.jenkins3534@meta.com,+91-94892-40535,Khora ,2025-04-21
EMP03535,Jessica Hopkins,Female,Research and Development,Research Analyst,13342,jessica.hopkins3535@meta.com,+91-84796-08143,Sagar,2025-06-27
EMP03536,Cheryl Parks,Female,Research and Development,Research Analyst,16608,cheryl.parks3536@meta.com,+91-93343-79981,Kurnool,2025-09-11
EMP03537,Robert Perkins,Male,IT,software engineer,32124,robert.perkins3537@meta.com,+91-77545-19438,Kochi,2025-03-12
EMP03538,Misty Walter,Female,Marketing,SEO Specialist,15123,misty.walter3538@meta.com,+91-80788-18666,Tiruppur,2025-10-02
EMP03539,Kyle Schultz,Male,Research and Development,Product Development Engineer,14297,kyle.schultz3539@meta.com,+91-96667-10221,South Dumdum,2025-10-31
EMP03540,Stacy Pacheco,Female,Research and Development,Research Analyst,24214,stacy.pacheco3540@meta.com,+91-78160-29580,Sambalpur,2025-01-08
EMP03541,Jenna Love,Female,IT,software engineer,26205,jenna.love3541@meta.com,+91-99833-78581,Siwan,2025-06-05
EMP03542,Glenn Scott,Male,Marketing,SEO Specialist,31812,glenn.scott3542@meta.com,+91-61350-78030,Nizamabad,2025-12-16
EMP03543,Belinda Bennett,Female,Research and Development,R&D Project Manager,46937,belinda.bennett3543@meta.com,+91-62160-55177,Delhi,2025-08-04
EMP03544,Andrea Burnett,Female,Research and Development,R&D Project Manager,22300,andrea.burnett3544@meta.com,+91-91590-73498,Shimla,2025-08-22
EMP03545,Jordan Ewing,Female,Marketing,Digital Marketing Specialist,49172,jordan.ewing3545@meta.com,+91-97679-76632,Sasaram,2025-10-04
EMP03546,Latoya Gonzalez,Female,Research and Development,R&D Project Manager,15762,latoya.gonzalez3546@meta.com,+91-80131-48005,Purnia,2025-08-30
EMP03547,Lori Burns,Female,Marketing,Marketing Manager,31109,lori.burns3547@meta.com,+91-91280-77775,Fatehpur,2025-12-04
EMP03548,Jessica Edwards,Female,Marketing,Content Marketing Manager,48779,jessica.edwards3548@meta.com,+91-88181-55098,Bokaro,2025-02-11
EMP03549,Barbara Wolf,Female,IT,software engineer,16634,barbara.wolf3549@meta.com,+91-72665-35816,Kalyan-Dombivli,2025-02-08
EMP03550,Sarah Ramirez,Female,IT,ML engineer,35586,sarah.ramirez3550@meta.com,+91-73561-34726,Warangal,2025-09-04
EMP03551,Richard Frost,Male,IT,software engineer,42869,richard.frost3551@meta.com,+91-62323-58278,Kurnool,2025-01-22
EMP03552,Amanda Keller,Female,Marketing,Content Marketing Manager,35364,amanda.keller3552@meta.com,+91-91471-74950,Hyderabad,2025-10-20
EMP03553,Ashley Davila,Female,Marketing,SEO Specialist,37483,ashley.davila3553@meta.com,+91-64530-07371,Anantapuram,2025-09-05
EMP03554,Jessica Hall,Female,IT,software engineer,13719,jessica.hall3554@meta.com,+91-61049-57300,Suryapet,2025-05-12
EMP03555,Heather Young,Female,Marketing,Marketing Manager,32569,heather.young3555@meta.com,+91-98832-93413,Begusarai,2025-03-21
EMP03556,Kevin Farmer,Male,IT,data scientist,17445,kevin.farmer3556@meta.com,+91-93585-50107,Yamunanagar,2025-11-25
EMP03557,Christina Jensen,Female,Research and Development,Product Development Engineer,11892,christina.jensen3557@meta.com,+91-91628-29172,Mysore,2025-08-27
EMP03558,Laura Mendez,Female,Marketing,SEO Specialist,42213,laura.mendez3558@meta.com,+91-96238-38292,Shivpuri,2025-05-25
EMP03559,Caleb Sanchez,Male,Marketing,Content Marketing Manager,49604,caleb.sanchez3559@meta.com,+91-68446-27564,Korba,2025-07-10
EMP03560,Dana Lynch,Female,Marketing,Marketing Analyst,15751,dana.lynch3560@meta.com,+91-72423-68653,Muzaffarnagar,2025-07-24
EMP03561,Diana Smith,Female,IT,data scientist,44168,diana.smith3561@meta.com,+91-99215-43262,Raebareli,2025-10-14
EMP03562,Lauren Greene,Female,Research and Development,Product Development Engineer,38922,lauren.greene3562@meta.com,+91-84414-79915,Amroha,2025-08-13
EMP03563,Daniel Garcia,Male,Marketing,SEO Specialist,47258,daniel.garcia3563@meta.com,+91-99865-53677,Alappuzha,2025-03-31
EMP03564,Micheal Ramos,Male,Marketing,Marketing Manager,31260,micheal.ramos3564@meta.com,+91-95218-42407,Srikakulam,2025-06-12
EMP03565,Paul Johnson,Male,Marketing,Digital Marketing Specialist,15629,paul.johnson3565@meta.com,+91-70862-56586,Tiruppur,2025-09-30
EMP03566,Sierra Henry,Female,Research and Development,R&D Project Manager,37997,sierra.henry3566@meta.com,+91-87928-87107,Pondicherry,2025-06-29
EMP03567,Alex Romero,Male,Research and Development,Product Development Engineer,40350,alex.romero3567@meta.com,+91-61863-81372,Mango,2025-07-17
EMP03568,Lisa Watson,Female,Marketing,Digital Marketing Specialist,49393,lisa.watson3568@meta.com,+91-87599-13320,Ghaziabad,2025-04-03
EMP03569,Russell Vega,Male,Marketing,Marketing Manager,15409,russell.vega3569@meta.com,+91-76500-25075,Sambhal,2025-08-15
EMP03570,Christine Edwards,Female,Marketing,Marketing Analyst,39271,christine.edwards3570@meta.com,+91-92625-26197,Panipat,2025-02-03
EMP03571,David Roberts,Male,Marketing,SEO Specialist,48020,david.roberts3571@meta.com,+91-86256-53572,Nadiad,2025-10-23
EMP03572,Lindsay Harrison,Female,Marketing,Content Marketing Manager,27883,lindsay.harrison3572@meta.com,+91-84491-01936,Phusro,2025-05-22
EMP03573,Dana Wolfe,Female,Research and Development,R&D Project Manager,11907,dana.wolfe3573@meta.com,+91-63902-59818,Lucknow,2025-05-29
EMP03574,Jasmine Reed,Female,Research and Development,Research Analyst,42901,jasmine.reed3574@meta.com,+91-91273-92152,Jaipur,2025-03-13
EMP03575,John Ramsey,Male,Research and Development,R&D Engineer,40050,john.ramsey3575@meta.com,+91-85685-00117,Hubli–Dharwad,2025-06-24
EMP03576,Jeffrey Bailey,Male,IT,ML engineer,15129,jeffrey.bailey3576@meta.com,+91-73238-76120,Ambarnath,2025-10-03
EMP03577,Susan Green,Female,Marketing,SEO Specialist,34365,susan.green3577@meta.com,+91-66721-70274,Gulbarga,2025-05-27
EMP03578,Daniel Richards,Male,IT,data analytics,40651,daniel.richards3578@meta.com,+91-88326-00822,Vadodara,2025-04-29
EMP03579,Veronica Diaz,Female,Marketing,Digital Marketing Specialist,39267,veronica.diaz3579@meta.com,+91-99403-31682,Mysore,2025-06-24
EMP03580,Michelle Moore,Female,Research and Development,R&D Engineer,19083,michelle.moore3580@meta.com,+91-82968-19356,Chandrapur,2025-04-11
EMP03581,Bobby Frederick,Male,Research and Development,R&D Engineer,11373,bobby.frederick3581@meta.com,+91-95217-30494,Jalgaon,2025-11-14
EMP03582,Edward Garrison,Male,Marketing,Marketing Analyst,32514,edward.garrison3582@meta.com,+91-87936-41837,Gaya,2025-08-01
EMP03583,Crystal Collins,Female,IT,software engineer,12719,crystal.collins3583@meta.com,+91-72326-88524,Ahmednagar,2025-05-27
EMP03584,Shelby Oliver,Female,Research and Development,R&D Engineer,16523,shelby.oliver3584@meta.com,+91-68085-37111,Tumkur,2025-08-31
EMP03585,Kimberly Mcmahon,Female,IT,data scientist,42170,kimberly.mcmahon3585@meta.com,+91-66317-15418,Noida,2025-10-08
EMP03586,Alan Ali,Male,Marketing,Digital Marketing Specialist,38488,alan.ali3586@meta.com,+91-99873-90685,Jabalpur,2025-11-14
EMP03587,Raymond Adams,Male,Research and Development,Research Scientist,46909,raymond.adams3587@meta.com,+91-96826-73157,Deoghar,2025-03-30
EMP03588,Caleb Ford,Male,IT,software engineer,43343,caleb.ford3588@meta.com,+91-90005-11027,Mangalore,2025-01-22
EMP03589,Christian Frederick,Male,Research and Development,Research Analyst,35131,christian.frederick3589@meta.com,+91-65523-81882,Bangalore,2025-10-02
EMP03590,Gabriel Jackson,Male,Marketing,SEO Specialist,33097,gabriel.jackson3590@meta.com,+91-67910-33756,Anand,2025-09-15
EMP03591,Robin Mason,Female,Marketing,SEO Specialist,12538,robin.mason3591@meta.com,+91-74910-83138,Singrauli,2025-01-08
EMP03592,Brandy Williams,Female,IT,data scientist,40344,brandy.williams3592@meta.com,+91-69638-20948,Mira-Bhayandar,2025-11-22
EMP03593,Dana Lynch,Female,Marketing,Marketing Analyst,35007,dana.lynch3593@meta.com,+91-93366-74811,Chapra,2025-09-16
EMP03594,Rachel Ford,Female,IT,software engineer,10330,rachel.ford3594@meta.com,+91-68179-24270,Akola,2025-09-01
EMP03595,Michael Reeves,Male,Research and Development,R&D Engineer,22483,michael.reeves3595@meta.com,+91-71896-62471,Medininagar,2025-03-14
EMP03596,Paul Jones,Male,Research and Development,R&D Engineer,27601,paul.jones3596@meta.com,+91-80314-35480,Bhavnagar,2025-12-24
EMP03597,Aaron Murray,Male,IT,software engineer,33035,aaron.murray3597@meta.com,+91-68181-74766,Tenali,2025-04-16
EMP03598,Krista Barber,Female,Research and Development,R&D Project Manager,15586,krista.barber3598@meta.com,+91-80356-98036,Saharsa,2025-11-21
EMP03599,Heather Jacobs,Female,Research and Development,R&D Project Manager,13135,heather.jacobs3599@meta.com,+91-65374-06192,Chandrapur,2025-10-10
EMP03600,Joseph Russell,Male,IT,data analytics,13553,joseph.russell3600@meta.com,+91-82393-11523,Cuttack,2025-12-13
EMP03601,Renee Clark,Female,IT,ML engineer,21597,renee.clark3601@meta.com,+91-71423-04894,Bihar Sharif,2025-04-28
EMP03602,Ashley Strong,Female,Research and Development,Research Scientist,14376,ashley.strong3602@meta.com,+91-64102-75042,Gandhinagar,2025-11-18
EMP03603,Elijah Johnson,Male,Research and Development,R&D Engineer,35432,elijah.johnson3603@meta.com,+91-76438-95774,Davanagere,2025-01-12
EMP03604,Nicole Lewis,Female,IT,data analytics,35441,nicole.lewis3604@meta.com,+91-66348-07551,Hospet,2025-02-14
EMP03605,Sean Gibbs,Male,Marketing,Marketing Analyst,42942,sean.gibbs3605@meta.com,+91-93380-42131,Barasat,2025-05-15
EMP03606,James Thomas,Male,Research and Development,R&D Project Manager,36742,james.thomas3606@meta.com,+91-65463-34232,Bahraich,2025-10-30
EMP03607,Dawn Ross,Female,Marketing,Digital Marketing Specialist,21307,dawn.ross3607@meta.com,+91-64857-63370,Serampore,2025-04-12
EMP03608,Sonya Ford,Female,Research and Development,Research Scientist,46161,sonya.ford3608@meta.com,+91-93692-20805,Faridabad,2025-04-30
EMP03609,Danielle Thomas,Female,Research and Development,R&D Project Manager,25728,danielle.thomas3609@meta.com,+91-68894-99884,Sagar,2025-04-18
EMP03610,Jacqueline Bell,Female,IT,data analytics,48203,jacqueline.bell3610@meta.com,+91-71905-34846,Bhiwani,2025-03-03
EMP03611,Blake Carter,Male,IT,ML engineer,12848,blake.carter3611@meta.com,+91-70984-43724,Thane,2025-11-11
EMP03612,Timothy Melton,Male,Research and Development,Research Analyst,44633,timothy.melton3612@meta.com,+91-60078-02861,Jabalpur,2025-03-02
EMP03613,Heather Lee,Female,Research and Development,R&D Project Manager,11207,heather.lee3613@meta.com,+91-89078-87516,Hyderabad,2025-10-13
EMP03614,Willie Thomas,Male,Research and Development,R&D Engineer,40544,willie.thomas3614@meta.com,+91-99224-42359,Allahabad,2025-06-08
EMP03615,Allison Robinson,Female,Research and Development,R&D Project Manager,16465,allison.robinson3615@meta.com,+91-89671-99644,Nagpur,2025-01-23
EMP03616,Jerry Cook,Male,Marketing,Content Marketing Manager,40237,jerry.cook3616@meta.com,+91-66660-52988,Sri Ganganagar,2025-07-12
EMP03617,Lisa Mitchell,Female,Marketing,Marketing Manager,47130,lisa.mitchell3617@meta.com,+91-95855-03461,Hazaribagh,2025-10-21
EMP03618,Kevin Stephenson,Male,Research and Development,Product Development Engineer,39688,kevin.stephenson3618@meta.com,+91-66566-34925,Bhiwani,2025-08-06
EMP03619,Pamela Johnson,Female,Research and Development,Product Development Engineer,38987,pamela.johnson3619@meta.com,+91-86944-67609,Jamnagar,2025-06-12
EMP03620,Timothy Gray,Male,Research and Development,Product Development Engineer,44372,timothy.gray3620@meta.com,+91-71772-95276,Shimoga,2025-12-07
EMP03621,Charles Gill,Male,Marketing,SEO Specialist,46856,charles.gill3621@meta.com,+91-98446-59247,Tiruchirappalli,2025-07-04
EMP03622,Luis Hill,Male,IT,data analytics,23769,luis.hill3622@meta.com,+91-70265-45165,Kalyan-Dombivli,2025-01-08
EMP03623,Andrew Smith,Male,Research and Development,R&D Engineer,48562,andrew.smith3623@meta.com,+91-83783-70528,Jammu,2025-01-17
EMP03624,Jennifer Lee,Female,Research and Development,R&D Project Manager,14484,jennifer.lee3624@meta.com,+91-64160-72365,Purnia,2025-09-09
EMP03625,Kimberly Scott,Female,Marketing,Marketing Manager,45779,kimberly.scott3625@meta.com,+91-85317-71668,Mumbai,2025-07-13
EMP03626,William Martin,Male,Marketing,Digital Marketing Specialist,37688,william.martin3626@meta.com,+91-88989-24166,Bilaspur,2025-07-20
EMP03627,Monica Buchanan,Female,IT,ML engineer,10710,monica.buchanan3627@meta.com,+91-91608-28384,Bhind,2025-02-01
EMP03628,Thomas Martin,Male,Research and Development,R&D Project Manager,15021,thomas.martin3628@meta.com,+91-91123-68184,Raipur,2025-02-10
EMP03629,Bobby Stevens,Male,IT,data scientist,15162,bobby.stevens3629@meta.com,+91-71560-09386,Tadepalligudem,2025-08-31
EMP03630,Nicholas Watson,Male,Marketing,Marketing Manager,41619,nicholas.watson3630@meta.com,+91-89283-30998,Rampur,2025-06-24
EMP03631,Laura Kelley,Female,Research and Development,Research Scientist,37199,laura.kelley3631@meta.com,+91-87064-01157,Khammam,2025-09-18
EMP03632,Kelsey Contreras,Female,Marketing,Marketing Manager,13572,kelsey.contreras3632@meta.com,+91-99238-36054,Hindupur,2025-04-29
EMP03633,Paula Sanchez,Female,Marketing,SEO Specialist,11289,paula.sanchez3633@meta.com,+91-96686-64682,Raebareli,2025-02-03
EMP03634,Karen Murphy,Female,Marketing,Digital Marketing Specialist,27959,karen.murphy3634@meta.com,+91-85470-82956,Panchkula,2025-04-11
EMP03635,Valerie Esparza,Female,Research and Development,Research Scientist,44126,valerie.esparza3635@meta.com,+91-80895-62737,Gudivada,2025-04-15
EMP03636,Eric Roy,Male,Marketing,Marketing Manager,13222,eric.roy3636@meta.com,+91-62611-79792,Siliguri,2025-09-22
EMP03637,Kristen Richard,Female,Marketing,Marketing Manager,49977,kristen.richard3637@meta.com,+91-65100-69826,Kulti,2025-03-19
EMP03638,John Hernandez,Male,Marketing,Digital Marketing Specialist,30829,john.hernandez3638@meta.com,+91-71537-19867,Hosur,2025-10-21
EMP03639,Jonathan Gutierrez,Male,IT,data scientist,10170,jonathan.gutierrez3639@meta.com,+91-64871-29613,Gurgaon,2025-08-01
EMP03640,Lacey Evans,Female,Research and Development,Research Scientist,42345,lacey.evans3640@meta.com,+91-93650-60469,Ujjain,2025-03-18
EMP03641,Marcus Fry,Male,IT,ML engineer,47027,marcus.fry3641@meta.com,+91-62229-24754,Satara,2025-03-12
EMP03642,Tammy Brown,Female,Marketing,Marketing Manager,27869,tammy.brown3642@meta.com,+91-65176-08556,Bhiwani,2025-03-30
EMP03643,Christian Kennedy,Male,Research and Development,R&D Engineer,29020,christian.kennedy3643@meta.com,+91-83194-35058,Thoothukudi,2025-05-26
EMP03644,Teresa Wilson,Female,IT,data scientist,20641,teresa.wilson3644@meta.com,+91-79928-19525,Morbi,2025-02-10
EMP03645,Shawn Vasquez,Male,Marketing,Marketing Analyst,16817,shawn.vasquez3645@meta.com,+91-83154-82302,Giridih,2025-05-25
EMP03646,Daniel Jordan,Male,Marketing,SEO Specialist,30459,daniel.jordan3646@meta.com,+91-72035-60613,Baranagar,2025-04-01
EMP03647,David Ballard,Male,Research and Development,R&D Engineer,27569,david.ballard3647@meta.com,+91-88672-35530,Kozhikode,2025-10-09
EMP03648,Linda Watkins,Female,Marketing,Marketing Analyst,27290,linda.watkins3648@meta.com,+91-91513-49437,Salem,2025-02-23
EMP03649,Angela Hogan,Female,IT,data scientist,11722,angela.hogan3649@meta.com,+91-81841-62915,Jalgaon,2025-10-27
EMP03650,Joshua Vasquez,Male,Marketing,Marketing Manager,32838,joshua.vasquez3650@meta.com,+91-79866-07578,Saharanpur,2025-10-14
EMP03651,William Smith,Male,Research and Development,R&D Engineer,11397,william.smith3651@meta.com,+91-96855-19511,Patna,2025-02-28
EMP03652,Casey Terrell,Male,Research and Development,R&D Project Manager,27940,casey.terrell3652@meta.com,+91-71325-27471,Raurkela Industrial Township,2025-10-25
EMP03653,Maxwell Miller,Male,IT,ML engineer,15695,maxwell.miller3653@meta.com,+91-60614-57885,Tirupati,2025-10-20
EMP03654,Gary Williams,Male,Marketing,Content Marketing Manager,26426,gary.williams3654@meta.com,+91-71728-25846,Thane,2025-01-07
EMP03655,Lucas Underwood,Male,Marketing,Content Marketing Manager,16823,lucas.underwood3655@meta.com,+91-91385-13585,Tirunelveli,2025-10-27
EMP03656,Stephanie Holloway,Female,Research and Development,R&D Engineer,13275,stephanie.holloway3656@meta.com,+91-81371-84309,Moradabad,2025-10-26
EMP03657,Debra Carter,Female,Research and Development,Research Analyst,47869,debra.carter3657@meta.com,+91-89143-50485,Pudukkottai,2025-09-08
EMP03658,Duane Brown,Male,Marketing,Digital Marketing Specialist,32538,duane.brown3658@meta.com,+91-67164-26221,Sangli-Miraj & Kupwad,2025-10-16
EMP03659,Maria Graves,Female,Research and Development,Product Development Engineer,42128,maria.graves3659@meta.com,+91-63998-87573,Mehsana,2025-11-14
EMP03660,Lisa Barker,Female,Marketing,Marketing Manager,48110,lisa.barker3660@meta.com,+91-84840-96067,Singrauli,2025-01-25
EMP03661,Samuel Ortega,Male,Marketing,Digital Marketing Specialist,24348,samuel.ortega3661@meta.com,+91-98961-91297,Bidhannagar,2025-02-14
EMP03662,Heather Hicks,Female,Marketing,Content Marketing Manager,45605,heather.hicks3662@meta.com,+91-94816-22430,Rewa,2025-06-05
EMP03663,Jason Arias,Male,IT,software engineer,44205,jason.arias3663@meta.com,+91-86586-73634,Khammam,2025-04-30
EMP03664,Christine Murray,Female,Research and Development,Product Development Engineer,37724,christine.murray3664@meta.com,+91-85207-90700,Vadodara,2025-10-07
EMP03665,Bobby Matthews,Male,IT,software engineer,10314,bobby.matthews3665@meta.com,+91-92122-13298,Siliguri,2025-06-10
EMP03666,Brian Cole,Male,Research and Development,R&D Project Manager,49836,brian.cole3666@meta.com,+91-66463-39538,Srinagar,2025-07-25
EMP03667,Douglas Cook,Male,Research and Development,R&D Engineer,27676,douglas.cook3667@meta.com,+91-86292-92256,Adoni,2025-02-05
EMP03668,David Olson,Male,IT,data analytics,48440,david.olson3668@meta.com,+91-84567-19804,Bhilai,2025-03-28
EMP03669,Tara Barnett,Female,Marketing,Marketing Analyst,11127,tara.barnett3669@meta.com,+91-77405-50925,Bhagalpur,2025-01-31
EMP03670,Stephanie Douglas,Female,Marketing,Marketing Manager,13760,stephanie.douglas3670@meta.com,+91-64308-96803,Sangli-Miraj & Kupwad,2025-04-21
EMP03671,Jeanette Reed,Female,Marketing,Content Marketing Manager,27795,jeanette.reed3671@meta.com,+91-86711-58737,Patna,2025-05-12
EMP03672,Ryan Lara,Male,Marketing,SEO Specialist,43426,ryan.lara3672@meta.com,+91-67745-70677,Gaya,2025-07-12
EMP03673,Robert Ford,Male,IT,software engineer,15303,robert.ford3673@meta.com,+91-90806-54427,North Dumdum,2025-06-17
EMP03674,Joanna Cabrera,Female,Research and Development,R&D Project Manager,17469,joanna.cabrera3674@meta.com,+91-66761-74030,Satna,2025-01-16
EMP03675,Tina Walton,Female,Research and Development,Research Analyst,30385,tina.walton3675@meta.com,+91-72477-02619,Chennai,2025-11-08
EMP03676,Sheila Martin,Female,Marketing,Marketing Analyst,42568,sheila.martin3676@meta.com,+91-61285-74670,Vijayanagaram,2025-07-20
EMP03677,Brandon Hutchinson,Male,Marketing,Content Marketing Manager,11169,brandon.hutchinson3677@meta.com,+91-69626-50363,Siliguri,2025-10-20
EMP03678,Amanda Taylor,Female,IT,ML engineer,19481,amanda.taylor3678@meta.com,+91-64296-89779,Alwar,2025-12-11
EMP03679,Terry Le,Male,Marketing,SEO Specialist,35583,terry.le3679@meta.com,+91-94786-19287,Agra,2025-09-04
EMP03680,Patricia Welch,Female,IT,data analytics,32751,patricia.welch3680@meta.com,+91-61130-45436,Srikakulam,2025-11-16
EMP03681,Jacqueline Smith,Female,Research and Development,R&D Project Manager,13198,jacqueline.smith3681@meta.com,+91-65947-41862,Orai,2025-04-03
EMP03682,Christina Hernandez,Female,IT,software engineer,40219,christina.hernandez3682@meta.com,+91-91430-81903,Bettiah,2025-05-14
EMP03683,James Rice,Male,Marketing,Marketing Manager,15389,james.rice3683@meta.com,+91-72686-90392,Raebareli,2025-05-22
EMP03684,Patricia Simon,Female,Marketing,Marketing Analyst,11118,patricia.simon3684@meta.com,+91-90997-21046,Malda,2025-04-23
EMP03685,Tracey Garza,Female,Marketing,Digital Marketing Specialist,46408,tracey.garza3685@meta.com,+91-93672-98221,Siwan,2025-06-26
EMP03686,Zachary Bryant,Male,Research and Development,R&D Project Manager,37194,zachary.bryant3686@meta.com,+91-83573-16721,Thoothukudi,2025-02-19
EMP03687,Alicia Lawrence,Female,Research and Development,R&D Project Manager,13037,alicia.lawrence3687@meta.com,+91-90580-78832,Bhalswa Jahangir Pur,2025-12-11
EMP03688,Ronald Butler,Male,IT,ML engineer,16581,ronald.butler3688@meta.com,+91-71596-28050,Narasaraopet,2025-06-05
EMP03689,Laura Leblanc,Female,Research and Development,Research Analyst,33966,laura.leblanc3689@meta.com,+91-98797-33481,Hospet,2025-03-04
EMP03690,Dennis Snow,Male,IT,data scientist,29993,dennis.snow3690@meta.com,+91-86426-93386,Berhampur,2025-03-30
EMP03691,Michael Riley,Male,IT,software engineer,18550,michael.riley3691@meta.com,+91-72129-09396,Bilaspur,2025-04-09
EMP03692,April Perez,Female,IT,data analytics,20475,april.perez3692@meta.com,+91-60396-48899,Hospet,2025-10-24
EMP03693,David Smith,Male,Research and Development,Research Scientist,37634,david.smith3693@meta.com,+91-94209-61747,Aurangabad,2025-12-22
EMP03694,Robert Hill,Male,IT,software engineer,15098,robert.hill3694@meta.com,+91-66197-30360,Pune,2025-10-27
EMP03695,Kathryn Cisneros,Female,Marketing,SEO Specialist,45051,kathryn.cisneros3695@meta.com,+91-97028-34617,Ghaziabad,2025-09-29
EMP03696,Matthew Crawford,Male,Research and Development,R&D Engineer,49349,matthew.crawford3696@meta.com,+91-61712-58074,Deoghar,2025-12-30
EMP03697,Mary Roberts,Female,Marketing,SEO Specialist,41006,mary.roberts3697@meta.com,+91-93235-15220,Noida,2025-12-02
EMP03698,Tammy Price,Female,Marketing,Digital Marketing Specialist,26984,tammy.price3698@meta.com,+91-92798-94728,Belgaum,2025-10-06
EMP03699,Joshua Gonzalez,Male,Research and Development,R&D Engineer,19502,joshua.gonzalez3699@meta.com,+91-72766-72763,Vijayawada,2025-06-05
EMP03700,Erin Sanchez,Female,Research and Development,Product Development Engineer,30341,erin.sanchez3700@meta.com,+91-89021-31701,Jaipur,2025-01-29
EMP03701,Ariana Velazquez,Female,IT,data scientist,23302,ariana.velazquez3701@meta.com,+91-62914-23917,Gulbarga,2025-06-30
EMP03702,Mary Powers,Female,Marketing,Marketing Analyst,19653,mary.powers3702@meta.com,+91-87784-80446,Nanded,2025-12-08
EMP03703,Taylor Harris,Male,IT,data analytics,46807,taylor.harris3703@meta.com,+91-62672-51739,Mirzapur,2025-04-19
EMP03704,Brent Huynh,Male,Research and Development,Research Scientist,48154,brent.huynh3704@meta.com,+91-75195-08293,Hosur,2025-08-15
EMP03705,Michael Fowler,Male,Research and Development,R&D Project Manager,29882,michael.fowler3705@meta.com,+91-83331-00445,Bhatpara,2025-07-22
EMP03706,Shelley Farrell,Female,IT,software engineer,40767,shelley.farrell3706@meta.com,+91-99681-25192,Mathura,2025-07-05
EMP03707,Andrea Townsend,Female,Marketing,Marketing Manager,27599,andrea.townsend3707@meta.com,+91-93602-72233,Mangalore,2025-01-02
EMP03708,Brian Hayes,Male,IT,data scientist,19161,brian.hayes3708@meta.com,+91-69976-55210,Orai,2025-07-03
EMP03709,Ralph Chan,Male,IT,data scientist,11559,ralph.chan3709@meta.com,+91-76171-93044,Sasaram,2025-10-31
EMP03710,Barbara Contreras,Female,IT,data analytics,44766,barbara.contreras3710@meta.com,+91-76117-40965,Gwalior,2025-12-06
EMP03711,Heather Davis,Female,Marketing,Digital Marketing Specialist,31478,heather.davis3711@meta.com,+91-85438-30103,Munger,2025-04-07
EMP03712,Robert Gardner,Male,IT,data scientist,32157,robert.gardner3712@meta.com,+91-72942-42043,Surat,2025-08-11
EMP03713,Susan Oliver,Female,Marketing,Marketing Manager,23797,susan.oliver3713@meta.com,+91-62116-28974,Rajkot,2025-01-10
EMP03714,Carla Peterson,Female,Marketing,Marketing Analyst,24883,carla.peterson3714@meta.com,+91-71897-97538,Nangloi Jat,2025-06-12
EMP03715,William Todd,Male,IT,data analytics,49045,william.todd3715@meta.com,+91-87098-70195,Ludhiana,2025-10-24
EMP03716,Gerald Price,Male,Research and Development,R&D Engineer,44870,gerald.price3716@meta.com,+91-98550-36987,Vasai-Virar,2025-09-29
EMP03717,Renee Parsons,Female,Marketing,Marketing Analyst,22823,renee.parsons3717@meta.com,+91-63674-98747,Rajpur Sonarpur,2025-04-30
EMP03718,Carol Oliver,Female,IT,data analytics,20608,carol.oliver3718@meta.com,+91-99780-98631,Dharmavaram,2025-11-14
EMP03719,Nicole Jones,Female,IT,data analytics,47363,nicole.jones3719@meta.com,+91-76475-09559,Shimla,2025-11-02
EMP03720,Justin Ellis,Male,Research and Development,Research Analyst,27382,justin.ellis3720@meta.com,+91-78275-63741,Arrah,2025-01-04
EMP03721,Christina Williams,Female,Marketing,Content Marketing Manager,32889,christina.williams3721@meta.com,+91-63968-11647,Maheshtala,2025-01-18
EMP03722,Aaron Kelly,Male,Marketing,Content Marketing Manager,44308,aaron.kelly3722@meta.com,+91-86344-20695,Sonipat,2025-08-30
EMP03723,Jason Monroe,Male,Marketing,Marketing Manager,30607,jason.monroe3723@meta.com,+91-77834-93841,Madhyamgram,2025-06-22
EMP03724,Bradley Cameron,Male,Marketing,Marketing Analyst,36746,bradley.cameron3724@meta.com,+91-97434-61236,Guntakal,2025-12-28
EMP03725,Chad Snyder,Male,IT,data analytics,43942,chad.snyder3725@meta.com,+91-85383-91535,Jamshedpur,2025-06-11
EMP03726,Lori Johnson,Female,Research and Development,R&D Engineer,27883,lori.johnson3726@meta.com,+91-71010-19956,Sambalpur,2025-05-18
EMP03727,Eric Short,Male,Marketing,Marketing Manager,13488,eric.short3727@meta.com,+91-60186-84703,Agra,2025-09-01
EMP03728,Shannon Brown,Female,IT,ML engineer,18484,shannon.brown3728@meta.com,+91-77071-36184,Durgapur,2025-01-05
EMP03729,Michael Cabrera,Male,Research and Development,Product Development Engineer,12831,michael.cabrera3729@meta.com,+91-74632-16126,Parbhani,2025-12-14
EMP03730,Gina Jenkins,Female,IT,data scientist,35308,gina.jenkins3730@meta.com,+91-66863-46907,Bettiah,2025-03-31
EMP03731,Helen Jimenez,Female,IT,data scientist,25433,helen.jimenez3731@meta.com,+91-67540-89283,Vellore,2025-05-22
EMP03732,Alison Zavala,Female,IT,data analytics,33586,alison.zavala3732@meta.com,+91-65566-97375,Udaipur,2025-01-24
EMP03733,Michael Kane,Male,Research and Development,Research Analyst,28251,michael.kane3733@meta.com,+91-69154-13972,Mirzapur,2025-06-01
EMP03734,Brian Villegas,Male,Research and Development,Research Analyst,40002,brian.villegas3734@meta.com,+91-62402-46468,Ratlam,2025-08-09
EMP03735,Stephen White,Male,Research and Development,R&D Engineer,26326,stephen.white3735@meta.com,+91-70606-55447,Ballia,2025-03-13
EMP03736,Rebecca Hall,Female,Marketing,Marketing Analyst,30546,rebecca.hall3736@meta.com,+91-70111-15307,Bijapur,2025-06-13
EMP03737,Ryan Pierce,Male,IT,data scientist,24918,ryan.pierce3737@meta.com,+91-74222-88855,Jamalpur,2025-11-26
EMP03738,Timothy Berg,Male,Marketing,Content Marketing Manager,48280,timothy.berg3738@meta.com,+91-85691-61193,Suryapet,2025-07-22
EMP03739,Matthew Garcia,Male,Research and Development,R&D Project Manager,47163,matthew.garcia3739@meta.com,+91-90505-19922,Thane,2025-12-21
EMP03740,Emily Humphrey,Female,Research and Development,R&D Engineer,15287,emily.humphrey3740@meta.com,+91-83334-10025,Thoothukudi,2025-11-09
EMP03741,Debra Williams,Female,Marketing,Marketing Analyst,20833,debra.williams3741@meta.com,+91-76682-22830,Bareilly,2025-04-19
EMP03742,Tiffany Chapman,Female,Marketing,Digital Marketing Specialist,19506,tiffany.chapman3742@meta.com,+91-67894-06509,Morena,2025-09-07
EMP03743,Andrew Pacheco,Male,Marketing,SEO Specialist,41652,andrew.pacheco3743@meta.com,+91-89359-97938,Hosur,2025-04-26
EMP03744,Brian Moore,Male,Marketing,Digital Marketing Specialist,42868,brian.moore3744@meta.com,+91-74991-59792,Jodhpur,2025-12-12
EMP03745,Geoffrey Lopez,Male,Marketing,SEO Specialist,48937,geoffrey.lopez3745@meta.com,+91-86479-19817,Pune,2025-01-23
EMP03746,Julie Daniel,Female,Research and Development,Product Development Engineer,20141,julie.daniel3746@meta.com,+91-85873-16731,Gulbarga,2025-08-19
EMP03747,Oscar Short,Male,Marketing,Digital Marketing Specialist,13563,oscar.short3747@meta.com,+91-64780-13364,Vellore,2025-05-31
EMP03748,Abigail Mills,Female,IT,ML engineer,17332,abigail.mills3748@meta.com,+91-68432-67750,Gangtok,2025-12-30
EMP03749,Rebecca Parsons,Female,IT,data analytics,41994,rebecca.parsons3749@meta.com,+91-95870-01278,Kumbakonam,2025-04-23
EMP03750,Joshua Brown,Male,IT,data scientist,24703,joshua.brown3750@meta.com,+91-81581-33691,Pudukkottai,2025-11-17
EMP03751,Michael Lee,Male,IT,data scientist,43394,michael.lee3751@meta.com,+91-61328-27195,Hapur,2025-12-22
EMP03752,Chad Beltran,Male,Marketing,Content Marketing Manager,43741,chad.beltran3752@meta.com,+91-67575-94115,Adoni,2025-09-04
EMP03753,Dwayne Wright,Male,Research and Development,R&D Project Manager,19388,dwayne.wright3753@meta.com,+91-78755-25640,Bidar,2025-08-08
EMP03754,Dawn Jacobs,Female,Research and Development,Product Development Engineer,22879,dawn.jacobs3754@meta.com,+91-67585-97544,Raipur,2025-07-14
EMP03755,Jennifer Lee,Female,Marketing,Marketing Analyst,27962,jennifer.lee3755@meta.com,+91-61303-64938,Warangal,2025-04-28
EMP03756,Kenneth Olsen,Male,Research and Development,Research Scientist,43036,kenneth.olsen3756@meta.com,+91-65151-21649,Kulti,2025-04-03
EMP03757,Brandi Williams,Female,Research and Development,Research Analyst,20369,brandi.williams3757@meta.com,+91-66817-79628,Ranchi,2025-12-25
EMP03758,Monique Sutton,Female,IT,ML engineer,14442,monique.sutton3758@meta.com,+91-93854-43514,Bellary,2025-02-26
EMP03759,Destiny Rodriguez,Female,Marketing,Marketing Manager,33103,destiny.rodriguez3759@meta.com,+91-77337-64876,Bhagalpur,2025-10-03
EMP03760,Mitchell Greer,Male,Marketing,Content Marketing Manager,38616,mitchell.greer3760@meta.com,+91-90674-11047,Haridwar,2025-07-19
EMP03761,Brian Clark,Male,Marketing,Digital Marketing Specialist,49127,brian.clark3761@meta.com,+91-69990-00842,Siliguri,2025-03-01
EMP03762,Nathaniel Floyd,Male,Research and Development,Product Development Engineer,23327,nathaniel.floyd3762@meta.com,+91-96056-09105,Anantapur,2025-11-16
EMP03763,William Gray,Male,IT,data scientist,20544,william.gray3763@meta.com,+91-99223-63979,Raiganj,2025-03-24
EMP03764,Mary Hodge,Female,Research and Development,Product Development Engineer,49302,mary.hodge3764@meta.com,+91-72787-48409,Tiruppur,2025-10-13
EMP03765,Jasmine Lopez,Female,Marketing,Content Marketing Manager,47870,jasmine.lopez3765@meta.com,+91-81071-46514,Unnao,2025-02-13
EMP03766,John Hill,Male,Marketing,Content Marketing Manager,23389,john.hill3766@meta.com,+91-65575-61910,Nizamabad,2025-03-24
EMP03767,April Ford,Female,IT,ML engineer,46397,april.ford3767@meta.com,+91-63409-31381,Allahabad,2025-04-13
EMP03768,Paul Warren,Male,Marketing,SEO Specialist,18554,paul.warren3768@meta.com,+91-82415-85088,Haridwar,2025-07-01
EMP03769,Brian Mitchell,Male,IT,software engineer,27391,brian.mitchell3769@meta.com,+91-71501-71293,Parbhani,2025-08-03
EMP03770,Cassandra Hammond,Female,Research and Development,Product Development Engineer,43624,cassandra.hammond3770@meta.com,+91-70945-26293,Bettiah,2025-04-20
EMP03771,Ana Gibson,Female,Marketing,Content Marketing Manager,26899,ana.gibson3771@meta.com,+91-63677-46902,Rajahmundry,2025-06-17
EMP03772,Jerry Barker,Male,Research and Development,R&D Engineer,10187,jerry.barker3772@meta.com,+91-89737-39234,Morena,2025-05-29
EMP03773,Tracey Nelson,Female,Research and Development,R&D Project Manager,24031,tracey.nelson3773@meta.com,+91-80804-85796,Muzaffarnagar,2025-03-26
EMP03774,Jeffrey Anderson,Male,Marketing,SEO Specialist,31029,jeffrey.anderson3774@meta.com,+91-61168-86814,Shivpuri,2025-07-10
EMP03775,Janice Downs,Female,Marketing,Content Marketing Manager,33968,janice.downs3775@meta.com,+91-86205-53744,Bhubaneswar,2025-05-02
EMP03776,Debra Wood,Female,Marketing,SEO Specialist,44089,debra.wood3776@meta.com,+91-75930-20444,Navi Mumbai,2025-06-03
EMP03777,Dillon Barrett,Male,Research and Development,R&D Project Manager,12520,dillon.barrett3777@meta.com,+91-92719-13520,Sambhal,2025-11-21
EMP03778,Alicia Bradley,Female,Marketing,Marketing Analyst,11663,alicia.bradley3778@meta.com,+91-75963-08723,New Delhi,2025-11-24
EMP03779,Stephanie King,Female,Research and Development,R&D Engineer,18308,stephanie.king3779@meta.com,+91-78701-82306,Miryalaguda,2025-06-03
EMP03780,Savannah Andrews,Female,IT,data analytics,25902,savannah.andrews3780@meta.com,+91-63294-67236,Mehsana,2025-09-07
EMP03781,Vanessa Smith,Female,Research and Development,R&D Engineer,15268,vanessa.smith3781@meta.com,+91-91909-58326,Khammam,2025-05-09
EMP03782,Patricia Carrillo,Female,Research and Development,R&D Project Manager,36022,patricia.carrillo3782@meta.com,+91-67405-64953,Tezpur,2025-08-31
EMP03783,Gloria Castillo,Female,Research and Development,R&D Project Manager,15329,gloria.castillo3783@meta.com,+91-97504-05985,Moradabad,2025-05-27
EMP03784,Morgan Le,Female,Research and Development,Product Development Engineer,22723,morgan.le3784@meta.com,+91-70697-24894,Chandrapur,2025-07-23
EMP03785,Michael Nelson,Male,Research and Development,Research Analyst,32235,michael.nelson3785@meta.com,+91-73782-92143,Rewa,2025-02-12
EMP03786,Michael Yu,Male,Research and Development,Research Analyst,37904,michael.yu3786@meta.com,+91-81499-39338,Jalandhar,2025-11-16
EMP03787,James Weber,Male,Research and Development,Research Scientist,34081,james.weber3787@meta.com,+91-74810-33847,Anantapur,2025-05-23
EMP03788,Amber Rogers,Female,IT,data analytics,36334,amber.rogers3788@meta.com,+91-85214-38257,New Delhi,2025-04-26
EMP03789,Joseph Snyder,Male,Research and Development,Research Scientist,27263,joseph.snyder3789@meta.com,+91-76323-51891,Kishanganj,2025-01-05
EMP03790,Alexis Jones,Female,Marketing,SEO Specialist,31094,alexis.jones3790@meta.com,+91-72697-00150,Ahmednagar,2025-01-21
EMP03791,Jason Williams,Male,IT,data scientist,37402,jason.williams3791@meta.com,+91-94055-54269,Haridwar,2025-10-25
EMP03792,Joseph Rodgers,Male,Marketing,Digital Marketing Specialist,42386,joseph.rodgers3792@meta.com,+91-97317-79100,Motihari,2025-03-10
EMP03793,Jeremy Taylor,Male,Marketing,Digital Marketing Specialist,34145,jeremy.taylor3793@meta.com,+91-74991-49433,Bellary,2025-03-01
EMP03794,Jacqueline Johnson,Female,IT,ML engineer,18932,jacqueline.johnson3794@meta.com,+91-72080-78047,Dharmavaram,2025-05-31
EMP03795,Jennifer Esparza,Female,Marketing,Marketing Manager,45338,jennifer.esparza3795@meta.com,+91-72535-43479,Bhagalpur,2025-02-18
EMP03796,Brandon Mclean,Male,IT,data scientist,17555,brandon.mclean3796@meta.com,+91-88253-14007,Tiruchirappalli,2025-11-23
EMP03797,Robert Moody,Male,Marketing,Marketing Analyst,16854,robert.moody3797@meta.com,+91-81274-36591,Varanasi,2025-08-21
EMP03798,John Hill,Male,Research and Development,R&D Engineer,39180,john.hill3798@meta.com,+91-90826-89239,Chennai,2025-12-02
EMP03799,Timothy Burns,Male,IT,data scientist,14350,timothy.burns3799@meta.com,+91-62673-38339,Bulandshahr,2025-02-12
EMP03800,Stacy Garcia,Female,Marketing,Marketing Analyst,47307,stacy.garcia3800@meta.com,+91-90762-26513,Ramgarh,2025-02-06
EMP03801,Donald Simmons,Male,IT,software engineer,23423,donald.simmons3801@meta.com,+91-90427-48909,Raurkela Industrial Township,2025-02-20
EMP03802,Paul Hawkins,Male,IT,ML engineer,36689,paul.hawkins3802@meta.com,+91-96308-55316,Indore,2025-06-19
EMP03803,Nancy Hooper,Female,Research and Development,R&D Project Manager,35150,nancy.hooper3803@meta.com,+91-71696-82003,Panipat,2025-07-15
EMP03804,Cheryl Short,Female,IT,data scientist,24188,cheryl.short3804@meta.com,+91-97840-36612,Ranchi,2025-09-26
EMP03805,Nicholas Gonzalez,Male,Research and Development,R&D Project Manager,31874,nicholas.gonzalez3805@meta.com,+91-64313-40566,Davanagere,2025-08-17
EMP03806,Brandi Murray,Female,IT,data analytics,26296,brandi.murray3806@meta.com,+91-73218-35187,Kamarhati,2025-03-24
EMP03807,Luke Johnson,Male,Marketing,Marketing Manager,37893,luke.johnson3807@meta.com,+91-73227-78202,Ambarnath,2025-07-30
EMP03808,Lori Beard,Female,Marketing,SEO Specialist,33820,lori.beard3808@meta.com,+91-62063-28560,Bhiwani,2025-10-27
EMP03809,Brittany Brown,Female,IT,software engineer,17924,brittany.brown3809@meta.com,+91-62223-05858,Bhalswa Jahangir Pur,2025-05-11
EMP03810,James Jackson,Male,Research and Development,R&D Project Manager,36796,james.jackson3810@meta.com,+91-60549-56336,Katihar,2025-03-21
EMP03811,Christopher Cameron,Male,Marketing,Digital Marketing Specialist,40434,christopher.cameron3811@meta.com,+91-93336-88311,Moradabad,2025-09-10
EMP03812,Angela Moore,Female,IT,software engineer,49518,angela.moore3812@meta.com,+91-71378-32871,Jamnagar,2025-08-06
EMP03813,Jennifer Hamilton,Female,IT,ML engineer,21448,jennifer.hamilton3813@meta.com,+91-75125-02777,Shimoga,2025-12-07
EMP03814,Michelle Reeves,Female,Marketing,SEO Specialist,39452,michelle.reeves3814@meta.com,+91-71222-39379,Bidhannagar,2025-09-09
EMP03815,Brooke Osborn,Female,Research and Development,Research Analyst,23374,brooke.osborn3815@meta.com,+91-77224-44079,Sultan Pur Majra,2025-06-13
EMP03816,Jessica Carr,Female,Research and Development,R&D Engineer,39755,jessica.carr3816@meta.com,+91-99387-89506,Alwar,2025-10-11
EMP03817,Emily Obrien,Female,IT,software engineer,26046,emily.obrien3817@meta.com,+91-97999-96683,Thiruvananthapuram,2025-03-06
EMP03818,Jared Bennett,Male,Marketing,Content Marketing Manager,40635,jared.bennett3818@meta.com,+91-91033-09373,Mysore,2025-02-19
EMP03819,Shaun Wilson,Male,Marketing,Marketing Analyst,49004,shaun.wilson3819@meta.com,+91-65478-80560,Meerut,2025-02-06
EMP03820,Crystal Graves,Female,IT,data analytics,10513,crystal.graves3820@meta.com,+91-67856-34620,Karaikudi,2025-01-25
EMP03821,Karen Blankenship,Female,Research and Development,Research Scientist,16325,karen.blankenship3821@meta.com,+91-96940-23145,Meerut,2025-03-06
EMP03822,Joseph Ryan,Male,Research and Development,Research Analyst,39327,joseph.ryan3822@meta.com,+91-65012-41967,Cuttack,2025-03-06
EMP03823,Cynthia Williams,Female,Marketing,Marketing Analyst,19180,cynthia.williams3823@meta.com,+91-69209-85580,New Delhi,2025-07-29
EMP03824,Kimberly Miller,Female,IT,software engineer,39023,kimberly.miller3824@meta.com,+91-77006-83700,Rampur,2025-12-21
EMP03825,Debbie Dunn,Female,Research and Development,Product Development Engineer,11059,debbie.dunn3825@meta.com,+91-65492-03931,Varanasi,2025-10-08
EMP03826,Jeffrey Horn,Male,IT,software engineer,19740,jeffrey.horn3826@meta.com,+91-82495-42138,Kolhapur,2025-01-11
EMP03827,Rebekah Walker,Female,Marketing,Marketing Manager,39463,rebekah.walker3827@meta.com,+91-92815-66624,Kadapa,2025-12-20
EMP03828,Charles Ramos,Male,IT,software engineer,29371,charles.ramos3828@meta.com,+91-89972-67878,Bongaigaon,2025-08-14
EMP03829,Angela Wolf,Female,Research and Development,Research Analyst,43949,angela.wolf3829@meta.com,+91-83311-79615,Dehradun,2025-01-28
EMP03830,Melanie Haney,Female,Marketing,SEO Specialist,18290,melanie.haney3830@meta.com,+91-81577-29397,Ludhiana,2025-10-29
EMP03831,Andrew Smith,Male,Marketing,SEO Specialist,42033,andrew.smith3831@meta.com,+91-86088-91472,Nagpur,2025-09-08
EMP03832,Scott Sharp,Male,IT,ML engineer,20949,scott.sharp3832@meta.com,+91-84732-84222,North Dumdum,2025-08-22
EMP03833,Christopher Harmon,Male,Marketing,Content Marketing Manager,37485,christopher.harmon3833@meta.com,+91-71888-20919,Gwalior,2025-05-14
EMP03834,Melissa Castillo,Female,Research and Development,R&D Project Manager,10480,melissa.castillo3834@meta.com,+91-72282-40546,Bahraich,2025-09-09
EMP03835,Rachel Ryan,Female,IT,data scientist,21955,rachel.ryan3835@meta.com,+91-68869-90362,Howrah,2025-05-24
EMP03836,Richard Goodman,Male,IT,data scientist,24817,richard.goodman3836@meta.com,+91-96537-28713,Jalgaon,2025-07-30
EMP03837,William Edwards,Male,Research and Development,R&D Engineer,36405,william.edwards3837@meta.com,+91-94274-33630,Dibrugarh,2025-10-23
EMP03838,Maria Goodwin,Female,Research and Development,Research Analyst,17485,maria.goodwin3838@meta.com,+91-77823-36541,Kozhikode,2025-06-11
EMP03839,Angela Hess,Female,IT,data scientist,15815,angela.hess3839@meta.com,+91-91942-27860,Tumkur,2025-05-13
EMP03840,John Kent,Male,Marketing,Content Marketing Manager,21287,john.kent3840@meta.com,+91-86403-96199,Saharanpur,2025-05-14
EMP03841,Christopher Hines,Male,Marketing,Marketing Analyst,27712,christopher.hines3841@meta.com,+91-93019-46625,Satara,2025-01-09
EMP03842,Jamie Williams,Female,Marketing,Digital Marketing Specialist,32834,jamie.williams3842@meta.com,+91-62294-82364,Bhind,2025-06-19
EMP03843,Alexander Greene,Male,Marketing,Content Marketing Manager,20061,alexander.greene3843@meta.com,+91-77885-94054,Bhilwara,2025-07-06
EMP03844,Stacey Gray,Female,IT,data scientist,27901,stacey.gray3844@meta.com,+91-72923-45377,Hubli–Dharwad,2025-09-18
EMP03845,Isaiah Black,Male,Marketing,Digital Marketing Specialist,16614,isaiah.black3845@meta.com,+91-86242-36109,Machilipatnam,2025-02-13
EMP03846,James Martinez,Male,Research and Development,Product Development Engineer,43730,james.martinez3846@meta.com,+91-94287-49891,Jalgaon,2025-01-02
EMP03847,Rebecca Hunt,Female,IT,software engineer,16365,rebecca.hunt3847@meta.com,+91-96215-17490,Uluberia,2025-08-28
EMP03848,Matthew Diaz,Male,Research and Development,Research Scientist,32467,matthew.diaz3848@meta.com,+91-77549-07008,Gangtok,2025-10-27
EMP03849,Jaime Williams,Female,Research and Development,R&D Project Manager,45009,jaime.williams3849@meta.com,+91-86114-10183,Nandyal,2025-06-01
EMP03850,Amy Clark,Female,IT,data scientist,20907,amy.clark3850@meta.com,+91-88856-96017,Madanapalle,2025-06-26
EMP03851,Savannah Grant,Female,Research and Development,Research Analyst,24665,savannah.grant3851@meta.com,+91-65903-89207,Pune,2025-03-19
EMP03852,Patricia Osborne,Female,Marketing,Content Marketing Manager,47678,patricia.osborne3852@meta.com,+91-99481-35044,Cuttack,2025-01-28
EMP03853,Amy Adams,Female,Research and Development,R&D Engineer,47889,amy.adams3853@meta.com,+91-88402-20827,Bhilai,2025-09-28
EMP03854,Sean King,Male,IT,ML engineer,47256,sean.king3854@meta.com,+91-88549-65827,Miryalaguda,2025-09-23
EMP03855,Suzanne Rodgers,Female,IT,data scientist,15274,suzanne.rodgers3855@meta.com,+91-72506-67034,Rampur,2025-04-26
EMP03856,Tonya Schneider,Female,IT,data analytics,27718,tonya.schneider3856@meta.com,+91-73189-75031,Panchkula,2025-08-10
EMP03857,Spencer Wright,Male,Research and Development,R&D Project Manager,28362,spencer.wright3857@meta.com,+91-97959-70442,Burhanpur,2025-10-21
EMP03858,Michelle Lopez,Female,Research and Development,R&D Engineer,43589,michelle.lopez3858@meta.com,+91-84044-39494,Silchar,2025-11-05
EMP03859,Debra Moore,Female,IT,data scientist,30113,debra.moore3859@meta.com,+91-97760-69852,Ajmer,2025-07-13
EMP03860,Michael Montgomery,Male,IT,data analytics,17316,michael.montgomery3860@meta.com,+91-87872-19913,Tirunelveli,2025-04-13
EMP03861,Kelly Brewer,Female,Research and Development,R&D Project Manager,10560,kelly.brewer3861@meta.com,+91-74453-80241,Vellore,2025-03-17
EMP03862,Edward Smith,Male,Marketing,SEO Specialist,32141,edward.smith3862@meta.com,+91-83336-72176,Bikaner,2025-02-28
EMP03863,Jacob Hardy,Male,Research and Development,R&D Engineer,19210,jacob.hardy3863@meta.com,+91-72027-02595,Kakinada,2025-04-06
EMP03864,Brian Yu,Male,Marketing,Content Marketing Manager,39227,brian.yu3864@meta.com,+91-74071-27859,Gwalior,2025-04-22
EMP03865,Julia Williams,Female,Research and Development,Product Development Engineer,32742,julia.williams3865@meta.com,+91-60656-11024,Jalna,2025-05-27
EMP03866,Theresa Welch,Female,Marketing,Marketing Analyst,10461,theresa.welch3866@meta.com,+91-80742-69021,Raichur,2025-03-10
EMP03867,Tracy Brooks,Male,Marketing,Content Marketing Manager,37691,tracy.brooks3867@meta.com,+91-86514-22006,Kalyan-Dombivli,2025-05-08
EMP03868,Cody Kramer,Male,IT,data analytics,39883,cody.kramer3868@meta.com,+91-79429-26023,Mau,2025-08-04
EMP03869,Joshua Lopez,Male,Research and Development,Research Analyst,45123,joshua.lopez3869@meta.com,+91-65606-62878,Lucknow,2025-10-24
EMP03870,Michael Harrison,Male,IT,data scientist,14161,michael.harrison3870@meta.com,+91-97593-69260,Bulandshahr,2025-01-20
EMP03871,Ricky Roy,Male,IT,data analytics,20374,ricky.roy3871@meta.com,+91-71768-68275,Kamarhati,2025-01-18
EMP03872,Nicholas Richardson,Male,Research and Development,Research Analyst,27528,nicholas.richardson3872@meta.com,+91-60927-21222,Bally,2025-06-03
EMP03873,Gary Compton,Male,Marketing,Content Marketing Manager,31728,gary.compton3873@meta.com,+91-84415-56063,Phagwara,2025-02-05
EMP03874,Ronald Brown,Male,IT,ML engineer,25730,ronald.brown3874@meta.com,+91-97719-99071,Agra,2025-06-04
EMP03875,Dylan Fowler,Male,Marketing,Marketing Manager,31104,dylan.fowler3875@meta.com,+91-92031-82894,Mathura,2025-08-28
EMP03876,Christine Robinson,Female,Research and Development,R&D Project Manager,37198,christine.robinson3876@meta.com,+91-66964-19183,Jammu,2025-10-28
EMP03877,Sandra Scott,Female,Marketing,Content Marketing Manager,15774,sandra.scott3877@meta.com,+91-69680-75935,Bhilai,2025-04-02
EMP03878,James Walker,Male,IT,data analytics,32578,james.walker3878@meta.com,+91-61418-83175,Kota,2025-01-14
EMP03879,Brandon Dawson,Male,Marketing,Content Marketing Manager,37298,brandon.dawson3879@meta.com,+91-68253-03676,Hajipur,2025-02-14
EMP03880,Julie Johns,Female,Research and Development,Research Scientist,26990,julie.johns3880@meta.com,+91-78748-88583,Tinsukia,2025-03-06
EMP03881,Amber Cantrell,Female,IT,data scientist,20839,amber.cantrell3881@meta.com,+91-82263-68602,Guntakal,2025-09-02
EMP03882,Brandon Shelton,Male,IT,data scientist,25643,brandon.shelton3882@meta.com,+91-73138-01308,Thrissur,2025-07-09
EMP03883,Brandy Schneider,Female,IT,data scientist,20967,brandy.schneider3883@meta.com,+91-98233-32839,Thane,2025-11-28
EMP03884,Stephen Bond,Male,Marketing,Marketing Analyst,30668,stephen.bond3884@meta.com,+91-97667-12209,Gwalior,2025-01-23
EMP03885,Tamara Carr,Female,Research and Development,Research Scientist,42825,tamara.carr3885@meta.com,+91-63533-84638,Khammam,2025-12-06
EMP03886,William Davis,Male,Research and Development,R&D Project Manager,49123,william.davis3886@meta.com,+91-86967-74121,Suryapet,2025-11-11
EMP03887,Nathan Warren,Male,Research and Development,R&D Project Manager,34971,nathan.warren3887@meta.com,+91-83736-88053,Hyderabad,2025-10-06
EMP03888,Susan Clark,Female,Marketing,Content Marketing Manager,20025,susan.clark3888@meta.com,+91-95089-73013,Ludhiana,2025-11-01
EMP03889,Kevin Cook,Male,Marketing,SEO Specialist,17425,kevin.cook3889@meta.com,+91-70704-99208,Gorakhpur,2025-02-08
EMP03890,Krista Monroe,Female,Research and Development,Research Scientist,16553,krista.monroe3890@meta.com,+91-65821-98365,Sambalpur,2025-04-14
EMP03891,Michael Cook,Male,IT,ML engineer,33553,michael.cook3891@meta.com,+91-76264-92438,Bilaspur,2025-10-07
EMP03892,Monica Morrow,Female,IT,data scientist,20391,monica.morrow3892@meta.com,+91-89860-15478,Vijayanagaram,2025-02-12
EMP03893,Thomas Khan,Male,Marketing,Marketing Manager,12956,thomas.khan3893@meta.com,+91-71470-65369,Katni,2025-09-22
EMP03894,Isabel Conner,Female,IT,data scientist,32702,isabel.conner3894@meta.com,+91-66908-83131,Howrah,2025-09-30
EMP03895,Angela Munoz,Female,IT,data analytics,25238,angela.munoz3895@meta.com,+91-88469-46687,Hajipur,2025-04-12
EMP03896,Mark Andrews,Male,IT,ML engineer,34163,mark.andrews3896@meta.com,+91-68874-78817,Panvel,2025-01-06
EMP03897,Ebony Hall,Female,IT,ML engineer,27855,ebony.hall3897@meta.com,+91-63598-65226,Tiruvottiyur,2025-04-16
EMP03898,Ryan Willis,Male,Marketing,Marketing Manager,19357,ryan.willis3898@meta.com,+91-62057-72012,Jammu,2025-09-09
EMP03899,Carolyn Sharp,Female,Marketing,Content Marketing Manager,40683,carolyn.sharp3899@meta.com,+91-91892-37293,Medininagar,2025-06-04
EMP03900,Lindsay Hernandez,Female,Research and Development,Product Development Engineer,32062,lindsay.hernandez3900@meta.com,+91-80585-55032,Bidhannagar,2025-08-23
EMP03901,Donald Morgan,Male,Research and Development,Research Analyst,43777,donald.morgan3901@meta.com,+91-64789-13325,Tiruchirappalli,2025-08-11
EMP03902,Dawn Johnson,Female,IT,data analytics,21613,dawn.johnson3902@meta.com,+91-62812-11062,Bikaner,2025-03-13
EMP03903,Kelly Russell,Female,Research and Development,Research Analyst,11862,kelly.russell3903@meta.com,+91-73331-39172,Ambarnath,2025-01-15
EMP03904,Mark Strickland,Male,Research and Development,Research Analyst,28310,mark.strickland3904@meta.com,+91-68772-65126,Patiala,2025-05-17
EMP03905,Johnathan Foster,Male,Research and Development,R&D Project Manager,26987,johnathan.foster3905@meta.com,+91-84089-79028,Ranchi,2025-06-01
EMP03906,Joseph Davis,Male,Marketing,Digital Marketing Specialist,14698,joseph.davis3906@meta.com,+91-89022-17417,Purnia,2025-06-14
EMP03907,Phyllis Smith,Female,Research and Development,Product Development Engineer,22516,phyllis.smith3907@meta.com,+91-86128-64415,Nellore,2025-08-19
EMP03908,Shelly Brown,Female,Research and Development,R&D Engineer,19438,shelly.brown3908@meta.com,+91-76435-31255,Karimnagar,2025-04-03
EMP03909,Jeanette Wilkerson,Female,Marketing,Marketing Analyst,39662,jeanette.wilkerson3909@meta.com,+91-83386-69041,Indore,2025-04-27
EMP03910,Jasmine Cohen,Female,Research and Development,R&D Engineer,37228,jasmine.cohen3910@meta.com,+91-88272-10300,Pondicherry,2025-01-30
EMP03911,Teresa Lewis,Female,Research and Development,R&D Engineer,11358,teresa.lewis3911@meta.com,+91-81758-22046,Bellary,2025-09-12
EMP03912,Dawn Peterson,Female,Marketing,Marketing Analyst,29087,dawn.peterson3912@meta.com,+91-73431-45218,Chinsurah,2025-10-31
EMP03913,Katrina White,Female,Marketing,Marketing Manager,23883,katrina.white3913@meta.com,+91-72966-28512,Shivpuri,2025-12-30
EMP03914,Lori Washington,Female,Marketing,Digital Marketing Specialist,16894,lori.washington3914@meta.com,+91-82748-40566,Bhagalpur,2025-03-22
EMP03915,Victoria Guerra,Female,Research and Development,Product Development Engineer,14031,victoria.guerra3915@meta.com,+91-62003-27174,Thane,2025-08-18
EMP03916,Audrey Torres,Female,Research and Development,Research Analyst,14391,audrey.torres3916@meta.com,+91-82417-38947,Dehri,2025-10-29
EMP03917,Victoria Deleon,Female,Research and Development,Research Scientist,38520,victoria.deleon3917@meta.com,+91-74182-49720,Bihar Sharif,2025-08-27
EMP03918,David Roy,Male,IT,data scientist,46409,david.roy3918@meta.com,+91-64426-82119,Vellore,2025-10-11
EMP03919,Angel Hall,Male,Research and Development,Product Development Engineer,19304,angel.hall3919@meta.com,+91-96854-36936,Srikakulam,2025-11-23
EMP03920,Misty Brown,Female,IT,ML engineer,29667,misty.brown3920@meta.com,+91-95806-46468,Bidhannagar,2025-03-25
EMP03921,Michael Smith,Male,Research and Development,Product Development Engineer,16499,michael.smith3921@meta.com,+91-98897-60481,Guna,2025-07-21
EMP03922,Isabella Cunningham,Female,IT,data analytics,42107,isabella.cunningham3922@meta.com,+91-98232-34408,Ramagundam,2025-07-04
EMP03923,Donna White,Female,IT,ML engineer,10593,donna.white3923@meta.com,+91-81157-50497,Bidhannagar,2025-11-27
EMP03924,William Aguilar,Male,IT,data analytics,49140,william.aguilar3924@meta.com,+91-69465-57615,Sambhal,2025-07-11
EMP03925,Nicole Mccarthy,Female,Research and Development,Research Scientist,37145,nicole.mccarthy3925@meta.com,+91-92850-85191,Chapra,2025-06-04
EMP03926,Rhonda Kane,Female,Marketing,SEO Specialist,15465,rhonda.kane3926@meta.com,+91-93485-39834,Suryapet,2025-01-27
EMP03927,Maria Malone,Female,IT,data scientist,22918,maria.malone3927@meta.com,+91-71972-67135,Hubli–Dharwad,2025-08-22
EMP03928,Stacy Phillips,Female,Marketing,Content Marketing Manager,46556,stacy.phillips3928@meta.com,+91-84924-85996,Adoni,2025-12-15
EMP03929,Janet Crane,Female,IT,ML engineer,29658,janet.crane3929@meta.com,+91-91712-86854,Siliguri,2025-11-01
EMP03930,Erin Garcia,Female,Marketing,Marketing Manager,42834,erin.garcia3930@meta.com,+91-67402-77099,Orai,2025-10-19
EMP03931,Stacy Hudson,Female,Marketing,SEO Specialist,35106,stacy.hudson3931@meta.com,+91-60109-64721,Akola,2025-05-08
EMP03932,Stephanie Rodriguez,Female,Marketing,Digital Marketing Specialist,19241,stephanie.rodriguez3932@meta.com,+91-66199-64617,Durg,2025-01-12
EMP03933,Richard Parsons,Male,Marketing,Marketing Analyst,11726,richard.parsons3933@meta.com,+91-81854-21607,Sambhal,2025-06-13
EMP03934,Kristy Yu,Female,Research and Development,R&D Project Manager,46732,kristy.yu3934@meta.com,+91-74890-58456,Vellore,2025-09-04
EMP03935,Lisa Johnson,Female,Research and Development,Product Development Engineer,20001,lisa.johnson3935@meta.com,+91-69618-21012,Bhatpara,2025-04-01
EMP03936,Jennifer Wilson,Female,Research and Development,R&D Project Manager,29007,jennifer.wilson3936@meta.com,+91-90680-57551,Ludhiana,2025-08-30
EMP03937,Martin Thompson,Male,IT,ML engineer,29877,martin.thompson3937@meta.com,+91-64624-49097,Tirupati,2025-09-28
EMP03938,Kristina Vang,Female,Research and Development,Research Analyst,45318,kristina.vang3938@meta.com,+91-61164-86016,Saharsa,2025-09-13
EMP03939,Lisa Nguyen,Female,IT,ML engineer,23911,lisa.nguyen3939@meta.com,+91-89956-05977,Latur,2025-04-14
EMP03940,Steven Meyer,Male,Research and Development,Research Scientist,12000,steven.meyer3940@meta.com,+91-89291-69676,Anantapuram,2025-11-09
EMP03941,Samantha Merritt,Female,Research and Development,Research Analyst,18072,samantha.merritt3941@meta.com,+91-68798-90985,Kochi,2025-07-18
EMP03942,Vicki Barrera,Female,Research and Development,Product Development Engineer,21407,vicki.barrera3942@meta.com,+91-79240-28802,Mau,2025-11-27
EMP03943,Amanda Ballard,Female,Marketing,SEO Specialist,30633,amanda.ballard3943@meta.com,+91-92706-18098,Machilipatnam,2025-04-01
EMP03944,Leslie Howard,Female,IT,data scientist,17589,leslie.howard3944@meta.com,+91-95198-79403,Raebareli,2025-12-31
EMP03945,Matthew Davis,Male,Research and Development,Research Scientist,12561,matthew.davis3945@meta.com,+91-89528-12059,Chapra,2025-06-18
EMP03946,Jamie Russell,Female,IT,data scientist,21931,jamie.russell3946@meta.com,+91-91798-98899,Thrissur,2025-10-10
EMP03947,Adrian Olson,Male,IT,data scientist,12937,adrian.olson3947@meta.com,+91-71724-23729,Navi Mumbai,2025-07-29
EMP03948,Michael Jennings,Male,Marketing,Digital Marketing Specialist,29577,michael.jennings3948@meta.com,+91-70147-31314,Jhansi,2025-12-17
EMP03949,Robert Edwards,Male,Research and Development,Research Analyst,31833,robert.edwards3949@meta.com,+91-94719-09449,Jamshedpur,2025-06-01
EMP03950,Darlene Lee,Female,Marketing,Marketing Analyst,35691,darlene.lee3950@meta.com,+91-61899-68971,Silchar,2025-03-05
EMP03951,Joshua Allen,Male,IT,ML engineer,23896,joshua.allen3951@meta.com,+91-63133-76672,Danapur,2025-02-07
EMP03952,Dillon Nolan,Male,IT,data scientist,45153,dillon.nolan3952@meta.com,+91-60126-31446,Dehradun,2025-07-03
EMP03953,Karen Walker,Female,Marketing,Marketing Manager,42848,karen.walker3953@meta.com,+91-83586-89978,Kottayam,2025-07-18
EMP03954,Jeffrey Myers,Male,Marketing,Digital Marketing Specialist,47979,jeffrey.myers3954@meta.com,+91-95565-68832,Rajkot,2025-01-01
EMP03955,Yvette Wilson,Female,IT,data scientist,35438,yvette.wilson3955@meta.com,+91-65333-61550,Ambala,2025-01-01
EMP03956,Christina Miller,Female,Marketing,SEO Specialist,22713,christina.miller3956@meta.com,+91-65883-09223,Pudukkottai,2025-08-27
EMP03957,Frances Montes,Female,IT,ML engineer,19246,frances.montes3957@meta.com,+91-95351-79651,Nashik,2025-04-25
EMP03958,Tony Brooks,Male,Marketing,Digital Marketing Specialist,26291,tony.brooks3958@meta.com,+91-77557-77630,Pudukkottai,2025-03-30
EMP03959,Mariah Miller,Female,Marketing,Digital Marketing Specialist,18987,mariah.miller3959@meta.com,+91-61808-83639,Pondicherry,2025-06-29
EMP03960,Anthony Russell,Male,IT,ML engineer,36714,anthony.russell3960@meta.com,+91-60635-84246,Nagaon,2025-09-08
EMP03961,Craig Aguilar,Male,IT,ML engineer,16247,craig.aguilar3961@meta.com,+91-86701-40069,Bulandshahr,2025-06-02
EMP03962,Mark Williams,Male,Marketing,Marketing Analyst,11343,mark.williams3962@meta.com,+91-61434-76897,Muzaffarnagar,2025-04-13
EMP03963,Marcia Nelson,Female,IT,ML engineer,32093,marcia.nelson3963@meta.com,+91-88062-01954,Gandhidham,2025-08-23
EMP03964,Jessica Campbell,Female,Marketing,SEO Specialist,29232,jessica.campbell3964@meta.com,+91-98987-22715,Howrah,2025-09-25
EMP03965,Miguel Cole,Male,Marketing,Content Marketing Manager,33243,miguel.cole3965@meta.com,+91-70555-64907,Sambhal,2025-07-14
EMP03966,Phillip Jenkins,Male,Research and Development,Product Development Engineer,13725,phillip.jenkins3966@meta.com,+91-74881-74709,Kavali,2025-07-18
EMP03967,Breanna Smith,Female,IT,ML engineer,11888,breanna.smith3967@meta.com,+91-72766-84637,Pallavaram,2025-08-18
EMP03968,Molly Mckenzie,Female,IT,data scientist,26326,molly.mckenzie3968@meta.com,+91-91857-66219,Nashik,2025-07-21
EMP03969,William Cunningham,Male,Research and Development,Product Development Engineer,28912,william.cunningham3969@meta.com,+91-90381-49037,Firozabad,2025-11-13
EMP03970,Alison Zuniga,Female,Research and Development,R&D Project Manager,21004,alison.zuniga3970@meta.com,+91-90845-19657,Jabalpur,2025-03-21
EMP03971,Tracy Gonzalez,Female,Research and Development,Research Scientist,22150,tracy.gonzalez3971@meta.com,+91-88152-42222,Ahmednagar,2025-05-28
EMP03972,Brandon Anderson,Male,Research and Development,Product Development Engineer,30650,brandon.anderson3972@meta.com,+91-91032-20743,Secunderabad,2025-07-21
EMP03973,Michelle Jackson,Female,Research and Development,Research Scientist,33392,michelle.jackson3973@meta.com,+91-70277-22376,Rewa,2025-04-25
EMP03974,Ashley Stephens,Female,Marketing,SEO Specialist,22152,ashley.stephens3974@meta.com,+91-87124-36154,Madhyamgram,2025-07-31
EMP03975,Adam Atkinson,Male,IT,data scientist,37961,adam.atkinson3975@meta.com,+91-61858-54586,Kota,2025-09-16
EMP03976,Blake Martin,Male,Research and Development,Research Analyst,12436,blake.martin3976@meta.com,+91-97183-97204,Gorakhpur,2025-04-07
EMP03977,Daniel Henderson,Male,Marketing,Content Marketing Manager,35739,daniel.henderson3977@meta.com,+91-85082-09331,Mira-Bhayandar,2025-12-24
EMP03978,Julie Payne,Female,Marketing,Marketing Manager,21951,julie.payne3978@meta.com,+91-63175-75827,Gandhinagar,2025-01-04
EMP03979,Bryan Robinson,Male,Marketing,Content Marketing Manager,34597,bryan.robinson3979@meta.com,+91-79812-34032,Bongaigaon,2025-10-14
EMP03980,Edward Baker,Male,IT,data analytics,45392,edward.baker3980@meta.com,+91-89693-83919,Gulbarga,2025-06-09
EMP03981,Sharon Morris,Female,Research and Development,R&D Project Manager,37236,sharon.morris3981@meta.com,+91-77363-28302,Tenali,2025-06-11
EMP03982,Edward Williams,Male,Research and Development,Research Scientist,36159,edward.williams3982@meta.com,+91-97050-31259,Chinsurah,2025-09-15
EMP03983,Donald Cooley,Male,Marketing,Content Marketing Manager,43513,donald.cooley3983@meta.com,+91-71980-14746,Bidhannagar,2025-01-23
EMP03984,Daniel Wright,Male,Research and Development,R&D Project Manager,21923,daniel.wright3984@meta.com,+91-62533-46607,Sikar,2025-10-10
EMP03985,John Rodriguez,Male,Marketing,Marketing Analyst,46200,john.rodriguez3985@meta.com,+91-79870-22936,Madhyamgram,2025-06-06
EMP03986,Natalie Porter,Female,Research and Development,R&D Engineer,28529,natalie.porter3986@meta.com,+91-97226-49578,Gaya,2025-07-22
EMP03987,Angela Flowers,Female,Research and Development,Research Scientist,17138,angela.flowers3987@meta.com,+91-89368-95363,Pallavaram,2025-09-19
EMP03988,Stephanie Chapman,Female,Marketing,SEO Specialist,11799,stephanie.chapman3988@meta.com,+91-64566-88262,Kota,2025-08-20
EMP03989,Lori Green,Female,Research and Development,Research Scientist,19793,lori.green3989@meta.com,+91-95769-92156,Tirunelveli,2025-11-16
EMP03990,Laura Peterson,Female,Marketing,Marketing Analyst,19994,laura.peterson3990@meta.com,+91-64863-56515,Medininagar,2025-10-15
EMP03991,Jessica Chang,Female,Marketing,Digital Marketing Specialist,46532,jessica.chang3991@meta.com,+91-66828-38337,Panvel,2025-08-21
EMP03992,David Wilson,Male,Research and Development,Research Scientist,32434,david.wilson3992@meta.com,+91-97554-10906,Tinsukia,2025-03-06
EMP03993,Michael Flores,Male,IT,data analytics,36391,michael.flores3993@meta.com,+91-75077-26275,Sonipat,2025-07-21
EMP03994,Crystal Christensen,Female,Research and Development,Product Development Engineer,34017,crystal.christensen3994@meta.com,+91-92817-09320,Kumbakonam,2025-08-10
EMP03995,Richard Chapman,Male,Research and Development,R&D Project Manager,38913,richard.chapman3995@meta.com,+91-81839-82241,Sambhal,2025-01-18
EMP03996,Michael Vang,Male,Marketing,Digital Marketing Specialist,38396,michael.vang3996@meta.com,+91-96447-49682,Morena,2025-03-31
EMP03997,Michael Powell,Male,Marketing,Digital Marketing Specialist,42252,michael.powell3997@meta.com,+91-70453-45010,Noida,2025-08-09
EMP03998,Stephanie Holmes,Female,Research and Development,R&D Project Manager,39408,stephanie.holmes3998@meta.com,+91-74134-03780,Kanpur,2025-03-22
EMP03999,Jacob Smith,Male,Research and Development,R&D Project Manager,26746,jacob.smith3999@meta.com,+91-82833-41046,Guwahati,2025-07-21
EMP04000,Mary Jackson,Female,IT,ML engineer,23120,mary.jackson4000@meta.com,+91-60346-85861,Karnal,2025-03-06
EMP04001,Garrett Moore,Male,IT,data analytics,32705,garrett.moore4001@meta.com,+91-96312-60609,Ambarnath,2025-03-15
EMP04002,Adrian Rogers,Male,Research and Development,Product Development Engineer,46008,adrian.rogers4002@meta.com,+91-98190-84547,Vasai-Virar,2025-12-05
EMP04003,Michael Sullivan,Male,Marketing,Content Marketing Manager,35414,michael.sullivan4003@meta.com,+91-71941-03328,Srinagar,2025-07-06
EMP04004,Joseph Carrillo,Male,Research and Development,Research Scientist,36631,joseph.carrillo4004@meta.com,+91-93812-77199,Srinagar,2025-01-20
EMP04005,Vicki Taylor,Female,IT,software engineer,19134,vicki.taylor4005@meta.com,+91-62060-53254,Sirsa,2025-04-10
EMP04006,Nicole Friedman,Female,Research and Development,R&D Project Manager,14706,nicole.friedman4006@meta.com,+91-83795-24075,Noida,2025-06-04
EMP04007,Jeffrey Lynch,Male,Marketing,Marketing Analyst,28685,jeffrey.lynch4007@meta.com,+91-66434-38612,Bongaigaon,2025-05-01
EMP04008,Sean Benton,Male,Research and Development,Research Analyst,10648,sean.benton4008@meta.com,+91-69958-07113,Agra,2025-09-15
EMP04009,Samuel Yates,Male,Research and Development,Product Development Engineer,19832,samuel.yates4009@meta.com,+91-96683-01252,Hosur,2025-12-14
EMP04010,Jeffrey Ball,Male,Research and Development,Research Scientist,27733,jeffrey.ball4010@meta.com,+91-86064-18622,Guna,2025-01-17
EMP04011,Wayne Wong,Male,Research and Development,Research Analyst,48385,wayne.wong4011@meta.com,+91-67120-58349,Medininagar,2025-04-06
EMP04012,Gail Moss,Female,IT,data scientist,43464,gail.moss4012@meta.com,+91-99769-51063,Guwahati,2025-10-25
EMP04013,Drew Hayes,Male,IT,data scientist,27340,drew.hayes4013@meta.com,+91-76272-73998,Vadodara,2025-10-21
EMP04014,Michael Alexander,Male,Research and Development,R&D Engineer,18799,michael.alexander4014@meta.com,+91-68436-83575,Mangalore,2025-06-28
EMP04015,Cynthia Stephens,Female,Research and Development,R&D Project Manager,17787,cynthia.stephens4015@meta.com,+91-82877-13770,Pali,2025-03-31
EMP04016,John Ryan,Male,Research and Development,Research Scientist,46202,john.ryan4016@meta.com,+91-91990-41397,Indore,2025-08-15
EMP04017,Timothy Hayes,Male,IT,ML engineer,20156,timothy.hayes4017@meta.com,+91-68630-23753,Solapur,2025-01-14
EMP04018,Tracey Brown,Female,Research and Development,R&D Engineer,41423,tracey.brown4018@meta.com,+91-76677-96780,Shimla,2025-02-05
EMP04019,Lisa Vasquez,Female,IT,software engineer,24936,lisa.vasquez4019@meta.com,+91-90773-09480,Ramgarh,2025-03-16
EMP04020,Suzanne Wagner,Female,IT,software engineer,20854,suzanne.wagner4020@meta.com,+91-91025-80790,Bikaner,2025-12-30
EMP04021,Francisco Ray,Male,Research and Development,Research Scientist,47825,francisco.ray4021@meta.com,+91-75820-38967,Agra,2025-09-22
EMP04022,Richard Patel,Male,IT,software engineer,41572,richard.patel4022@meta.com,+91-70515-41442,Silchar,2025-01-21
EMP04023,Maria Fleming,Female,IT,data scientist,43257,maria.fleming4023@meta.com,+91-96505-09876,Arrah,2025-05-25
EMP04024,Anthony Adams,Male,Research and Development,Product Development Engineer,39933,anthony.adams4024@meta.com,+91-66471-29591,Karimnagar,2025-09-26
EMP04025,Nicole Price,Female,Marketing,Marketing Manager,24797,nicole.price4025@meta.com,+91-68462-63673,Sirsa,2025-05-24
EMP04026,Keith Johnson,Male,Research and Development,R&D Engineer,23446,keith.johnson4026@meta.com,+91-82176-97905,Rourkela,2025-03-19
EMP04027,Douglas Weaver,Male,Marketing,Marketing Manager,10091,douglas.weaver4027@meta.com,+91-92306-67746,Dindigul,2025-07-23
EMP04028,Derrick White,Male,Research and Development,Product Development Engineer,18829,derrick.white4028@meta.com,+91-82893-97577,Jaunpur,2025-10-02
EMP04029,Kevin Gonzalez,Male,Marketing,Digital Marketing Specialist,18479,kevin.gonzalez4029@meta.com,+91-84081-86141,Pudukkottai,2025-11-08
EMP04030,Elizabeth Little,Female,Marketing,Marketing Analyst,37617,elizabeth.little4030@meta.com,+91-70509-86602,Katihar,2025-02-28
EMP04031,Patrick Bradford,Male,Marketing,Marketing Manager,27754,patrick.bradford4031@meta.com,+91-83538-82064,Korba,2025-11-12
EMP04032,Sean Lee,Male,IT,data analytics,27804,sean.lee4032@meta.com,+91-81324-94507,Mau,2025-11-30
EMP04033,Jennifer Green,Female,Marketing,Digital Marketing Specialist,48013,jennifer.green4033@meta.com,+91-67415-52793,Gaya,2025-11-05
EMP04034,Kim Morgan,Female,IT,data scientist,22502,kim.morgan4034@meta.com,+91-70745-91225,Mangalore,2025-06-29
EMP04035,Suzanne Cooper,Female,IT,data analytics,42524,suzanne.cooper4035@meta.com,+91-76484-10254,Ramgarh,2025-03-03
EMP04036,Carolyn Shah,Female,IT,data analytics,17283,carolyn.shah4036@meta.com,+91-97449-32595,Korba,2025-01-10
EMP04037,Greg Franklin,Male,Marketing,SEO Specialist,38350,greg.franklin4037@meta.com,+91-92328-03952,Kota,2025-06-24
EMP04038,Danny Esparza,Male,IT,data scientist,36010,danny.esparza4038@meta.com,+91-70650-68411,Karaikudi,2025-10-06
EMP04039,Michael Wood,Male,Research and Development,Research Scientist,20775,michael.wood4039@meta.com,+91-66896-38124,Unnao,2025-03-05
EMP04040,Kelly Huber,Female,Research and Development,Research Scientist,14995,kelly.huber4040@meta.com,+91-90189-79794,Pune,2025-05-19
EMP04041,Leonard Avila,Male,Research and Development,Product Development Engineer,48838,leonard.avila4041@meta.com,+91-89097-08069,Bhilwara,2025-05-04
EMP04042,Courtney Lee,Female,IT,data scientist,17926,courtney.lee4042@meta.com,+91-85802-15389,Anand,2025-04-28
EMP04043,Samantha Jones,Female,Marketing,Marketing Manager,22043,samantha.jones4043@meta.com,+91-73870-66918,Ongole,2025-03-31
EMP04044,Kyle Martin,Male,IT,software engineer,31137,kyle.martin4044@meta.com,+91-60463-60485,Nagaon,2025-12-08
EMP04045,Roy Cook,Male,Research and Development,Research Analyst,34706,roy.cook4045@meta.com,+91-72902-59945,Agartala,2025-06-22
EMP04046,Rebecca Miller,Female,IT,ML engineer,35263,rebecca.miller4046@meta.com,+91-83134-28429,Bhagalpur,2025-01-22
EMP04047,James Davis,Male,Research and Development,Research Scientist,27853,james.davis4047@meta.com,+91-90681-26378,Malda,2025-03-03
EMP04048,Brian Carey,Male,Research and Development,R&D Project Manager,15843,brian.carey4048@meta.com,+91-80005-14714,Aligarh,2025-12-03
EMP04049,Claire Thompson,Female,IT,ML engineer,35324,claire.thompson4049@meta.com,+91-84420-02664,Gurgaon,2025-08-22
EMP04050,Karen Singleton,Female,IT,ML engineer,25466,karen.singleton4050@meta.com,+91-89832-71683,Patiala,2025-07-27
EMP04051,Rebecca West,Female,IT,software engineer,41913,rebecca.west4051@meta.com,+91-87955-90112,Ranchi,2025-10-12
EMP04052,Alan Oliver,Male,Marketing,Marketing Manager,29499,alan.oliver4052@meta.com,+91-65869-03564,Moradabad,2025-08-11
EMP04053,Drew Carrillo,Male,Research and Development,Research Analyst,35338,drew.carrillo4053@meta.com,+91-82289-79893,Vadodara,2025-08-08
EMP04054,Ricardo Thompson,Male,IT,data scientist,29118,ricardo.thompson4054@meta.com,+91-60061-68000,Tadepalligudem,2025-08-09
EMP04055,Joseph Bright,Male,Research and Development,Research Analyst,21184,joseph.bright4055@meta.com,+91-60747-03215,Kishanganj,2025-03-12
EMP04056,Amy Oconnor,Female,IT,ML engineer,40357,amy.oconnor4056@meta.com,+91-97426-24274,Morena,2025-06-11
EMP04057,Adriana Ward,Female,IT,data scientist,35571,adriana.ward4057@meta.com,+91-65455-83783,Kottayam,2025-03-25
EMP04058,Kelsey Gates,Female,Research and Development,Research Analyst,26177,kelsey.gates4058@meta.com,+91-83751-29292,Rewa,2025-10-08
EMP04059,Carla Taylor,Female,IT,ML engineer,25419,carla.taylor4059@meta.com,+91-69554-08692,Proddatur,2025-03-20
EMP04060,Rhonda Pacheco,Female,Research and Development,Research Scientist,47209,rhonda.pacheco4060@meta.com,+91-95246-50330,Erode,2025-10-07
EMP04061,Anthony Nguyen,Male,Marketing,Digital Marketing Specialist,47539,anthony.nguyen4061@meta.com,+91-85336-86193,Hospet,2025-05-03
EMP04062,Kimberly Ramirez,Female,IT,ML engineer,41071,kimberly.ramirez4062@meta.com,+91-97863-85900,Durgapur,2025-09-27
EMP04063,Johnathan Morgan,Male,Marketing,Marketing Analyst,11976,johnathan.morgan4063@meta.com,+91-74366-12850,Parbhani,2025-11-19
EMP04064,Joshua Morgan,Male,Marketing,Content Marketing Manager,26032,joshua.morgan4064@meta.com,+91-95211-03756,Bharatpur,2025-11-20
EMP04065,Rebecca Stewart,Female,Marketing,Marketing Manager,35861,rebecca.stewart4065@meta.com,+91-81350-48916,Mangalore,2025-08-01
EMP04066,Kathryn Torres,Female,IT,ML engineer,31183,kathryn.torres4066@meta.com,+91-94170-36198,Gwalior,2025-04-09
EMP04067,Robert Patterson,Male,Research and Development,R&D Engineer,14837,robert.patterson4067@meta.com,+91-76751-90549,Indore,2025-10-08
EMP04068,Chad Rosales,Male,IT,data analytics,42733,chad.rosales4068@meta.com,+91-68659-96434,Kalyan-Dombivli,2025-12-05
EMP04069,Brittney Parker,Female,IT,data scientist,15794,brittney.parker4069@meta.com,+91-93528-01127,Dharmavaram,2025-02-25
EMP04070,Maria Hall,Female,IT,ML engineer,29980,maria.hall4070@meta.com,+91-79236-62652,Mira-Bhayandar,2025-10-31
EMP04071,Maria Petersen,Female,IT,data analytics,21661,maria.petersen4071@meta.com,+91-87083-29551,Anantapur,2025-01-10
EMP04072,Sean Jones,Male,IT,data scientist,24721,sean.jones4072@meta.com,+91-61171-69801,North Dumdum,2025-04-28
EMP04073,Gina Johnson,Female,Marketing,Marketing Analyst,33820,gina.johnson4073@meta.com,+91-80058-94638,Khandwa,2025-06-04
EMP04074,Justin White,Male,Marketing,SEO Specialist,19080,justin.white4074@meta.com,+91-83447-86605,Anantapuram,2025-01-28
EMP04075,Eric Rosales,Male,Research and Development,Product Development Engineer,28057,eric.rosales4075@meta.com,+91-62352-95341,Kharagpur,2025-03-18
EMP04076,Laurie Carney,Female,Marketing,Digital Marketing Specialist,15913,laurie.carney4076@meta.com,+91-94503-21332,Asansol,2025-04-17
EMP04077,Kathryn Jefferson,Female,IT,ML engineer,22549,kathryn.jefferson4077@meta.com,+91-85660-87911,Bhusawal,2025-02-06
EMP04078,Jerry Walsh,Male,Marketing,SEO Specialist,34608,jerry.walsh4078@meta.com,+91-63383-59442,Jalna,2025-02-19
EMP04079,Mason Hernandez,Male,Research and Development,R&D Project Manager,30358,mason.hernandez4079@meta.com,+91-81479-47919,Bikaner,2025-11-15
EMP04080,Holly Robertson,Female,IT,ML engineer,40988,holly.robertson4080@meta.com,+91-62446-52586,Arrah,2025-10-18
EMP04081,Dwayne Herring,Male,Research and Development,R&D Engineer,35154,dwayne.herring4081@meta.com,+91-76618-33670,Hajipur,2025-08-27
EMP04082,Daniel Cervantes,Male,IT,data scientist,13012,daniel.cervantes4082@meta.com,+91-90857-89574,Guntur,2025-05-30
EMP04083,Cheryl Brown,Female,Research and Development,R&D Engineer,28198,cheryl.brown4083@meta.com,+91-89932-63458,Medininagar,2025-10-18
EMP04084,Charles Randall,Male,IT,software engineer,15444,charles.randall4084@meta.com,+91-60711-08537,Farrukhabad,2025-07-01
EMP04085,Marcus Brown,Male,IT,data scientist,37894,marcus.brown4085@meta.com,+91-93551-19125,Mysore,2025-12-30
EMP04086,Joseph Perry,Male,IT,ML engineer,27335,joseph.perry4086@meta.com,+91-83004-60807,Kozhikode,2025-04-20
EMP04087,Damon Tran,Male,Marketing,SEO Specialist,13529,damon.tran4087@meta.com,+91-91522-94423,Nagpur,2025-05-21
EMP04088,Kim Wang,Female,Research and Development,Research Scientist,38940,kim.wang4088@meta.com,+91-77103-98435,Kadapa,2025-07-10
EMP04089,Michael Ortega,Male,Marketing,SEO Specialist,33144,michael.ortega4089@meta.com,+91-86971-52020,Bokaro,2025-02-28
EMP04090,Stephanie Castillo,Female,IT,ML engineer,41700,stephanie.castillo4090@meta.com,+91-78166-96220,Bhilwara,2025-07-27
EMP04091,Nicole Cox,Female,IT,data analytics,28484,nicole.cox4091@meta.com,+91-88067-20575,Karawal Nagar,2025-01-07
EMP04092,Brandy Moore,Female,IT,software engineer,40552,brandy.moore4092@meta.com,+91-96658-65747,Anantapur,2025-12-23
EMP04093,Charles Davis,Male,IT,software engineer,16900,charles.davis4093@meta.com,+91-90894-73969,Eluru,2025-03-03
EMP04094,Stephanie Spencer,Female,Marketing,Marketing Manager,37761,stephanie.spencer4094@meta.com,+91-84058-48537,Katni,2025-10-09
EMP04095,Anthony Melton,Male,IT,data scientist,46482,anthony.melton4095@meta.com,+91-81542-08399,Jamshedpur,2025-02-12
EMP04096,Maria Thompson,Female,IT,data analytics,43698,maria.thompson4096@meta.com,+91-80560-67484,Thrissur,2025-05-20
EMP04097,Craig Cobb,Male,Research and Development,Research Analyst,17650,craig.cobb4097@meta.com,+91-86443-66330,Buxar,2025-04-09
EMP04098,Matthew Levy,Male,IT,ML engineer,22081,matthew.levy4098@meta.com,+91-95673-64986,Anantapur,2025-11-10
EMP04099,Catherine Moore,Female,Marketing,Marketing Manager,12977,catherine.moore4099@meta.com,+91-64936-12602,Bulandshahr,2025-08-16
EMP04100,Stephen Moses,Male,IT,data scientist,45209,stephen.moses4100@meta.com,+91-69738-25887,Khammam,2025-08-05
EMP04101,Matthew Richards,Male,Research and Development,R&D Engineer,19871,matthew.richards4101@meta.com,+91-87593-41875,Noida,2025-07-04
EMP04102,Juan Thomas,Male,IT,data analytics,18481,juan.thomas4102@meta.com,+91-98703-32509,Anantapur,2025-09-12
EMP04103,Matthew Park,Male,IT,data scientist,39937,matthew.park4103@meta.com,+91-86429-88975,Gangtok,2025-01-03
EMP04104,Savannah Fernandez,Female,Research and Development,R&D Engineer,46940,savannah.fernandez4104@meta.com,+91-85890-96451,Miryalaguda,2025-11-14
EMP04105,Todd Adams,Male,Research and Development,Research Scientist,38117,todd.adams4105@meta.com,+91-74670-29117,Unnao,2025-10-03
EMP04106,Nathaniel Ford,Male,IT,data analytics,46864,nathaniel.ford4106@meta.com,+91-90584-83176,Muzaffarnagar,2025-05-17
EMP04107,Candice Long,Female,IT,software engineer,12911,candice.long4107@meta.com,+91-76210-24620,Jaipur,2025-10-29
EMP04108,Kenneth Green,Male,Research and Development,Research Analyst,27269,kenneth.green4108@meta.com,+91-74751-88907,Gangtok,2025-04-07
EMP04109,Robert Hampton,Male,Marketing,Marketing Manager,29776,robert.hampton4109@meta.com,+91-78973-08596,Bokaro,2025-12-18
EMP04110,Stephanie Munoz,Female,Research and Development,Research Analyst,46331,stephanie.munoz4110@meta.com,+91-65456-74451,Delhi,2025-04-08
EMP04111,Cody Thompson,Male,Research and Development,Product Development Engineer,26644,cody.thompson4111@meta.com,+91-78049-06874,Nanded,2025-03-13
EMP04112,Amy Wright,Female,Marketing,Content Marketing Manager,45707,amy.wright4112@meta.com,+91-89947-92006,Hajipur,2025-02-21
EMP04113,Thomas Higgins,Male,Research and Development,Research Analyst,17516,thomas.higgins4113@meta.com,+91-61441-15869,Pallavaram,2025-03-25
EMP04114,Michelle Roth,Female,Research and Development,R&D Engineer,16052,michelle.roth4114@meta.com,+91-95471-30389,Adoni,2025-03-08
EMP04115,Tiffany Bautista,Female,Marketing,Digital Marketing Specialist,21928,tiffany.bautista4115@meta.com,+91-87903-45315,Bikaner,2025-07-21
EMP04116,Chase Burnett,Male,Research and Development,Product Development Engineer,21330,chase.burnett4116@meta.com,+91-87791-42554,Guntur,2025-08-11
EMP04117,Ricky Sanders,Male,Marketing,Marketing Analyst,35513,ricky.sanders4117@meta.com,+91-70497-45044,Motihari,2025-05-25
EMP04118,Colin Johnson,Male,Research and Development,Research Scientist,26662,colin.johnson4118@meta.com,+91-79006-78968,Bilaspur,2025-11-02
EMP04119,Philip Burns,Male,Research and Development,Research Scientist,42415,philip.burns4119@meta.com,+91-61882-48222,Kadapa,2025-01-30
EMP04120,Kathy Boyer,Female,Research and Development,Research Analyst,47282,kathy.boyer4120@meta.com,+91-71167-74800,Karnal,2025-09-14
EMP04121,Melinda Steele,Female,IT,ML engineer,17680,melinda.steele4121@meta.com,+91-82287-64436,Kottayam,2025-02-10
EMP04122,Hunter Young,Male,IT,data scientist,12926,hunter.young4122@meta.com,+91-92393-57653,Ghaziabad,2025-07-27
EMP04123,Rebecca Nielsen,Female,Marketing,SEO Specialist,28370,rebecca.nielsen4123@meta.com,+91-96434-25035,Panihati,2025-07-21
EMP04124,Alicia Spence,Female,IT,data scientist,20881,alicia.spence4124@meta.com,+91-87147-71167,Munger,2025-05-27
EMP04125,Matthew Briggs,Male,IT,ML engineer,36155,matthew.briggs4125@meta.com,+91-60253-68357,Bhubaneswar,2025-10-15
EMP04126,Joe Reed,Male,Marketing,Marketing Analyst,14951,joe.reed4126@meta.com,+91-84050-94365,Bhagalpur,2025-01-17
EMP04127,Shane Duncan,Male,Marketing,SEO Specialist,45317,shane.duncan4127@meta.com,+91-77054-09369,Lucknow,2025-06-15
EMP04128,Peggy Day,Female,Marketing,Marketing Manager,23728,peggy.day4128@meta.com,+91-99076-29186,Dharmavaram,2025-10-15
EMP04129,Nicole Beck,Female,Research and Development,Research Analyst,10169,nicole.beck4129@meta.com,+91-79076-03558,Avadi,2025-07-08
EMP04130,Cristian Ramirez,Male,Marketing,Marketing Manager,49818,cristian.ramirez4130@meta.com,+91-91338-30514,Howrah,2025-01-01
EMP04131,Logan Gonzalez,Male,IT,software engineer,26309,logan.gonzalez4131@meta.com,+91-76210-29664,Gangtok,2025-03-21
EMP04132,Jason Harrison,Male,Research and Development,Product Development Engineer,32146,jason.harrison4132@meta.com,+91-63858-09295,Guntakal,2025-04-02
EMP04133,Kathryn Franklin,Female,IT,software engineer,42350,kathryn.franklin4133@meta.com,+91-74135-72023,Ulhasnagar,2025-10-27
EMP04134,Jennifer Schultz,Female,Marketing,Digital Marketing Specialist,15767,jennifer.schultz4134@meta.com,+91-76128-79811,Bhiwandi,2025-12-29
EMP04135,Christine Wilson,Female,Marketing,SEO Specialist,18397,christine.wilson4135@meta.com,+91-69989-02280,Alappuzha,2025-07-16
EMP04136,John Keller,Male,IT,ML engineer,37465,john.keller4136@meta.com,+91-66075-52936,Raipur,2025-08-06
EMP04137,Larry Reese,Male,IT,data analytics,29413,larry.reese4137@meta.com,+91-69812-92460,Bhiwandi,2025-08-15
EMP04138,Ashley Powell,Female,IT,software engineer,10210,ashley.powell4138@meta.com,+91-96353-35247,Bokaro,2025-07-12
EMP04139,Andrew Williamson,Male,IT,data scientist,32306,andrew.williamson4139@meta.com,+91-96908-07085,Amroha,2025-12-16
EMP04140,Brandy Cooper,Female,Marketing,Digital Marketing Specialist,35346,brandy.cooper4140@meta.com,+91-94192-64152,Kulti,2025-10-06
EMP04141,Christina Dean,Female,Marketing,Marketing Analyst,42072,christina.dean4141@meta.com,+91-61001-76716,Vadodara,2025-10-19
EMP04142,Elaine Lee,Female,IT,data analytics,21153,elaine.lee4142@meta.com,+91-79557-83680,Naihati,2025-01-28
EMP04143,Daniel Smith,Male,Research and Development,Product Development Engineer,28454,daniel.smith4143@meta.com,+91-84935-23596,Sirsa,2025-10-29
EMP04144,Matthew Ortega,Male,Marketing,Marketing Analyst,18564,matthew.ortega4144@meta.com,+91-78745-25528,Saharsa,2025-11-15
EMP04145,Ashley Duran,Female,IT,data analytics,19500,ashley.duran4145@meta.com,+91-91721-12976,Belgaum,2025-08-30
EMP04146,Ashlee Mitchell,Female,Marketing,Marketing Analyst,33586,ashlee.mitchell4146@meta.com,+91-97701-16948,Loni,2025-07-17
EMP04147,Brenda Rogers,Female,Research and Development,R&D Engineer,41117,brenda.rogers4147@meta.com,+91-89166-43959,Gangtok,2025-03-08
EMP04148,Mary Hendrix,Female,Marketing,Marketing Manager,47090,mary.hendrix4148@meta.com,+91-86917-28226,Kavali,2025-08-30
EMP04149,Dustin Anderson,Male,Research and Development,Research Scientist,17822,dustin.anderson4149@meta.com,+91-88077-46590,Ambarnath,2025-10-30
EMP04150,Wendy Bell,Female,IT,data analytics,19382,wendy.bell4150@meta.com,+91-85565-69141,Amritsar,2025-09-17
EMP04151,Robert Fitzgerald,Male,Marketing,Marketing Analyst,31362,robert.fitzgerald4151@meta.com,+91-69986-31664,Kakinada,2025-06-06
EMP04152,Michelle Carroll,Female,Marketing,Marketing Analyst,37768,michelle.carroll4152@meta.com,+91-73157-43018,Warangal,2025-03-05
EMP04153,Richard Silva,Male,Marketing,Marketing Manager,34693,richard.silva4153@meta.com,+91-71909-99579,Jalandhar,2025-11-12
EMP04154,Crystal Chavez,Female,Research and Development,Research Analyst,15437,crystal.chavez4154@meta.com,+91-96732-35427,Bally,2025-11-01
EMP04155,Connor Mcconnell,Male,Research and Development,R&D Project Manager,43608,connor.mcconnell4155@meta.com,+91-87386-64035,Panvel,2025-10-10
EMP04156,Holly Parker,Female,Marketing,Content Marketing Manager,30949,holly.parker4156@meta.com,+91-88183-75998,Rajpur Sonarpur,2025-10-23
EMP04157,Ryan Green,Male,IT,data analytics,39355,ryan.green4157@meta.com,+91-72382-06710,Bhatpara,2025-11-17
EMP04158,Alexander Branch,Male,Marketing,Marketing Manager,49873,alexander.branch4158@meta.com,+91-89387-15383,Bhusawal,2025-07-31
EMP04159,Bryce Mendez,Male,IT,ML engineer,37731,bryce.mendez4159@meta.com,+91-92534-80623,Ahmednagar,2025-09-22
EMP04160,Kristin Ramirez,Female,Research and Development,Research Scientist,18354,kristin.ramirez4160@meta.com,+91-96414-92939,Khora ,2025-02-04
EMP04161,Lisa Ramos,Female,Marketing,Content Marketing Manager,31349,lisa.ramos4161@meta.com,+91-71547-44802,Chinsurah,2025-05-31
EMP04162,Jeffery Garza,Male,IT,ML engineer,46757,jeffery.garza4162@meta.com,+91-78483-45275,Ambattur,2025-05-13
EMP04163,Beverly Heath,Female,IT,software engineer,49572,beverly.heath4163@meta.com,+91-90262-86601,Tiruvottiyur,2025-06-14
EMP04164,Francisco Benton,Male,Marketing,SEO Specialist,16971,francisco.benton4164@meta.com,+91-63861-86795,Chennai,2025-12-14
EMP04165,Daniel Page,Male,IT,software engineer,33717,daniel.page4165@meta.com,+91-61989-85104,Patna,2025-11-14
EMP04166,Danielle Martinez,Female,Research and Development,Research Scientist,33092,danielle.martinez4166@meta.com,+91-71782-70850,Machilipatnam,2025-09-03
EMP04167,Tyler Elliott,Male,Research and Development,R&D Engineer,41997,tyler.elliott4167@meta.com,+91-93465-07497,Arrah,2025-01-31
EMP04168,Jenny Buchanan,Female,Marketing,Marketing Manager,33252,jenny.buchanan4168@meta.com,+91-60252-87670,Uluberia,2025-11-14
EMP04169,Jeremy Rhodes,Male,Marketing,Digital Marketing Specialist,43826,jeremy.rhodes4169@meta.com,+91-73111-21931,Serampore,2025-11-30
EMP04170,Dustin Bridges,Male,IT,data scientist,27072,dustin.bridges4170@meta.com,+91-62591-75835,Chandrapur,2025-04-23
EMP04171,Karen Rodriguez,Female,Research and Development,R&D Engineer,40914,karen.rodriguez4171@meta.com,+91-75879-45309,Surendranagar Dudhrej,2025-11-09
EMP04172,Jessica Rodriguez,Female,Marketing,SEO Specialist,43471,jessica.rodriguez4172@meta.com,+91-84988-64645,Kochi,2025-04-03
EMP04173,Robert Palmer,Male,Research and Development,Research Analyst,26827,robert.palmer4173@meta.com,+91-86065-38526,Dhule,2025-02-01
EMP04174,Alexander Pruitt,Male,IT,software engineer,41477,alexander.pruitt4174@meta.com,+91-91933-36661,Begusarai,2025-08-05
EMP04175,David Cole,Male,IT,software engineer,43269,david.cole4175@meta.com,+91-74890-09560,Mysore,2025-11-28
EMP04176,John Coleman,Male,Marketing,Content Marketing Manager,13606,john.coleman4176@meta.com,+91-61206-26238,Tinsukia,2025-12-11
EMP04177,Adam Davis,Male,Marketing,SEO Specialist,40796,adam.davis4177@meta.com,+91-70865-70802,Sultan Pur Majra,2025-12-18
EMP04178,Brian Watkins,Male,Marketing,Marketing Analyst,44428,brian.watkins4178@meta.com,+91-70308-18005,Tiruvottiyur,2025-09-20
EMP04179,Michele Ford,Female,Research and Development,Product Development Engineer,29554,michele.ford4179@meta.com,+91-63441-53979,Danapur,2025-12-17
EMP04180,Andrew Chavez,Male,IT,ML engineer,46942,andrew.chavez4180@meta.com,+91-73500-92489,Meerut,2025-02-06
EMP04181,Joel Perez,Male,IT,data analytics,40908,joel.perez4181@meta.com,+91-92078-38793,Nashik,2025-10-25
EMP04182,Robert Roberts,Male,IT,ML engineer,45638,robert.roberts4182@meta.com,+91-81966-50028,Pallavaram,2025-08-31
EMP04183,Eric Owen,Male,IT,data analytics,44192,eric.owen4183@meta.com,+91-61917-70376,Raipur,2025-06-15
EMP04184,Michele Johnson,Female,Marketing,Content Marketing Manager,40353,michele.johnson4184@meta.com,+91-62369-47471,South Dumdum,2025-07-11
EMP04185,Hannah Villarreal,Female,Research and Development,Product Development Engineer,35040,hannah.villarreal4185@meta.com,+91-68971-62741,Amroha,2025-10-09
EMP04186,Jeffery Jordan,Male,Marketing,SEO Specialist,17652,jeffery.jordan4186@meta.com,+91-71878-81385,Mehsana,2025-12-19
EMP04187,Allen Martinez,Male,Marketing,Digital Marketing Specialist,27374,allen.martinez4187@meta.com,+91-75862-33628,Thoothukudi,2025-11-19
EMP04188,Christina Lambert,Female,Research and Development,R&D Project Manager,47641,christina.lambert4188@meta.com,+91-89968-90087,Medininagar,2025-04-07
EMP04189,James Carson,Male,Marketing,Marketing Analyst,18288,james.carson4189@meta.com,+91-64329-53230,Rohtak,2025-06-09
EMP04190,Sara Preston,Female,IT,ML engineer,11624,sara.preston4190@meta.com,+91-86769-09077,Jalgaon,2025-07-17
EMP04191,Angela Richards,Female,IT,data analytics,13602,angela.richards4191@meta.com,+91-60252-84717,Durgapur,2025-01-21
EMP04192,Melissa Alvarez,Female,Research and Development,Product Development Engineer,11407,melissa.alvarez4192@meta.com,+91-88708-74977,Howrah,2025-12-08
EMP04193,William Powell,Male,Research and Development,Product Development Engineer,13416,william.powell4193@meta.com,+91-64110-30794,Salem,2025-08-25
EMP04194,Eric Rivera,Male,IT,data analytics,49228,eric.rivera4194@meta.com,+91-97992-68594,Jabalpur,2025-02-01
EMP04195,Robert Williams,Male,Research and Development,Research Analyst,12346,robert.williams4195@meta.com,+91-65732-02308,Bhind,2025-10-27
EMP04196,Caleb King,Male,IT,data scientist,38910,caleb.king4196@meta.com,+91-67934-45464,Firozabad,2025-05-04
EMP04197,Lauren Stephens,Female,IT,software engineer,14436,lauren.stephens4197@meta.com,+91-92632-02657,Phusro,2025-12-27
EMP04198,Nicole Hodge,Female,IT,ML engineer,46331,nicole.hodge4198@meta.com,+91-62839-23139,Chapra,2025-10-18
EMP04199,Aaron Wright,Male,Research and Development,Research Analyst,26105,aaron.wright4199@meta.com,+91-70599-43909,Ratlam,2025-07-13
EMP04200,Richard Williams,Male,IT,software engineer,12288,richard.williams4200@meta.com,+91-99975-78706,Giridih,2025-03-18
EMP04201,Elizabeth Greer,Female,Marketing,Digital Marketing Specialist,38040,elizabeth.greer4201@meta.com,+91-97200-04302,Tenali,2025-08-26
EMP04202,Rachel Rice,Female,Research and Development,R&D Engineer,35217,rachel.rice4202@meta.com,+91-61016-83095,Rajahmundry,2025-11-05
EMP04203,Matthew Gonzalez,Male,IT,ML engineer,14153,matthew.gonzalez4203@meta.com,+91-88117-76724,Jamshedpur,2025-01-09
EMP04204,Robert Reyes,Male,Research and Development,Product Development Engineer,12550,robert.reyes4204@meta.com,+91-76875-69344,Kota,2025-08-25
EMP04205,Jennifer Reyes,Female,Marketing,Marketing Analyst,16741,jennifer.reyes4205@meta.com,+91-65830-17620,Jalgaon,2025-09-11
EMP04206,Cindy Mitchell,Female,Marketing,Content Marketing Manager,29589,cindy.mitchell4206@meta.com,+91-61205-89737,Shivpuri,2025-03-11
EMP04207,Karen Adams,Female,Marketing,Marketing Analyst,26752,karen.adams4207@meta.com,+91-71380-02323,Akola,2025-06-11
EMP04208,Pamela Kim,Female,IT,data scientist,23833,pamela.kim4208@meta.com,+91-79230-89116,Kottayam,2025-05-05
EMP04209,Mckenzie Larson,Female,IT,data scientist,37553,mckenzie.larson4209@meta.com,+91-97657-12871,Phagwara,2025-03-19
EMP04210,Jeremy Smith,Male,IT,software engineer,16805,jeremy.smith4210@meta.com,+91-69560-45826,Dehradun,2025-02-02
EMP04211,Stephen Charles,Male,Research and Development,R&D Project Manager,15403,stephen.charles4211@meta.com,+91-98007-91566,Indore,2025-09-17
EMP04212,Daniel Williams,Male,Research and Development,Research Scientist,27430,daniel.williams4212@meta.com,+91-72398-94929,Panvel,2025-09-16
EMP04213,Ryan Garcia,Male,Marketing,Content Marketing Manager,44384,ryan.garcia4213@meta.com,+91-94955-45512,Pimpri-Chinchwad,2025-05-14
EMP04214,Sarah Guerrero,Female,IT,data scientist,32569,sarah.guerrero4214@meta.com,+91-92269-56485,Rampur,2025-09-06
EMP04215,Anna Galvan,Female,Marketing,Digital Marketing Specialist,20023,anna.galvan4215@meta.com,+91-85504-55824,Noida,2025-11-28
EMP04216,Jacob Miles,Male,Marketing,Content Marketing Manager,35666,jacob.miles4216@meta.com,+91-87367-10228,Siliguri,2025-06-24
EMP04217,Stephanie Miller,Female,Marketing,Digital Marketing Specialist,37615,stephanie.miller4217@meta.com,+91-95817-91260,Lucknow,2025-12-09
EMP04218,Nicholas Medina,Male,IT,data analytics,33551,nicholas.medina4218@meta.com,+91-94073-43690,Danapur,2025-12-22
EMP04219,Amanda Hoover,Female,Marketing,Marketing Manager,13220,amanda.hoover4219@meta.com,+91-90120-16838,Bongaigaon,2025-10-29
EMP04220,Tanya Shannon,Female,IT,data analytics,32987,tanya.shannon4220@meta.com,+91-88185-83532,Deoghar,2025-01-10
EMP04221,Brenda Chang,Female,Research and Development,R&D Project Manager,28856,brenda.chang4221@meta.com,+91-97012-43494,Raurkela Industrial Township,2025-04-20
EMP04222,Kelly Mclaughlin,Female,Research and Development,Research Scientist,12379,kelly.mclaughlin4222@meta.com,+91-99960-49674,Aurangabad,2025-05-21
EMP04223,Victoria Compton,Female,Marketing,Marketing Analyst,24092,victoria.compton4223@meta.com,+91-72074-33066,Bahraich,2025-04-13
EMP04224,Timothy Ryan,Male,IT,ML engineer,24899,timothy.ryan4224@meta.com,+91-69416-66425,Indore,2025-09-17
EMP04225,Debbie Williams,Female,IT,ML engineer,11326,debbie.williams4225@meta.com,+91-73161-78912,Imphal,2025-03-28
EMP04226,John Davis,Male,IT,software engineer,39159,john.davis4226@meta.com,+91-84554-93206,Maheshtala,2025-02-16
EMP04227,Jamie Miller,Female,Marketing,Content Marketing Manager,21336,jamie.miller4227@meta.com,+91-91230-50584,Mysore,2025-05-12
EMP04228,Phillip Contreras,Male,Research and Development,Research Scientist,42970,phillip.contreras4228@meta.com,+91-74697-87755,Sasaram,2025-10-03
EMP04229,Steven Craig,Male,Marketing,SEO Specialist,24347,steven.craig4229@meta.com,+91-82543-75656,Dehradun,2025-04-11
EMP04230,Lindsay Henderson,Female,Marketing,SEO Specialist,25131,lindsay.henderson4230@meta.com,+91-92436-71264,Madhyamgram,2025-04-14
EMP04231,Nicholas Myers,Male,Research and Development,R&D Project Manager,45384,nicholas.myers4231@meta.com,+91-64114-11139,Dhanbad,2025-03-23
EMP04232,Derek Chapman,Male,Marketing,Digital Marketing Specialist,48607,derek.chapman4232@meta.com,+91-94706-27959,Kochi,2025-02-12
EMP04233,David Tyler,Male,Marketing,Marketing Analyst,22757,david.tyler4233@meta.com,+91-72589-31547,Gorakhpur,2025-05-14
EMP04234,Heather Williams,Female,IT,software engineer,28529,heather.williams4234@meta.com,+91-70096-55534,Belgaum,2025-01-03
EMP04235,John Craig,Male,Research and Development,R&D Project Manager,36606,john.craig4235@meta.com,+91-99965-85196,Thoothukudi,2025-04-10
EMP04236,Miranda Gomez,Female,Research and Development,Research Scientist,42368,miranda.gomez4236@meta.com,+91-67579-96849,Amaravati,2025-10-23
EMP04237,Robert Ballard,Male,Research and Development,R&D Engineer,44100,robert.ballard4237@meta.com,+91-68174-10703,South Dumdum,2025-12-15
EMP04238,Edward Williams,Male,Research and Development,Product Development Engineer,27088,edward.williams4238@meta.com,+91-94894-87816,Ichalkaranji,2025-06-18
EMP04239,Russell Bennett,Male,Marketing,Marketing Analyst,35031,russell.bennett4239@meta.com,+91-97882-88878,Bilaspur,2025-10-23
EMP04240,Taylor Patterson,Female,Marketing,SEO Specialist,28798,taylor.patterson4240@meta.com,+91-70197-27249,Bidhannagar,2025-06-01
EMP04241,Jorge Hernandez,Male,Research and Development,Research Analyst,22617,jorge.hernandez4241@meta.com,+91-67278-12152,Hyderabad,2025-01-17
EMP04242,Brittany Morgan,Female,Research and Development,Product Development Engineer,30743,brittany.morgan4242@meta.com,+91-92636-39114,Ajmer,2025-02-13
EMP04243,Caitlin Mahoney,Female,Research and Development,R&D Project Manager,13125,caitlin.mahoney4243@meta.com,+91-83112-62690,Vellore,2025-04-08
EMP04244,Denise Payne,Female,Research and Development,Research Scientist,13903,denise.payne4244@meta.com,+91-95062-95293,Ambala,2025-07-07
EMP04245,Walter Choi,Male,Marketing,Content Marketing Manager,22376,walter.choi4245@meta.com,+91-77806-71182,Shimoga,2025-10-31
EMP04246,Joseph Patel,Male,IT,software engineer,35132,joseph.patel4246@meta.com,+91-60364-25407,Srikakulam,2025-07-15
EMP04247,Amanda Graham,Female,IT,ML engineer,17149,amanda.graham4247@meta.com,+91-65122-71730,Tenali,2025-03-07
EMP04248,John Ewing,Male,IT,data scientist,20359,john.ewing4248@meta.com,+91-62569-59882,Madanapalle,2025-04-06
EMP04249,Laura Coleman,Female,IT,ML engineer,12373,laura.coleman4249@meta.com,+91-71778-08075,Hubli–Dharwad,2025-10-25
EMP04250,Elizabeth Lewis,Female,IT,data scientist,16018,elizabeth.lewis4250@meta.com,+91-63469-78860,Dharmavaram,2025-05-31
EMP04251,Steven Gamble,Male,Research and Development,Research Analyst,17903,steven.gamble4251@meta.com,+91-86184-65040,Secunderabad,2025-02-24
EMP04252,Matthew Benitez,Male,IT,ML engineer,28111,matthew.benitez4252@meta.com,+91-77869-02909,Kurnool,2025-06-04
EMP04253,Miguel Rodriguez,Male,IT,data analytics,27194,miguel.rodriguez4253@meta.com,+91-83166-61144,Fatehpur,2025-07-08
EMP04254,Nathan Kline,Male,Research and Development,R&D Project Manager,23407,nathan.kline4254@meta.com,+91-91971-76347,Gaya,2025-11-13
EMP04255,William Williams,Male,Marketing,SEO Specialist,14701,william.williams4255@meta.com,+91-74883-20235,Pondicherry,2025-03-08
EMP04256,Kristie Davis,Female,IT,data scientist,20818,kristie.davis4256@meta.com,+91-87584-13454,Lucknow,2025-10-10
EMP04257,Susan Ward,Female,IT,data scientist,13980,susan.ward4257@meta.com,+91-78172-21743,Barasat,2025-09-24
EMP04258,Kathleen Baker,Female,Marketing,Marketing Manager,16571,kathleen.baker4258@meta.com,+91-87713-55600,Haldia,2025-06-20
EMP04259,Evan Johnson,Male,Research and Development,Product Development Engineer,45998,evan.johnson4259@meta.com,+91-62406-46404,Ramagundam,2025-10-25
EMP04260,Donald French,Male,IT,data analytics,46922,donald.french4260@meta.com,+91-63229-25806,Rewa,2025-08-02
EMP04261,Sarah Harrison,Female,Research and Development,R&D Project Manager,22925,sarah.harrison4261@meta.com,+91-71917-03164,Amritsar,2025-06-23
EMP04262,Raymond Martinez,Male,IT,ML engineer,26741,raymond.martinez4262@meta.com,+91-63847-80876,Hindupur,2025-11-07
EMP04263,Kimberly Mullins,Female,IT,ML engineer,29441,kimberly.mullins4263@meta.com,+91-88767-77033,Bongaigaon,2025-05-19
EMP04264,Joshua Solomon,Male,IT,data scientist,14742,joshua.solomon4264@meta.com,+91-68852-82218,Rewa,2025-05-02
EMP04265,Joel Arnold,Male,Research and Development,R&D Project Manager,31958,joel.arnold4265@meta.com,+91-99249-95970,Darbhanga,2025-05-23
EMP04266,Angela Nelson,Female,Research and Development,Research Analyst,11523,angela.nelson4266@meta.com,+91-89567-04585,Kamarhati,2025-02-02
EMP04267,Ryan Dean,Male,Research and Development,Research Analyst,46942,ryan.dean4267@meta.com,+91-73119-58321,Gandhinagar,2025-02-12
EMP04268,Theresa Gardner,Female,Marketing,Marketing Analyst,34172,theresa.gardner4268@meta.com,+91-92680-92613,Amaravati,2025-01-21
EMP04269,James Montgomery,Male,Marketing,SEO Specialist,29354,james.montgomery4269@meta.com,+91-64839-34209,Bijapur,2025-08-15
EMP04270,Timothy James,Male,Marketing,Content Marketing Manager,19538,timothy.james4270@meta.com,+91-77831-78213,Mysore,2025-08-05
EMP04271,Erin Chapman,Female,Marketing,SEO Specialist,30673,erin.chapman4271@meta.com,+91-94023-33404,Dhanbad,2025-07-29
EMP04272,Ashley Austin,Female,Research and Development,Product Development Engineer,49267,ashley.austin4272@meta.com,+91-76925-41326,Howrah,2025-03-30
EMP04273,Sarah Norman,Female,IT,ML engineer,37234,sarah.norman4273@meta.com,+91-77247-46072,Shahjahanpur,2025-05-07
EMP04274,Melissa James,Female,Research and Development,Research Scientist,17587,melissa.james4274@meta.com,+91-69994-70273,Etawah,2025-04-15
EMP04275,Ashley Wells,Female,Research and Development,Research Scientist,38062,ashley.wells4275@meta.com,+91-89686-66353,Ghaziabad,2025-06-04
EMP04276,Crystal Carlson,Female,Marketing,Marketing Manager,44276,crystal.carlson4276@meta.com,+91-88937-08821,Dhule,2025-05-25
EMP04277,Jason Wright,Male,Research and Development,Product Development Engineer,36525,jason.wright4277@meta.com,+91-71066-02399,Salem,2025-08-03
EMP04278,Kayla Green,Female,IT,software engineer,34763,kayla.green4278@meta.com,+91-69944-17134,Khora ,2025-02-08
EMP04279,Amy Washington,Female,Marketing,SEO Specialist,36951,amy.washington4279@meta.com,+91-86796-40139,Nagpur,2025-12-04
EMP04280,Kristopher Curtis,Male,IT,ML engineer,48150,kristopher.curtis4280@meta.com,+91-88342-29427,Bhavnagar,2025-04-05
EMP04281,Elizabeth Mata,Female,IT,ML engineer,44426,elizabeth.mata4281@meta.com,+91-60599-48925,Mangalore,2025-01-09
EMP04282,Amber Knapp,Female,IT,data scientist,25663,amber.knapp4282@meta.com,+91-63790-12965,Panipat,2025-06-18
EMP04283,Richard Yang,Male,Research and Development,R&D Project Manager,23058,richard.yang4283@meta.com,+91-90563-69370,Chinsurah,2025-01-22
EMP04284,Jonathan Williams,Male,IT,data analytics,33493,jonathan.williams4284@meta.com,+91-92679-02290,Firozabad,2025-07-27
EMP04285,Christopher Wilkins,Male,IT,software engineer,36042,christopher.wilkins4285@meta.com,+91-73519-08792,Satna,2025-09-21
EMP04286,Jeff Diaz,Male,Research and Development,R&D Project Manager,10399,jeff.diaz4286@meta.com,+91-88428-57459,Mau,2025-01-28
EMP04287,Joshua Johnson,Male,Marketing,Content Marketing Manager,25979,joshua.johnson4287@meta.com,+91-90257-46328,Aizawl,2025-05-15
EMP04288,Patricia Oconnell,Female,Marketing,Content Marketing Manager,11525,patricia.oconnell4288@meta.com,+91-88486-95610,Guna,2025-05-22
EMP04289,Renee Johnson,Female,Research and Development,Product Development Engineer,43922,renee.johnson4289@meta.com,+91-78364-40150,Latur,2025-04-11
EMP04290,Shannon Wood,Female,Research and Development,R&D Project Manager,38537,shannon.wood4290@meta.com,+91-78927-18836,Eluru,2025-07-21
EMP04291,Rachel Dickerson,Female,Marketing,Marketing Manager,13929,rachel.dickerson4291@meta.com,+91-63072-18117,Gurgaon,2025-07-27
EMP04292,George Roberts,Male,IT,data scientist,27162,george.roberts4292@meta.com,+91-72907-09468,Sikar,2025-04-23
EMP04293,Mackenzie Munoz,Female,IT,data analytics,43044,mackenzie.munoz4293@meta.com,+91-75416-50933,Berhampur,2025-12-19
EMP04294,Tammy Smith,Female,IT,software engineer,13283,tammy.smith4294@meta.com,+91-93500-76354,Nanded,2025-06-06
EMP04295,Savannah Wilson,Female,IT,ML engineer,48411,savannah.wilson4295@meta.com,+91-72999-46936,Durg,2025-08-06
EMP04296,Christopher Gill,Male,IT,data analytics,11237,christopher.gill4296@meta.com,+91-96076-86210,Haldia,2025-07-24
EMP04297,Tracey Mendoza,Female,IT,data analytics,43013,tracey.mendoza4297@meta.com,+91-84900-50327,Bijapur,2025-03-07
EMP04298,James Gallagher,Male,Marketing,Digital Marketing Specialist,43267,james.gallagher4298@meta.com,+91-87722-93900,Pali,2025-08-09
EMP04299,Alexis Miller,Male,Research and Development,R&D Engineer,14781,alexis.miller4299@meta.com,+91-68764-34186,Salem,2025-05-16
EMP04300,Anna Bartlett,Female,Marketing,SEO Specialist,38081,anna.bartlett4300@meta.com,+91-95600-44254,Deoghar,2025-09-10
EMP04301,Rebecca Fowler,Female,Marketing,Marketing Analyst,25217,rebecca.fowler4301@meta.com,+91-80516-02733,Chennai,2025-03-25
EMP04302,Philip Krause,Male,Marketing,Content Marketing Manager,45346,philip.krause4302@meta.com,+91-96102-80764,Moradabad,2025-10-30
EMP04303,Karen Black,Female,Research and Development,R&D Project Manager,48670,karen.black4303@meta.com,+91-70174-05747,Ongole,2025-04-23
EMP04304,Michael Frey,Male,Research and Development,R&D Project Manager,46206,michael.frey4304@meta.com,+91-87474-00724,Thiruvananthapuram,2025-10-30
EMP04305,Shannon Thompson,Male,Research and Development,Product Development Engineer,31989,shannon.thompson4305@meta.com,+91-87885-96627,Raiganj,2025-11-27
EMP04306,Timothy Merritt,Male,Research and Development,Research Analyst,24227,timothy.merritt4306@meta.com,+91-92490-93528,Amroha,2025-08-16
EMP04307,Chad Higgins,Male,Marketing,Marketing Analyst,26408,chad.higgins4307@meta.com,+91-87531-21552,Dehradun,2025-10-20
EMP04308,Mark Coleman,Male,IT,data scientist,16407,mark.coleman4308@meta.com,+91-63835-87809,Bhubaneswar,2025-02-12
EMP04309,Tamara Brown,Female,Marketing,SEO Specialist,14098,tamara.brown4309@meta.com,+91-81454-39613,Berhampur,2025-07-30
EMP04310,Nicolas Wilkerson,Male,IT,data analytics,21681,nicolas.wilkerson4310@meta.com,+91-84909-37695,Ambattur,2025-08-01
EMP04311,Jessica Horton,Female,IT,ML engineer,41493,jessica.horton4311@meta.com,+91-94428-09816,Katihar,2025-03-27
EMP04312,Amber Spencer,Female,Marketing,Content Marketing Manager,38147,amber.spencer4312@meta.com,+91-63269-82275,Arrah,2025-06-28
EMP04313,William Gould,Male,Research and Development,R&D Project Manager,36940,william.gould4313@meta.com,+91-76441-88565,Tirupati,2025-04-23
EMP04314,Bethany Powers,Female,IT,software engineer,34491,bethany.powers4314@meta.com,+91-90126-04914,Ambala,2025-04-04
EMP04315,Frederick King,Male,Marketing,Digital Marketing Specialist,42075,frederick.king4315@meta.com,+91-89771-15967,Nashik,2025-08-17
EMP04316,Andre Blackburn,Male,Research and Development,Research Analyst,14620,andre.blackburn4316@meta.com,+91-62944-12661,Farrukhabad,2025-01-26
EMP04317,Marissa Mitchell,Female,IT,data analytics,43518,marissa.mitchell4317@meta.com,+91-98155-55627,Sonipat,2025-12-31
EMP04318,Nancy Kane,Female,IT,data scientist,38422,nancy.kane4318@meta.com,+91-66826-85526,Gorakhpur,2025-07-11
EMP04319,Brenda Lee,Female,IT,ML engineer,45952,brenda.lee4319@meta.com,+91-81063-26534,Baranagar,2025-06-23
EMP04320,Patricia Mendez,Female,Marketing,Marketing Analyst,24909,patricia.mendez4320@meta.com,+91-94533-67868,Udupi,2025-04-13
EMP04321,Nicholas Lucero,Male,Marketing,Digital Marketing Specialist,22327,nicholas.lucero4321@meta.com,+91-79685-62250,Bahraich,2025-03-16
EMP04322,Steven Sanders,Male,Research and Development,Research Analyst,19206,steven.sanders4322@meta.com,+91-92619-04649,Latur,2025-12-27
EMP04323,Mary Newman,Female,Research and Development,R&D Project Manager,20693,mary.newman4323@meta.com,+91-90173-65010,Unnao,2025-03-22
EMP04324,Carolyn Lee,Female,Marketing,Marketing Analyst,19973,carolyn.lee4324@meta.com,+91-66783-12478,Gulbarga,2025-03-21
EMP04325,Robert Hurst,Male,Marketing,SEO Specialist,32959,robert.hurst4325@meta.com,+91-83466-70194,Ahmedabad,2025-02-04
EMP04326,Matthew Brown,Male,Research and Development,Research Analyst,33925,matthew.brown4326@meta.com,+91-97398-91375,Medininagar,2025-12-19
EMP04327,Richard Rivers,Male,Marketing,Marketing Manager,16738,richard.rivers4327@meta.com,+91-96068-58641,Rohtak,2025-02-02
EMP04328,Erin Reid,Female,Research and Development,Research Scientist,42848,erin.reid4328@meta.com,+91-98950-57591,Kharagpur,2025-11-05
EMP04329,Lee Mcguire,Male,Marketing,Content Marketing Manager,27519,lee.mcguire4329@meta.com,+91-65454-34811,Anantapur,2025-01-26
EMP04330,Nathan Shaw,Male,Marketing,SEO Specialist,14585,nathan.shaw4330@meta.com,+91-80685-80099,Shimoga,2025-10-05
EMP04331,Lori Perez,Female,IT,ML engineer,37723,lori.perez4331@meta.com,+91-75074-22754,Farrukhabad,2025-11-29
EMP04332,Alexandra Hodge,Female,IT,data scientist,17252,alexandra.hodge4332@meta.com,+91-84993-03479,Kottayam,2025-03-22
EMP04333,Benjamin Brennan,Male,Marketing,SEO Specialist,48534,benjamin.brennan4333@meta.com,+91-78300-92825,Bhalswa Jahangir Pur,2025-09-13
EMP04334,Kathy Palmer,Female,IT,software engineer,19649,kathy.palmer4334@meta.com,+91-99915-25651,Khandwa,2025-10-30
EMP04335,Gregory Jackson,Male,IT,ML engineer,43067,gregory.jackson4335@meta.com,+91-76297-49851,Rohtak,2025-06-19
EMP04336,Thomas Moses,Male,Research and Development,R&D Project Manager,42660,thomas.moses4336@meta.com,+91-67214-11562,Firozabad,2025-04-04
EMP04337,Jessica Petersen,Female,Marketing,Marketing Analyst,16073,jessica.petersen4337@meta.com,+91-78433-80964,Deoghar,2025-06-30
EMP04338,Shawn Barker,Male,IT,ML engineer,17391,shawn.barker4338@meta.com,+91-74804-71659,Madanapalle,2025-05-23
EMP04339,Manuel Cole,Male,IT,data analytics,16425,manuel.cole4339@meta.com,+91-98454-32302,Kanpur,2025-06-10
EMP04340,Maria Curtis,Female,Marketing,SEO Specialist,49754,maria.curtis4340@meta.com,+91-81822-29868,New Delhi,2025-04-13
EMP04341,Maria Martinez,Female,IT,ML engineer,30468,maria.martinez4341@meta.com,+91-85491-19306,Ambala,2025-11-23
EMP04342,Jose Scott,Male,Marketing,Content Marketing Manager,20629,jose.scott4342@meta.com,+91-60013-83870,Tezpur,2025-11-04
EMP04343,Lauren Mcneil,Female,IT,ML engineer,25471,lauren.mcneil4343@meta.com,+91-90420-94534,Khora ,2025-03-08
EMP04344,Amy Kaiser,Female,IT,data analytics,34919,amy.kaiser4344@meta.com,+91-72039-66192,Ongole,2025-06-03
EMP04345,Lauren Anderson,Female,Research and Development,Research Analyst,11681,lauren.anderson4345@meta.com,+91-80767-32072,Vasai-Virar,2025-06-19
EMP04346,Denise Cole,Female,Research and Development,R&D Engineer,40231,denise.cole4346@meta.com,+91-68060-95419,Nizamabad,2025-11-18
EMP04347,Jamie Johnson,Female,IT,data analytics,19783,jamie.johnson4347@meta.com,+91-64925-53532,Khora ,2025-12-15
EMP04348,Joshua Stuart,Male,Marketing,Marketing Analyst,31126,joshua.stuart4348@meta.com,+91-64226-55288,Akola,2025-01-01
EMP04349,Derek Conway,Male,Research and Development,Product Development Engineer,26524,derek.conway4349@meta.com,+91-68547-76797,Guntakal,2025-09-08
EMP04350,Jerry Boyd,Male,Research and Development,R&D Project Manager,45837,jerry.boyd4350@meta.com,+91-98660-46345,Tezpur,2025-11-29
EMP04351,Ricky Hernandez,Male,Marketing,Marketing Analyst,46322,ricky.hernandez4351@meta.com,+91-81780-82102,Jamalpur,2025-04-02
EMP04352,Jonathan Myers,Male,Marketing,SEO Specialist,41988,jonathan.myers4352@meta.com,+91-76540-67708,Tezpur,2025-12-26
EMP04353,Daniel Jackson,Male,Research and Development,Product Development Engineer,23188,daniel.jackson4353@meta.com,+91-61356-18523,Gangtok,2025-11-18
EMP04354,Justin Lewis,Male,IT,data analytics,30671,justin.lewis4354@meta.com,+91-67419-63549,Bhilai,2025-09-29
EMP04355,Andrew Wilson,Male,IT,data scientist,11137,andrew.wilson4355@meta.com,+91-86134-06511,Berhampur,2025-05-06
EMP04356,Christopher Smith,Male,Marketing,Digital Marketing Specialist,44401,christopher.smith4356@meta.com,+91-69010-21768,Nagaon,2025-06-29
EMP04357,James Hamilton,Male,IT,software engineer,15074,james.hamilton4357@meta.com,+91-64639-03055,Ranchi,2025-02-04
EMP04358,Susan Romero,Female,IT,ML engineer,43059,susan.romero4358@meta.com,+91-65319-08936,Kharagpur,2025-06-05
EMP04359,Bryan Kelley,Male,IT,data scientist,32516,bryan.kelley4359@meta.com,+91-68115-79053,Maheshtala,2025-01-22
EMP04360,Jake Robles,Male,Research and Development,Research Scientist,48602,jake.robles4360@meta.com,+91-92060-62996,Ghaziabad,2025-01-17
EMP04361,Sylvia Young,Female,Marketing,Marketing Manager,29856,sylvia.young4361@meta.com,+91-62759-73403,Imphal,2025-04-27
EMP04362,Marie Davidson,Female,Research and Development,R&D Engineer,32237,marie.davidson4362@meta.com,+91-68489-73866,Giridih,2025-01-29
EMP04363,Katrina Williams,Female,IT,data scientist,22642,katrina.williams4363@meta.com,+91-84078-88534,Bally,2025-11-28
EMP04364,Jennifer Potter,Female,Marketing,Marketing Manager,34189,jennifer.potter4364@meta.com,+91-85053-44083,Jammu,2025-08-07
EMP04365,Emily Ortiz,Female,IT,data analytics,14673,emily.ortiz4365@meta.com,+91-68710-17249,Navi Mumbai,2025-06-28
EMP04366,Andrew Gonzalez,Male,Research and Development,Product Development Engineer,44664,andrew.gonzalez4366@meta.com,+91-78069-50488,Berhampore,2025-07-16
EMP04367,Russell Powell,Male,Marketing,Content Marketing Manager,10044,russell.powell4367@meta.com,+91-68324-37252,Delhi,2025-06-06
EMP04368,Jacob Ochoa,Male,Research and Development,Research Analyst,28396,jacob.ochoa4368@meta.com,+91-97134-28095,Giridih,2025-04-27
EMP04369,James Flowers,Male,IT,ML engineer,29939,james.flowers4369@meta.com,+91-63317-81494,Jaipur,2025-04-08
EMP04370,Stephanie Williams,Female,Research and Development,R&D Project Manager,49634,stephanie.williams4370@meta.com,+91-91800-12996,Pali,2025-09-10
EMP04371,Jennifer Davis,Female,IT,data analytics,49692,jennifer.davis4371@meta.com,+91-96581-80079,Singrauli,2025-03-14
EMP04372,Sydney Evans,Female,Research and Development,Research Analyst,13187,sydney.evans4372@meta.com,+91-66041-35743,Mysore,2025-07-22
EMP04373,Michael Snow,Male,Marketing,Marketing Manager,37281,michael.snow4373@meta.com,+91-69887-78574,Ichalkaranji,2025-08-24
EMP04374,April Griffin,Female,IT,data analytics,10724,april.griffin4374@meta.com,+91-88512-19714,Salem,2025-03-11
EMP04375,James Meyers,Male,Marketing,Content Marketing Manager,38863,james.meyers4375@meta.com,+91-70832-87153,Tadipatri,2025-09-27
EMP04376,Julie Mills,Female,Marketing,SEO Specialist,11281,julie.mills4376@meta.com,+91-85731-07977,Arrah,2025-12-30
EMP04377,Patricia Wolf,Female,Marketing,Marketing Manager,32577,patricia.wolf4377@meta.com,+91-93243-79025,Gurgaon,2025-09-19
EMP04378,Joshua Phillips,Male,Marketing,Content Marketing Manager,19485,joshua.phillips4378@meta.com,+91-60077-13191,Burhanpur,2025-09-05
EMP04379,Kimberly Bradley,Female,Research and Development,Product Development Engineer,47523,kimberly.bradley4379@meta.com,+91-87461-74591,Kozhikode,2025-01-09
EMP04380,James Stevens,Male,Marketing,Content Marketing Manager,40555,james.stevens4380@meta.com,+91-74958-65518,Dehri,2025-04-18
EMP04381,David Hamilton,Male,Research and Development,Research Analyst,17103,david.hamilton4381@meta.com,+91-60960-41934,Chittoor,2025-11-13
EMP04382,Joseph Fleming,Male,Research and Development,R&D Engineer,36859,joseph.fleming4382@meta.com,+91-97445-55572,Srikakulam,2025-08-27
EMP04383,Angel Johnson,Female,IT,data analytics,14436,angel.johnson4383@meta.com,+91-90930-45568,Bokaro,2025-09-03
EMP04384,Jack Anthony,Male,Marketing,Marketing Analyst,13820,jack.anthony4384@meta.com,+91-72632-15393,Burhanpur,2025-11-01
EMP04385,Alexander Wheeler,Male,IT,data analytics,39657,alexander.wheeler4385@meta.com,+91-64836-35885,Lucknow,2025-10-03
EMP04386,Terri Anderson,Female,Research and Development,R&D Engineer,20585,terri.anderson4386@meta.com,+91-60927-38201,Malda,2025-07-21
EMP04387,Samuel Welch,Male,Research and Development,R&D Project Manager,40082,samuel.welch4387@meta.com,+91-71540-66354,Nadiad,2025-12-15
EMP04388,Alexis Levine,Female,IT,software engineer,24537,alexis.levine4388@meta.com,+91-60691-30134,Aurangabad,2025-10-07
EMP04389,Jacob Taylor,Male,Marketing,Marketing Analyst,18811,jacob.taylor4389@meta.com,+91-78105-48834,Surendranagar Dudhrej,2025-10-05
EMP04390,Heather Dixon,Female,IT,ML engineer,22033,heather.dixon4390@meta.com,+91-66245-44340,Jaunpur,2025-02-10
EMP04391,John Carter,Male,Marketing,Content Marketing Manager,46194,john.carter4391@meta.com,+91-94803-88816,Durgapur,2025-02-03
EMP04392,John Cruz,Male,IT,data analytics,44437,john.cruz4392@meta.com,+91-78881-71441,Aurangabad,2025-01-09
EMP04393,Anne Chambers,Female,IT,software engineer,24113,anne.chambers4393@meta.com,+91-80624-58266,Parbhani,2025-09-11
EMP04394,Brandon Marquez,Male,Marketing,SEO Specialist,41542,brandon.marquez4394@meta.com,+91-82193-19993,Durgapur,2025-10-17
EMP04395,Jessica Thompson,Female,Research and Development,Research Analyst,41170,jessica.thompson4395@meta.com,+91-79600-78044,Madanapalle,2025-07-17
EMP04396,Terri Cook,Female,Marketing,Marketing Analyst,22142,terri.cook4396@meta.com,+91-75282-00169,Hospet,2025-06-14
EMP04397,Amy Mann,Female,Marketing,Marketing Manager,20828,amy.mann4397@meta.com,+91-60293-00711,Ambarnath,2025-11-13
EMP04398,Deborah Anderson,Female,Research and Development,Product Development Engineer,35673,deborah.anderson4398@meta.com,+91-99195-55573,Durg,2025-10-21
EMP04399,Jake Bass,Male,Marketing,Content Marketing Manager,44696,jake.bass4399@meta.com,+91-89567-52868,Imphal,2025-03-01
EMP04400,Jeffrey Wagner,Male,Research and Development,R&D Project Manager,10263,jeffrey.wagner4400@meta.com,+91-77400-14274,Gangtok,2025-09-19
EMP04401,Charles Richard,Male,IT,data analytics,26079,charles.richard4401@meta.com,+91-98940-35102,Mehsana,2025-01-24
EMP04402,Sandra Page,Female,Marketing,SEO Specialist,28721,sandra.page4402@meta.com,+91-89674-98090,Dhanbad,2025-07-07
EMP04403,Amy Ross,Female,IT,ML engineer,48801,amy.ross4403@meta.com,+91-73521-44073,Alappuzha,2025-04-10
EMP04404,Denise Brown,Female,Research and Development,R&D Engineer,45312,denise.brown4404@meta.com,+91-78111-26705,Rajpur Sonarpur,2025-09-09
EMP04405,Samantha Ramirez,Female,Research and Development,Research Scientist,13627,samantha.ramirez4405@meta.com,+91-92735-72124,Belgaum,2025-01-22
EMP04406,Jonathan Calhoun,Male,Marketing,SEO Specialist,41057,jonathan.calhoun4406@meta.com,+91-75218-11924,Parbhani,2025-09-14
EMP04407,Aaron Davis,Male,Research and Development,R&D Engineer,24371,aaron.davis4407@meta.com,+91-87137-96114,Nanded,2025-07-12
EMP04408,Michael Love,Male,Marketing,Marketing Analyst,44581,michael.love4408@meta.com,+91-73298-26886,Mysore,2025-09-21
EMP04409,Chad Barnes,Male,Research and Development,R&D Project Manager,19395,chad.barnes4409@meta.com,+91-87811-85936,Hosur,2025-07-09
EMP04410,Thomas Norton,Male,IT,data scientist,19761,thomas.norton4410@meta.com,+91-67242-58866,Chennai,2025-07-28
EMP04411,Karen Brown,Female,Marketing,Content Marketing Manager,34100,karen.brown4411@meta.com,+91-62327-32376,Kishanganj,2025-11-27
EMP04412,Margaret Mullins,Female,IT,data analytics,19622,margaret.mullins4412@meta.com,+91-95129-22439,Mysore,2025-08-18
EMP04413,Brian Watson,Male,Marketing,Content Marketing Manager,32300,brian.watson4413@meta.com,+91-62590-89318,Phagwara,2025-08-04
EMP04414,Cassandra Marshall,Female,Marketing,SEO Specialist,34784,cassandra.marshall4414@meta.com,+91-99804-84366,Chandigarh,2025-04-25
EMP04415,Ethan Simmons,Male,IT,data scientist,33989,ethan.simmons4415@meta.com,+91-91673-13517,Mirzapur,2025-12-28
EMP04416,Darren Montoya,Male,Research and Development,Research Analyst,15450,darren.montoya4416@meta.com,+91-68481-96109,Meerut,2025-08-22
EMP04417,Robert Taylor,Male,Research and Development,R&D Engineer,18263,robert.taylor4417@meta.com,+91-97075-68574,Patna,2025-04-28
EMP04418,Joel Pacheco,Male,Marketing,Marketing Manager,37076,joel.pacheco4418@meta.com,+91-85589-75495,Kanpur,2025-02-20
EMP04419,Aaron Webb,Male,Research and Development,R&D Project Manager,31759,aaron.webb4419@meta.com,+91-60065-52838,Dibrugarh,2025-05-06
EMP04420,Kenneth Collins,Male,Marketing,Marketing Analyst,22477,kenneth.collins4420@meta.com,+91-76325-38609,Durg,2025-05-05
EMP04421,Darrell Brewer,Male,Marketing,Marketing Analyst,22922,darrell.brewer4421@meta.com,+91-71699-90053,Haridwar,2025-12-16
EMP04422,Kevin Berry,Male,IT,ML engineer,16104,kevin.berry4422@meta.com,+91-92762-43814,Hapur,2025-07-11
EMP04423,Bonnie Scott,Female,Research and Development,R&D Engineer,38346,bonnie.scott4423@meta.com,+91-60020-14785,Bhiwandi,2025-09-30
EMP04424,Jennifer Oconnor,Female,Research and Development,R&D Engineer,46910,jennifer.oconnor4424@meta.com,+91-62962-88925,Bhalswa Jahangir Pur,2025-11-27
EMP04425,Dale Collins,Male,IT,data scientist,10534,dale.collins4425@meta.com,+91-88718-82447,Kakinada,2025-01-11
EMP04426,Stephanie Swanson,Female,IT,data scientist,44841,stephanie.swanson4426@meta.com,+91-70880-03099,Vadodara,2025-11-03
EMP04427,Deanna Williams,Female,Research and Development,Research Analyst,46921,deanna.williams4427@meta.com,+91-96261-04846,Kishanganj,2025-08-07
EMP04428,Matthew Powell,Male,IT,software engineer,13305,matthew.powell4428@meta.com,+91-83077-72123,Coimbatore,2025-05-03
EMP04429,John Phillips,Male,Marketing,Marketing Manager,26943,john.phillips4429@meta.com,+91-97160-98189,Bahraich,2025-08-23
EMP04430,Dawn Gallagher,Female,IT,ML engineer,30227,dawn.gallagher4430@meta.com,+91-85097-99782,Naihati,2025-08-01
EMP04431,Seth Hernandez,Male,IT,data analytics,15355,seth.hernandez4431@meta.com,+91-97478-37921,Machilipatnam,2025-12-03
EMP04432,Shannon Werner,Female,Marketing,Marketing Analyst,45733,shannon.werner4432@meta.com,+91-85454-08765,Agra,2025-01-04
EMP04433,Patrick West,Male,Research and Development,Research Analyst,38944,patrick.west4433@meta.com,+91-71692-98934,Chandrapur,2025-04-20
EMP04434,Stephanie Galvan,Female,IT,data scientist,24922,stephanie.galvan4434@meta.com,+91-89140-16918,Motihari,2025-07-05
EMP04435,Elizabeth Thompson,Female,Marketing,Marketing Analyst,38701,elizabeth.thompson4435@meta.com,+91-94746-19421,Eluru,2025-01-15
EMP04436,Tammy Salinas,Female,IT,data scientist,47165,tammy.salinas4436@meta.com,+91-62162-45718,Machilipatnam,2025-12-07
EMP04437,Suzanne Fernandez,Female,Marketing,Content Marketing Manager,32646,suzanne.fernandez4437@meta.com,+91-66184-97414,Thanjavur,2025-12-17
EMP04438,Amy Velasquez,Female,Research and Development,R&D Project Manager,31364,amy.velasquez4438@meta.com,+91-93341-45891,Dhanbad,2025-03-23
EMP04439,Jennifer Cole,Female,Marketing,Marketing Analyst,36908,jennifer.cole4439@meta.com,+91-89532-33286,Nagercoil,2025-03-29
EMP04440,Bobby Woodward,Male,IT,software engineer,22554,bobby.woodward4440@meta.com,+91-96539-17604,Tiruppur,2025-12-12
EMP04441,Kristy Daniel,Female,IT,software engineer,28857,kristy.daniel4441@meta.com,+91-97281-66988,Hindupur,2025-03-10
EMP04442,Amanda Giles,Female,Marketing,SEO Specialist,47508,amanda.giles4442@meta.com,+91-78807-00107,Aligarh,2025-08-26
EMP04443,Andrew Fuller,Male,Research and Development,Research Scientist,16033,andrew.fuller4443@meta.com,+91-79881-53863,Bhopal,2025-01-06
EMP04444,Mary Greene,Female,IT,data analytics,18044,mary.greene4444@meta.com,+91-60153-25447,Salem,2025-05-19
EMP04445,Tiffany Barajas,Female,IT,software engineer,37645,tiffany.barajas4445@meta.com,+91-80314-82410,Guna,2025-03-26
EMP04446,Todd Davis,Male,Marketing,Marketing Manager,33810,todd.davis4446@meta.com,+91-72497-40053,Ajmer,2025-06-27
EMP04447,Gary Phillips,Male,Marketing,Content Marketing Manager,23444,gary.phillips4447@meta.com,+91-86365-61889,Pali,2025-04-10
EMP04448,Anthony Park,Male,Marketing,Marketing Manager,35743,anthony.park4448@meta.com,+91-70441-86022,Nagpur,2025-07-22
EMP04449,Jennifer Oliver,Female,Research and Development,Research Scientist,25855,jennifer.oliver4449@meta.com,+91-64640-70860,Satna,2025-06-22
EMP04450,Ruth Randolph,Female,Research and Development,R&D Engineer,14247,ruth.randolph4450@meta.com,+91-85126-66330,Belgaum,2025-10-14
EMP04451,Yvette Orozco,Female,Research and Development,R&D Project Manager,19970,yvette.orozco4451@meta.com,+91-96139-43762,South Dumdum,2025-06-26
EMP04452,Jeffrey Edwards,Male,Research and Development,R&D Project Manager,12502,jeffrey.edwards4452@meta.com,+91-93220-67399,Allahabad,2025-10-17
EMP04453,Adam Heath,Male,IT,data scientist,22954,adam.heath4453@meta.com,+91-73271-06173,Vijayawada,2025-05-23
EMP04454,Emma Rogers,Female,Marketing,Content Marketing Manager,16247,emma.rogers4454@meta.com,+91-93940-31553,Sri Ganganagar,2025-11-10
EMP04455,Vincent Pena,Male,Marketing,SEO Specialist,40561,vincent.pena4455@meta.com,+91-86048-20689,Gandhidham,2025-01-15
EMP04456,Madeline Williamson,Female,IT,software engineer,19120,madeline.williamson4456@meta.com,+91-84006-51195,Bahraich,2025-12-25
EMP04457,Diane Blanchard,Female,IT,ML engineer,41192,diane.blanchard4457@meta.com,+91-69468-07060,Salem,2025-02-27
EMP04458,Pamela Padilla,Female,Research and Development,Product Development Engineer,37618,pamela.padilla4458@meta.com,+91-87466-40431,Madhyamgram,2025-08-12
EMP04459,Linda Williams,Female,IT,ML engineer,37015,linda.williams4459@meta.com,+91-80807-85619,Gudivada,2025-05-21
EMP04460,Michael Schneider,Male,IT,ML engineer,42711,michael.schneider4460@meta.com,+91-83431-45685,Amritsar,2025-11-25
EMP04461,Amber Haas,Female,Marketing,SEO Specialist,25201,amber.haas4461@meta.com,+91-86987-69486,Thrissur,2025-08-17
EMP04462,Wayne Mejia,Male,Marketing,Marketing Manager,16921,wayne.mejia4462@meta.com,+91-71109-59509,Kurnool,2025-07-20
EMP04463,Michael Riley,Male,Marketing,Digital Marketing Specialist,15951,michael.riley4463@meta.com,+91-79320-57138,Alwar,2025-03-07
EMP04464,Gregory Pace,Male,Research and Development,R&D Engineer,45658,gregory.pace4464@meta.com,+91-81161-09803,Haldia,2025-06-09
EMP04465,Amber Carr,Female,Research and Development,Product Development Engineer,10559,amber.carr4465@meta.com,+91-88767-69908,Rajkot,2025-03-31
EMP04466,Benjamin Evans,Male,Marketing,Marketing Manager,30587,benjamin.evans4466@meta.com,+91-75837-15369,Korba,2025-11-02
EMP04467,William Rogers,Male,Research and Development,Product Development Engineer,44200,william.rogers4467@meta.com,+91-82028-29481,Bongaigaon,2025-04-22
EMP04468,Ian Wolf,Male,IT,data scientist,13418,ian.wolf4468@meta.com,+91-65807-65617,Dindigul,2025-03-17
EMP04469,Melissa Peterson,Female,IT,software engineer,17541,melissa.peterson4469@meta.com,+91-91507-50821,Mirzapur,2025-09-23
EMP04470,James Johnson,Male,Research and Development,Product Development Engineer,34038,james.johnson4470@meta.com,+91-64158-60486,Morbi,2025-12-06
EMP04471,Laura Lane,Female,Marketing,Marketing Analyst,34275,laura.lane4471@meta.com,+91-72807-48001,Sikar,2025-08-23
EMP04472,Laura Hahn,Female,Marketing,Digital Marketing Specialist,47110,laura.hahn4472@meta.com,+91-82206-60045,Srinagar,2025-05-23
EMP04473,Joshua Love,Male,Research and Development,Research Scientist,43229,joshua.love4473@meta.com,+91-85529-86219,Firozabad,2025-05-17
EMP04474,Amanda Dominguez,Female,Research and Development,R&D Project Manager,40681,amanda.dominguez4474@meta.com,+91-96441-54700,Nangloi Jat,2025-10-21
EMP04475,Jonathan Benson,Male,IT,data analytics,25133,jonathan.benson4475@meta.com,+91-95643-84139,Bellary,2025-09-05
EMP04476,Matthew Hudson,Male,Research and Development,Research Scientist,22511,matthew.hudson4476@meta.com,+91-80243-49996,Aizawl,2025-11-25
EMP04477,Kevin Richmond,Male,Research and Development,Product Development Engineer,19740,kevin.richmond4477@meta.com,+91-91870-93617,Kamarhati,2025-12-24
EMP04478,Alicia Long,Female,IT,software engineer,11987,alicia.long4478@meta.com,+91-61859-85906,Burhanpur,2025-02-19
EMP04479,Peter Bradford,Male,IT,ML engineer,44069,peter.bradford4479@meta.com,+91-64808-00678,Khammam,2025-10-25
EMP04480,Adam Martin,Male,Research and Development,Product Development Engineer,49832,adam.martin4480@meta.com,+91-86926-33239,Hyderabad,2025-11-14
EMP04481,Angel Lewis,Female,Marketing,Digital Marketing Specialist,22594,angel.lewis4481@meta.com,+91-60821-76847,Satara,2025-01-19
EMP04482,David Nolan,Male,Marketing,Marketing Manager,45265,david.nolan4482@meta.com,+91-69748-27542,Baranagar,2025-06-05
EMP04483,Ashley Medina,Female,Marketing,Marketing Analyst,33880,ashley.medina4483@meta.com,+91-93200-14457,Ballia,2025-06-08
EMP04484,Antonio Lopez,Male,Marketing,Marketing Analyst,39129,antonio.lopez4484@meta.com,+91-62509-36637,Muzaffarnagar,2025-09-11
EMP04485,Rachel Parker,Female,Marketing,SEO Specialist,26482,rachel.parker4485@meta.com,+91-60985-49589,Coimbatore,2025-03-29
EMP04486,Alexis Cobb,Female,IT,ML engineer,26785,alexis.cobb4486@meta.com,+91-88158-78281,Bidar,2025-01-17
EMP04487,Ryan Williams,Male,IT,data scientist,48044,ryan.williams4487@meta.com,+91-81499-91182,Kolkata,2025-06-02
EMP04488,Mark Haley,Male,Marketing,Digital Marketing Specialist,48624,mark.haley4488@meta.com,+91-60504-47695,Sasaram,2025-09-18
EMP04489,David Smith,Male,IT,ML engineer,47110,david.smith4489@meta.com,+91-88154-77088,Hubli–Dharwad,2025-11-15
EMP04490,James Wallace,Male,IT,data analytics,47863,james.wallace4490@meta.com,+91-77767-41929,Tadepalligudem,2025-08-14
EMP04491,Timothy Campbell,Male,IT,data analytics,19627,timothy.campbell4491@meta.com,+91-69745-05616,Sirsa,2025-01-15
EMP04492,Geoffrey Walter,Male,Marketing,Content Marketing Manager,26576,geoffrey.walter4492@meta.com,+91-92593-69195,North Dumdum,2025-08-24
EMP04493,Scott Valencia,Male,IT,software engineer,15598,scott.valencia4493@meta.com,+91-73715-43793,Tirunelveli,2025-04-25
EMP04494,Kevin Watkins,Male,IT,data scientist,45155,kevin.watkins4494@meta.com,+91-68332-52261,Bijapur,2025-12-30
EMP04495,Christopher Williams,Male,Research and Development,Research Analyst,38218,christopher.williams4495@meta.com,+91-68939-42427,Gurgaon,2025-01-24
EMP04496,Michael Khan,Male,Research and Development,Product Development Engineer,49644,michael.khan4496@meta.com,+91-91999-52099,Ajmer,2025-09-08
EMP04497,Judith Gomez,Female,Research and Development,Research Scientist,14740,judith.gomez4497@meta.com,+91-87130-69948,Solapur,2025-05-03
EMP04498,David Lucero,Male,IT,ML engineer,13713,david.lucero4498@meta.com,+91-98781-15087,Kavali,2025-10-25
EMP04499,Beth Solomon,Female,Research and Development,R&D Project Manager,15214,beth.solomon4499@meta.com,+91-67249-37774,Mysore,2025-02-26
EMP04500,Rebecca Wilkinson,Female,Research and Development,Product Development Engineer,48927,rebecca.wilkinson4500@meta.com,+91-95344-70716,Jamalpur,2025-07-06
EMP04501,Abigail Lopez,Female,IT,software engineer,39175,abigail.lopez4501@meta.com,+91-79999-10718,Navi Mumbai,2025-03-05
EMP04502,Maria Franklin,Female,Research and Development,Research Scientist,49762,maria.franklin4502@meta.com,+91-97414-22518,Jabalpur,2025-03-15
EMP04503,Heather Lozano,Female,Marketing,Content Marketing Manager,37141,heather.lozano4503@meta.com,+91-68523-59614,Nagaon,2025-03-06
EMP04504,Laura Burns,Female,Research and Development,Product Development Engineer,26314,laura.burns4504@meta.com,+91-90268-84173,Ambarnath,2025-11-28
EMP04505,Keith Hamilton,Male,Marketing,Content Marketing Manager,16428,keith.hamilton4505@meta.com,+91-76527-55586,Ambala,2025-04-20
EMP04506,Jessica Nichols,Female,Research and Development,Product Development Engineer,27429,jessica.nichols4506@meta.com,+91-71091-80077,Jamalpur,2025-09-28
EMP04507,Joshua Cross,Male,Marketing,SEO Specialist,30660,joshua.cross4507@meta.com,+91-96367-79464,Jehanabad,2025-03-22
EMP04508,Nicole Vaughn,Female,Marketing,Digital Marketing Specialist,38551,nicole.vaughn4508@meta.com,+91-97402-12646,Rourkela,2025-05-18
EMP04509,Michael Davis,Male,Marketing,Marketing Manager,39996,michael.davis4509@meta.com,+91-67847-44476,Dhanbad,2025-09-25
EMP04510,Nicole Mejia,Female,IT,ML engineer,35158,nicole.mejia4510@meta.com,+91-89100-49017,Nangloi Jat,2025-09-11
EMP04511,Joseph Stokes,Male,Research and Development,Research Analyst,31859,joseph.stokes4511@meta.com,+91-62780-50254,Jabalpur,2025-02-06
EMP04512,Joshua Bennett,Male,Marketing,Marketing Analyst,48904,joshua.bennett4512@meta.com,+91-86968-61123,Danapur,2025-06-21
EMP04513,Susan Mendoza,Female,IT,data scientist,22113,susan.mendoza4513@meta.com,+91-90158-99209,Danapur,2025-09-22
EMP04514,Donald Ali,Male,Marketing,Marketing Analyst,48995,donald.ali4514@meta.com,+91-87580-17470,Meerut,2025-06-18
EMP04515,Mary Cowan,Female,Marketing,Marketing Manager,11467,mary.cowan4515@meta.com,+91-94333-66205,Gulbarga,2025-12-26
EMP04516,Miranda Woods,Female,IT,ML engineer,34234,miranda.woods4516@meta.com,+91-64443-32713,Meerut,2025-03-03
EMP04517,Cassandra Lewis,Female,Marketing,Digital Marketing Specialist,28053,cassandra.lewis4517@meta.com,+91-68742-35094,Jorhat,2025-01-26
EMP04518,Cameron House,Male,Research and Development,R&D Engineer,19947,cameron.house4518@meta.com,+91-96994-86412,Bhavnagar,2025-05-23
EMP04519,Matthew Moore,Male,Marketing,Content Marketing Manager,14263,matthew.moore4519@meta.com,+91-85757-39651,Hubli–Dharwad,2025-07-28
EMP04520,Donald Freeman,Male,Research and Development,Research Scientist,15042,donald.freeman4520@meta.com,+91-78343-20974,Rajpur Sonarpur,2025-09-06
EMP04521,Nicholas Middleton,Male,Research and Development,Research Analyst,27499,nicholas.middleton4521@meta.com,+91-89855-62625,Amritsar,2025-09-17
EMP04522,Jennifer Ashley,Female,IT,data scientist,30802,jennifer.ashley4522@meta.com,+91-86110-20017,Gangtok,2025-03-19
EMP04523,Lindsey Gonzalez,Female,Research and Development,R&D Project Manager,31953,lindsey.gonzalez4523@meta.com,+91-79219-18469,Cuttack,2025-01-24
EMP04524,Nancy Navarro,Female,Research and Development,Research Analyst,35691,nancy.navarro4524@meta.com,+91-97908-67533,Vadodara,2025-02-05
EMP04525,Mark Irwin,Male,Research and Development,Research Scientist,18626,mark.irwin4525@meta.com,+91-60078-83821,Jalgaon,2025-12-20
EMP04526,Colleen Anderson,Female,Research and Development,Research Scientist,27888,colleen.anderson4526@meta.com,+91-68338-54755,Mehsana,2025-11-13
EMP04527,Ian Arias,Male,Research and Development,Research Analyst,30992,ian.arias4527@meta.com,+91-73389-79873,Latur,2025-02-18
EMP04528,Jake Lee,Male,Marketing,Digital Marketing Specialist,46654,jake.lee4528@meta.com,+91-61102-59451,Ambala,2025-06-12
EMP04529,Anna Rogers,Female,Marketing,Content Marketing Manager,32507,anna.rogers4529@meta.com,+91-93814-87004,Vellore,2025-09-26
EMP04530,Dawn Gonzalez,Female,Marketing,Digital Marketing Specialist,19569,dawn.gonzalez4530@meta.com,+91-67800-08916,Hapur,2025-10-17
EMP04531,Michelle Larson,Female,Research and Development,Product Development Engineer,15993,michelle.larson4531@meta.com,+91-73319-04686,Sirsa,2025-03-05
EMP04532,Joe Sanders,Male,IT,data analytics,43592,joe.sanders4532@meta.com,+91-90648-39373,Phagwara,2025-03-12
EMP04533,Joshua Anderson,Male,Research and Development,Research Analyst,42553,joshua.anderson4533@meta.com,+91-93496-78476,Lucknow,2025-12-24
EMP04534,Matthew Ewing,Male,Research and Development,Research Analyst,17870,matthew.ewing4534@meta.com,+91-65570-38838,Vijayanagaram,2025-07-27
EMP04535,Michael Hess,Male,Research and Development,Research Analyst,16369,michael.hess4535@meta.com,+91-62325-82092,Nandyal,2025-09-05
EMP04536,Elizabeth Grimes,Female,Marketing,Content Marketing Manager,37523,elizabeth.grimes4536@meta.com,+91-97420-09604,Kozhikode,2025-03-21
EMP04537,Lauren Sosa,Female,Marketing,Digital Marketing Specialist,21532,lauren.sosa4537@meta.com,+91-87533-60222,Jamshedpur,2025-10-21
EMP04538,Tony Johnson,Male,Marketing,Marketing Manager,13279,tony.johnson4538@meta.com,+91-62634-63569,Hosur,2025-11-28
EMP04539,Samantha Jones,Female,Research and Development,Research Analyst,26011,samantha.jones4539@meta.com,+91-92344-53586,Katni,2025-04-05
EMP04540,Carla Bradley,Female,Research and Development,R&D Engineer,34630,carla.bradley4540@meta.com,+91-72698-14763,Kochi,2025-01-26
EMP04541,Jennifer Smith,Female,Marketing,Digital Marketing Specialist,24905,jennifer.smith4541@meta.com,+91-63075-32185,Ambarnath,2025-08-22
EMP04542,Jared Dyer,Male,Marketing,SEO Specialist,26152,jared.dyer4542@meta.com,+91-70568-18041,Singrauli,2025-06-30
EMP04543,Joe Mullins,Male,Marketing,SEO Specialist,25868,joe.mullins4543@meta.com,+91-67797-11775,Yamunanagar,2025-11-17
EMP04544,David Long,Male,Marketing,Content Marketing Manager,25560,david.long4544@meta.com,+91-90501-63107,Guwahati,2025-11-19
EMP04545,Laura Brock,Female,Research and Development,R&D Project Manager,38157,laura.brock4545@meta.com,+91-73210-78343,Mirzapur,2025-08-27
EMP04546,Amy Perkins,Female,IT,data analytics,26618,amy.perkins4546@meta.com,+91-71453-49106,Dewas,2025-02-11
EMP04547,Mary Alexander,Female,Marketing,Digital Marketing Specialist,22572,mary.alexander4547@meta.com,+91-63801-71221,Katni,2025-07-09
EMP04548,William Cohen,Male,IT,data analytics,14849,william.cohen4548@meta.com,+91-79030-16366,Kamarhati,2025-09-07
EMP04549,Keith Cooper,Male,IT,ML engineer,31176,keith.cooper4549@meta.com,+91-75777-94886,Mahbubnagar,2025-12-19
EMP04550,James Chavez,Male,Research and Development,R&D Project Manager,46523,james.chavez4550@meta.com,+91-77540-19652,Gulbarga,2025-08-27
EMP04551,Janice Hamilton,Female,Marketing,Marketing Manager,14069,janice.hamilton4551@meta.com,+91-63620-91182,Hubli–Dharwad,2025-04-06
EMP04552,Edward Thomas,Male,IT,data analytics,20830,edward.thomas4552@meta.com,+91-86763-09583,Bulandshahr,2025-08-06
EMP04553,Mary Gillespie,Female,Research and Development,R&D Project Manager,31012,mary.gillespie4553@meta.com,+91-77181-46714,Miryalaguda,2025-08-15
EMP04554,Michael Adams,Male,Marketing,Marketing Analyst,45939,michael.adams4554@meta.com,+91-82329-74332,Salem,2025-07-05
EMP04555,Meghan Horn,Female,Marketing,Content Marketing Manager,42779,meghan.horn4555@meta.com,+91-89578-57094,Deoghar,2025-12-17
EMP04556,Nancy Avery,Female,Marketing,Content Marketing Manager,47830,nancy.avery4556@meta.com,+91-87937-78188,Vellore,2025-04-25
EMP04557,Charles Allen,Male,Research and Development,R&D Engineer,19495,charles.allen4557@meta.com,+91-68184-89764,Guwahati,2025-03-13
EMP04558,Mary Duncan,Female,IT,data analytics,23560,mary.duncan4558@meta.com,+91-66166-62913,Firozabad,2025-03-14
EMP04559,Daniel Castro,Male,IT,software engineer,39135,daniel.castro4559@meta.com,+91-88765-64835,Guntur,2025-01-19
EMP04560,Michelle Rivers,Female,IT,software engineer,13752,michelle.rivers4560@meta.com,+91-94390-86931,Jaunpur,2025-05-04
EMP04561,William Lopez,Male,Research and Development,R&D Engineer,35229,william.lopez4561@meta.com,+91-87526-43958,Howrah,2025-01-08
EMP04562,Holly Young,Female,Marketing,Content Marketing Manager,46538,holly.young4562@meta.com,+91-80914-01668,Bhilwara,2025-09-02
EMP04563,Travis Avery,Male,Marketing,Content Marketing Manager,18430,travis.avery4563@meta.com,+91-81906-41983,New Delhi,2025-01-18
EMP04564,Angela Mccarthy,Female,IT,software engineer,18866,angela.mccarthy4564@meta.com,+91-60503-95146,Dehri,2025-09-20
EMP04565,Kathryn Johnson,Female,Research and Development,R&D Project Manager,24668,kathryn.johnson4565@meta.com,+91-64855-64292,Uluberia,2025-07-22
EMP04566,Sharon Osborne,Female,Research and Development,Product Development Engineer,38784,sharon.osborne4566@meta.com,+91-99688-84898,Phusro,2025-10-12
EMP04567,Michael Porter,Male,IT,data analytics,39055,michael.porter4567@meta.com,+91-67552-43019,Rewa,2025-09-05
EMP04568,Kevin Jacobson,Male,IT,data scientist,27812,kevin.jacobson4568@meta.com,+91-99920-11323,Thanjavur,2025-02-07
EMP04569,Theresa Ward,Female,Research and Development,Product Development Engineer,42113,theresa.ward4569@meta.com,+91-99255-15370,Junagadh,2025-10-25
EMP04570,Jacob Kennedy,Male,Research and Development,R&D Engineer,20891,jacob.kennedy4570@meta.com,+91-64325-84389,Singrauli,2025-06-21
EMP04571,James Chandler,Male,Research and Development,Research Scientist,21958,james.chandler4571@meta.com,+91-83900-80579,Rajkot,2025-09-01
EMP04572,Jessica Bullock,Female,IT,data scientist,40827,jessica.bullock4572@meta.com,+91-90181-78397,Vijayawada,2025-11-19
EMP04573,Cassandra Mitchell,Female,IT,software engineer,22917,cassandra.mitchell4573@meta.com,+91-75374-92605,Jorhat,2025-11-14
EMP04574,Michael Smith,Male,IT,data analytics,19007,michael.smith4574@meta.com,+91-69490-90574,Tadipatri,2025-02-03
EMP04575,Thomas Torres,Male,Research and Development,Product Development Engineer,32635,thomas.torres4575@meta.com,+91-68258-25420,Mau,2025-05-10
EMP04576,Cathy Ross,Female,Research and Development,Product Development Engineer,23390,cathy.ross4576@meta.com,+91-92809-46048,North Dumdum,2025-05-12
EMP04577,Richard Watson,Male,Marketing,SEO Specialist,31325,richard.watson4577@meta.com,+91-89851-80742,Sikar,2025-02-21
EMP04578,Elizabeth Griffin,Female,Research and Development,Research Scientist,44195,elizabeth.griffin4578@meta.com,+91-84122-86145,Mathura,2025-01-18
EMP04579,Adam Berg,Male,Marketing,Digital Marketing Specialist,30105,adam.berg4579@meta.com,+91-98752-79914,Bhavnagar,2025-06-17
EMP04580,Cynthia Frank,Female,IT,software engineer,10526,cynthia.frank4580@meta.com,+91-73869-96881,Shimoga,2025-12-16
EMP04581,Christopher Martinez,Male,Research and Development,R&D Engineer,37236,christopher.martinez4581@meta.com,+91-77090-57606,Faridabad,2025-05-14
EMP04582,Zachary Mckay,Male,Research and Development,R&D Project Manager,28050,zachary.mckay4582@meta.com,+91-91638-65681,Shahjahanpur,2025-04-08
EMP04583,Ricky Moore,Male,Research and Development,Product Development Engineer,11901,ricky.moore4583@meta.com,+91-70766-64800,Bhiwandi,2025-01-12
EMP04584,Eric Stewart,Male,Research and Development,Research Scientist,32918,eric.stewart4584@meta.com,+91-79988-04444,Kakinada,2025-02-21
EMP04585,Nathan Brown,Male,Research and Development,R&D Project Manager,48625,nathan.brown4585@meta.com,+91-72292-67267,Muzaffarnagar,2025-12-15
EMP04586,Mary Ellis,Female,Research and Development,Research Scientist,35447,mary.ellis4586@meta.com,+91-77794-34404,Surat,2025-02-04
EMP04587,Amanda Brewer,Female,IT,data analytics,24324,amanda.brewer4587@meta.com,+91-80120-06120,Shimla,2025-01-24
EMP04588,Teresa Short,Female,Marketing,Marketing Analyst,32112,teresa.short4588@meta.com,+91-70620-12339,Ajmer,2025-06-07
EMP04589,Tara Miller,Female,Marketing,Digital Marketing Specialist,40456,tara.miller4589@meta.com,+91-66254-88812,Tiruchirappalli,2025-05-05
EMP04590,Sydney Hawkins,Female,Marketing,SEO Specialist,11607,sydney.hawkins4590@meta.com,+91-82216-00175,Sangli-Miraj & Kupwad,2025-02-16
EMP04591,Daniel Ochoa,Male,IT,ML engineer,34519,daniel.ochoa4591@meta.com,+91-89252-07427,Belgaum,2025-07-26
EMP04592,Jeffrey Bullock,Male,Research and Development,R&D Project Manager,11750,jeffrey.bullock4592@meta.com,+91-87707-18630,Rampur,2025-12-10
EMP04593,Derek Frazier,Male,Marketing,Marketing Manager,13180,derek.frazier4593@meta.com,+91-77732-47451,Nashik,2025-10-20
EMP04594,Brian Lee,Male,IT,data analytics,25260,brian.lee4594@meta.com,+91-76323-30328,Nagpur,2025-02-12
EMP04595,Melissa Jenkins,Female,Marketing,Marketing Manager,30956,melissa.jenkins4595@meta.com,+91-84562-17752,Siliguri,2025-10-01
EMP04596,Daniel Wallace,Male,Marketing,Content Marketing Manager,49013,daniel.wallace4596@meta.com,+91-90676-12154,Mira-Bhayandar,2025-01-10
EMP04597,Laura Ross,Female,Research and Development,R&D Engineer,26491,laura.ross4597@meta.com,+91-61914-21056,Vellore,2025-08-16
EMP04598,Cole Mcdonald,Male,Research and Development,R&D Engineer,21977,cole.mcdonald4598@meta.com,+91-87063-99596,Alwar,2025-12-28
EMP04599,Susan Brewer,Female,Marketing,Digital Marketing Specialist,13957,susan.brewer4599@meta.com,+91-71341-59756,Raurkela Industrial Township,2025-10-01
EMP04600,Robin Cervantes,Female,IT,data analytics,25846,robin.cervantes4600@meta.com,+91-82597-56726,Nagpur,2025-09-22
EMP04601,Tanya Richardson,Female,Research and Development,Product Development Engineer,32263,tanya.richardson4601@meta.com,+91-90977-98164,Vadodara,2025-11-14
EMP04602,Allison Hernandez,Female,Marketing,SEO Specialist,39835,allison.hernandez4602@meta.com,+91-70803-27875,Warangal,2025-10-11
EMP04603,Ana Lopez,Female,Marketing,Digital Marketing Specialist,30543,ana.lopez4603@meta.com,+91-78114-46172,Jammu,2025-11-30
EMP04604,Barbara Johnson,Female,Research and Development,Research Scientist,14545,barbara.johnson4604@meta.com,+91-82061-40484,Ambattur,2025-01-27
EMP04605,Tracy Schwartz,Female,Research and Development,R&D Engineer,42549,tracy.schwartz4605@meta.com,+91-72840-59943,Bellary,2025-08-21
EMP04606,Phillip Rice,Male,Marketing,Digital Marketing Specialist,25262,phillip.rice4606@meta.com,+91-78343-83699,Shimla,2025-07-28
EMP04607,Wyatt Kerr,Male,IT,data scientist,10508,wyatt.kerr4607@meta.com,+91-68433-90607,Bhilai,2025-05-23
EMP04608,Craig Dean,Male,Research and Development,R&D Project Manager,23366,craig.dean4608@meta.com,+91-91684-96236,Jamnagar,2025-04-01
EMP04609,Kelly Myers,Female,IT,data scientist,46606,kelly.myers4609@meta.com,+91-82916-50703,Ghaziabad,2025-09-07
EMP04610,Matthew Johnston,Male,Research and Development,Research Scientist,45750,matthew.johnston4610@meta.com,+91-95522-68771,Shahjahanpur,2025-11-18
EMP04611,Hailey Ball,Female,Marketing,Marketing Manager,18758,hailey.ball4611@meta.com,+91-80257-85572,Kakinada,2025-11-11
EMP04612,Theodore Hernandez,Male,Research and Development,R&D Engineer,17467,theodore.hernandez4612@meta.com,+91-92211-90418,Mango,2025-06-06
EMP04613,Cristina Gilbert,Female,IT,ML engineer,47127,cristina.gilbert4613@meta.com,+91-79562-92646,Mumbai,2025-04-28
EMP04614,Donna Farrell,Female,Research and Development,R&D Project Manager,13866,donna.farrell4614@meta.com,+91-88568-55655,Raichur,2025-05-25
EMP04615,Darin Perez,Male,Marketing,Content Marketing Manager,31907,darin.perez4615@meta.com,+91-63423-88404,Chandigarh,2025-07-20
EMP04616,Katie Stanton,Female,Marketing,Marketing Manager,28211,katie.stanton4616@meta.com,+91-90856-99591,Sikar,2025-03-14
EMP04617,Anna Williams,Female,Research and Development,Research Analyst,39026,anna.williams4617@meta.com,+91-92647-52024,Ranchi,2025-01-21
EMP04618,Jorge Price,Male,IT,software engineer,23055,jorge.price4618@meta.com,+91-94021-87547,Jamshedpur,2025-08-22
EMP04619,Pamela Roman,Female,IT,software engineer,11340,pamela.roman4619@meta.com,+91-67402-48134,Eluru,2025-05-25
EMP04620,Andrew Smith,Male,Research and Development,Research Scientist,26332,andrew.smith4620@meta.com,+91-71026-56904,Bhatpara,2025-01-16
EMP04621,Jennifer Gomez,Female,IT,ML engineer,15230,jennifer.gomez4621@meta.com,+91-89470-43562,Proddatur,2025-12-24
EMP04622,Michael Chen,Male,Research and Development,Product Development Engineer,47129,michael.chen4622@meta.com,+91-66937-33285,Hubli–Dharwad,2025-11-24
EMP04623,Victor Vasquez,Male,IT,software engineer,13289,victor.vasquez4623@meta.com,+91-97572-33850,Firozabad,2025-08-29
EMP04624,Joseph Scott,Male,Marketing,SEO Specialist,29692,joseph.scott4624@meta.com,+91-88761-75088,Morena,2025-12-01
EMP04625,Curtis Ramos,Male,Marketing,Marketing Manager,30796,curtis.ramos4625@meta.com,+91-78448-11499,Mira-Bhayandar,2025-08-05
EMP04626,Charles Petty,Male,Marketing,Marketing Manager,34924,charles.petty4626@meta.com,+91-61983-14071,Jamnagar,2025-11-26
EMP04627,Brenda Martin,Female,IT,data scientist,30580,brenda.martin4627@meta.com,+91-99531-79886,Aligarh,2025-11-19
EMP04628,Nicole Carter,Female,Marketing,Content Marketing Manager,35882,nicole.carter4628@meta.com,+91-63203-54528,Sri Ganganagar,2025-03-29
EMP04629,Justin Santiago,Male,Marketing,Content Marketing Manager,15525,justin.santiago4629@meta.com,+91-60443-03806,Udaipur,2025-01-04
EMP04630,Christopher Mullen,Male,Marketing,Content Marketing Manager,36550,christopher.mullen4630@meta.com,+91-86101-02129,Howrah,2025-01-05
EMP04631,Jamie Nicholson,Female,IT,ML engineer,42838,jamie.nicholson4631@meta.com,+91-80041-35278,Rajpur Sonarpur,2025-09-28
EMP04632,Jacqueline Williams,Female,Research and Development,R&D Project Manager,39013,jacqueline.williams4632@meta.com,+91-81823-26301,Latur,2025-03-01
EMP04633,Roy Reid,Male,IT,data analytics,38553,roy.reid4633@meta.com,+91-89231-79454,Sambalpur,2025-01-07
EMP04634,Austin Holland,Male,Marketing,Content Marketing Manager,47806,austin.holland4634@meta.com,+91-96225-54150,Darbhanga,2025-08-18
EMP04635,Jennifer Mcguire,Female,IT,software engineer,40545,jennifer.mcguire4635@meta.com,+91-93432-04667,Vasai-Virar,2025-03-04
EMP04636,Samantha Smith,Female,Marketing,Digital Marketing Specialist,38010,samantha.smith4636@meta.com,+91-93097-51020,Berhampur,2025-09-29
EMP04637,Scott Dodson,Male,Research and Development,R&D Project Manager,40186,scott.dodson4637@meta.com,+91-66436-29855,Kishanganj,2025-06-21
EMP04638,Fred Smith,Male,IT,data analytics,20652,fred.smith4638@meta.com,+91-69508-50655,Muzaffarnagar,2025-07-28
EMP04639,Raymond Thompson,Male,Research and Development,Research Analyst,37517,raymond.thompson4639@meta.com,+91-70748-31072,Danapur,2025-06-01
EMP04640,Richard Beck,Male,Research and Development,Product Development Engineer,37569,richard.beck4640@meta.com,+91-76120-74977,Aurangabad,2025-11-07
EMP04641,Samantha Wells,Female,Marketing,SEO Specialist,33187,samantha.wells4641@meta.com,+91-82820-96215,Kharagpur,2025-01-16
EMP04642,Amy Cross,Female,Research and Development,Research Analyst,26468,amy.cross4642@meta.com,+91-71417-17117,Ranchi,2025-05-01
EMP04643,Heidi King,Female,Research and Development,Research Scientist,25055,heidi.king4643@meta.com,+91-76615-57769,Akola,2025-08-11
EMP04644,Timothy Keller,Male,IT,ML engineer,19105,timothy.keller4644@meta.com,+91-64708-28835,Chandigarh,2025-12-04
EMP04645,Jessica Le,Female,Marketing,SEO Specialist,32101,jessica.le4645@meta.com,+91-78236-42421,Solapur,2025-10-07
EMP04646,Kylie Hull,Female,Research and Development,Product Development Engineer,20515,kylie.hull4646@meta.com,+91-75607-72647,Ozhukarai,2025-04-06
EMP04647,Jeffrey Smith,Male,Research and Development,Research Scientist,45074,jeffrey.smith4647@meta.com,+91-96095-55923,Gangtok,2025-03-09
EMP04648,Michelle Vargas,Female,Marketing,Digital Marketing Specialist,42493,michelle.vargas4648@meta.com,+91-68210-72313,Gudivada,2025-02-10
EMP04649,Frank Payne,Male,Marketing,Content Marketing Manager,18251,frank.payne4649@meta.com,+91-94095-60269,Udaipur,2025-08-07
EMP04650,Amy Lara,Female,Research and Development,Research Scientist,25983,amy.lara4650@meta.com,+91-97445-45260,Surat,2025-02-12
EMP04651,Dawn Hamilton,Female,Marketing,Marketing Analyst,10739,dawn.hamilton4651@meta.com,+91-87724-02564,Kanpur,2025-09-05
EMP04652,Andrea Camacho,Female,Marketing,Marketing Analyst,49388,andrea.camacho4652@meta.com,+91-67762-52821,Jalandhar,2025-01-13
EMP04653,Brandy Stanley,Female,Marketing,SEO Specialist,19891,brandy.stanley4653@meta.com,+91-67434-92877,Aizawl,2025-06-23
EMP04654,Benjamin Harris,Male,Research and Development,Research Scientist,44148,benjamin.harris4654@meta.com,+91-91233-59521,Chinsurah,2025-04-15
EMP04655,Susan Oliver,Female,Research and Development,Research Scientist,48670,susan.oliver4655@meta.com,+91-77175-12925,Katihar,2025-01-04
EMP04656,Lacey Gibson,Female,IT,software engineer,34284,lacey.gibson4656@meta.com,+91-83896-05648,Buxar,2025-10-10
EMP04657,Tina Wells,Female,Marketing,Marketing Analyst,38442,tina.wells4657@meta.com,+91-97971-36980,Dehradun,2025-02-23
EMP04658,Jessica Barry,Female,Research and Development,Research Scientist,36755,jessica.barry4658@meta.com,+91-83044-10867,Vijayawada,2025-01-24
EMP04659,Robert Galloway,Male,IT,data analytics,35856,robert.galloway4659@meta.com,+91-89597-30222,Mira-Bhayandar,2025-05-19
EMP04660,Jessica Price,Female,Marketing,SEO Specialist,21034,jessica.price4660@meta.com,+91-73636-49419,Jaunpur,2025-05-14
EMP04661,Tina Dominguez,Female,Research and Development,Product Development Engineer,42575,tina.dominguez4661@meta.com,+91-94792-23839,Tinsukia,2025-11-26
EMP04662,Jason Young,Male,Marketing,Marketing Manager,49568,jason.young4662@meta.com,+91-60649-81845,Aurangabad,2025-11-19
EMP04663,Steven Wolfe,Male,Marketing,Digital Marketing Specialist,26934,steven.wolfe4663@meta.com,+91-67249-21237,Panihati,2025-03-19
EMP04664,Ashley Davis,Female,Research and Development,Product Development Engineer,20279,ashley.davis4664@meta.com,+91-92619-27066,Ozhukarai,2025-09-26
EMP04665,Ellen Johnson,Female,IT,ML engineer,14647,ellen.johnson4665@meta.com,+91-70905-39243,South Dumdum,2025-12-13
EMP04666,David Thomas,Male,Marketing,Marketing Analyst,40422,david.thomas4666@meta.com,+91-91352-97753,Jamshedpur,2025-01-02
EMP04667,Kevin Bell,Male,IT,software engineer,33361,kevin.bell4667@meta.com,+91-70264-74376,Karnal,2025-07-19
EMP04668,Katelyn Gray,Female,Marketing,Marketing Analyst,23213,katelyn.gray4668@meta.com,+91-75420-46339,Phusro,2025-02-14
EMP04669,Mark Marsh,Male,Marketing,SEO Specialist,40004,mark.marsh4669@meta.com,+91-76252-23173,Nangloi Jat,2025-10-19
EMP04670,Adam Williams,Male,IT,data analytics,19154,adam.williams4670@meta.com,+91-66811-31959,Bidar,2025-07-03
EMP04671,Tracy Marshall,Female,Marketing,SEO Specialist,42675,tracy.marshall4671@meta.com,+91-60464-80170,Tirupati,2025-10-15
EMP04672,Kimberly Farmer,Female,IT,data scientist,27974,kimberly.farmer4672@meta.com,+91-69835-00503,Rewa,2025-06-25
EMP04673,Edward West,Male,Marketing,Content Marketing Manager,11435,edward.west4673@meta.com,+91-68385-47980,Tirupati,2025-07-16
EMP04674,Stephen Davis,Male,Research and Development,Research Analyst,16941,stephen.davis4674@meta.com,+91-82267-41177,Kharagpur,2025-04-12
EMP04675,Stephanie Simmons,Female,Marketing,SEO Specialist,45328,stephanie.simmons4675@meta.com,+91-81613-61347,Bardhaman,2025-07-25
EMP04676,Scott Johnson,Male,IT,data scientist,40336,scott.johnson4676@meta.com,+91-96535-75842,Sambalpur,2025-12-19
EMP04677,Heather Hale,Female,Marketing,Content Marketing Manager,44120,heather.hale4677@meta.com,+91-67575-94198,Davanagere,2025-04-22
EMP04678,Amanda Stevenson,Female,Research and Development,Product Development Engineer,46207,amanda.stevenson4678@meta.com,+91-97995-13102,Buxar,2025-03-13
EMP04679,Jessica Lopez,Female,Marketing,Marketing Manager,10314,jessica.lopez4679@meta.com,+91-71832-59675,Gandhidham,2025-12-23
EMP04680,Bob Andrade,Male,Marketing,Digital Marketing Specialist,34667,bob.andrade4680@meta.com,+91-77496-54907,Durgapur,2025-08-22
EMP04681,Keith James,Male,Marketing,Digital Marketing Specialist,33996,keith.james4681@meta.com,+91-69067-68909,Tiruppur,2025-10-03
EMP04682,Anthony Watson,Male,Research and Development,Research Analyst,38654,anthony.watson4682@meta.com,+91-67667-27462,Bangalore,2025-12-23
EMP04683,Cassidy Bailey,Female,Research and Development,Research Analyst,13126,cassidy.bailey4683@meta.com,+91-67941-01814,Dehri,2025-04-02
EMP04684,Christopher Gutierrez,Male,Marketing,Digital Marketing Specialist,14406,christopher.gutierrez4684@meta.com,+91-92605-25142,Purnia,2025-05-23
EMP04685,Elijah Archer,Male,Research and Development,Research Analyst,45326,elijah.archer4685@meta.com,+91-92252-17811,Srikakulam,2025-10-31
EMP04686,Donna Warren,Female,Marketing,Digital Marketing Specialist,48727,donna.warren4686@meta.com,+91-68413-25601,Pudukkottai,2025-01-14
EMP04687,James Livingston,Male,IT,data scientist,40960,james.livingston4687@meta.com,+91-66868-08971,Raebareli,2025-05-27
EMP04688,David Compton,Male,Marketing,Digital Marketing Specialist,26312,david.compton4688@meta.com,+91-91225-52926,Jalna,2025-10-26
EMP04689,Nichole Parker,Female,Marketing,Marketing Manager,32059,nichole.parker4689@meta.com,+91-72535-10784,Srinagar,2025-02-08
EMP04690,Rickey Torres,Male,IT,data scientist,24427,rickey.torres4690@meta.com,+91-98795-81332,Tenali,2025-04-27
EMP04691,Keith Munoz,Male,Research and Development,Research Scientist,31563,keith.munoz4691@meta.com,+91-72858-96840,Narasaraopet,2025-11-11
EMP04692,David Thornton,Male,IT,data scientist,44590,david.thornton4692@meta.com,+91-65652-33808,Bally,2025-12-12
EMP04693,Kenneth Mitchell,Male,IT,data analytics,40523,kenneth.mitchell4693@meta.com,+91-66825-06030,Alappuzha,2025-02-27
EMP04694,Deborah Fox,Female,Marketing,SEO Specialist,19090,deborah.fox4694@meta.com,+91-94289-59417,Ulhasnagar,2025-06-23
EMP04695,Danny Watkins,Male,Research and Development,Product Development Engineer,35524,danny.watkins4695@meta.com,+91-97927-61597,Warangal,2025-09-19
EMP04696,Larry Woods,Male,IT,data analytics,49655,larry.woods4696@meta.com,+91-78814-95393,Ramgarh,2025-12-15
EMP04697,Michael Patel,Male,Marketing,SEO Specialist,36619,michael.patel4697@meta.com,+91-69238-33386,Salem,2025-12-14
EMP04698,David Garcia,Male,Marketing,Digital Marketing Specialist,12512,david.garcia4698@meta.com,+91-73002-46071,Aurangabad,2025-01-12
EMP04699,Jeremy Brown,Male,Research and Development,R&D Project Manager,32384,jeremy.brown4699@meta.com,+91-60854-38119,Raipur,2025-06-29
EMP04700,Scott Gill,Male,IT,ML engineer,47591,scott.gill4700@meta.com,+91-79983-23415,Khammam,2025-05-14
EMP04701,Eric York,Male,Marketing,SEO Specialist,28551,eric.york4701@meta.com,+91-76508-76874,Nellore,2025-06-16
EMP04702,Dustin Mckinney,Male,Research and Development,R&D Project Manager,29427,dustin.mckinney4702@meta.com,+91-96327-70266,Uluberia,2025-09-19
EMP04703,Gabrielle Mcbride,Female,Research and Development,R&D Project Manager,47507,gabrielle.mcbride4703@meta.com,+91-95936-91763,Cuttack,2025-09-23
EMP04704,Andrew Smith,Male,Research and Development,Research Scientist,44688,andrew.smith4704@meta.com,+91-78016-76110,Alwar,2025-03-06
EMP04705,Keith Charles,Male,Marketing,Digital Marketing Specialist,37161,keith.charles4705@meta.com,+91-65582-36598,Rajkot,2025-09-16
EMP04706,Brittany Carr,Female,Research and Development,Research Scientist,38539,brittany.carr4706@meta.com,+91-63269-45687,Bhopal,2025-12-11
EMP04707,Charles Mclaughlin,Male,Marketing,Digital Marketing Specialist,35711,charles.mclaughlin4707@meta.com,+91-99647-18889,Aligarh,2025-09-29
EMP04708,Brandy Wilson,Female,Marketing,Marketing Analyst,36198,brandy.wilson4708@meta.com,+91-60573-53786,Thoothukudi,2025-02-12
EMP04709,Shannon Lin,Female,IT,ML engineer,26781,shannon.lin4709@meta.com,+91-86093-13068,Jhansi,2025-10-05
EMP04710,Gary Rogers,Male,IT,data scientist,19904,gary.rogers4710@meta.com,+91-68568-83593,Delhi,2025-02-25
EMP04711,Justin Jordan,Male,IT,data analytics,18382,justin.jordan4711@meta.com,+91-90958-08279,Chapra,2025-11-25
EMP04712,Lisa Blackburn,Female,Marketing,Marketing Manager,13374,lisa.blackburn4712@meta.com,+91-85992-21851,Karimnagar,2025-09-04
EMP04713,Juan Lopez,Male,Research and Development,Research Analyst,20476,juan.lopez4713@meta.com,+91-61498-28465,Sikar,2025-05-07
EMP04714,James Miller,Male,Marketing,Content Marketing Manager,31079,james.miller4714@meta.com,+91-93567-92457,Hosur,2025-04-25
EMP04715,Krista Williams,Female,Marketing,Content Marketing Manager,22257,krista.williams4715@meta.com,+91-75043-27748,Sagar,2025-11-10
EMP04716,Steve Lee,Male,Research and Development,R&D Engineer,30312,steve.lee4716@meta.com,+91-94014-53613,Sangli-Miraj & Kupwad,2025-05-23
EMP04717,Tasha Yang,Female,IT,data analytics,42681,tasha.yang4717@meta.com,+91-99168-46859,Kulti,2025-08-27
EMP04718,Cory Ellis,Male,Marketing,Digital Marketing Specialist,30405,cory.ellis4718@meta.com,+91-83455-74065,Bilaspur,2025-05-08
EMP04719,Jason Douglas,Male,Research and Development,R&D Engineer,36049,jason.douglas4719@meta.com,+91-76840-09436,Barasat,2025-10-23
EMP04720,Crystal Hayes,Female,Marketing,Marketing Manager,47708,crystal.hayes4720@meta.com,+91-89269-60068,Dibrugarh,2025-08-21
EMP04721,Natalie Leonard,Female,IT,ML engineer,16757,natalie.leonard4721@meta.com,+91-79208-23921,Panvel,2025-08-25
EMP04722,Sandra Johnson,Female,Research and Development,Product Development Engineer,22483,sandra.johnson4722@meta.com,+91-63414-39614,Ajmer,2025-07-25
EMP04723,Keith Ramirez,Male,Marketing,Marketing Analyst,47533,keith.ramirez4723@meta.com,+91-76631-49750,Jamnagar,2025-06-10
EMP04724,Stacey Valdez,Female,Marketing,Marketing Manager,13645,stacey.valdez4724@meta.com,+91-99854-27684,Bahraich,2025-03-08
EMP04725,Steve Brown,Male,Marketing,SEO Specialist,26140,steve.brown4725@meta.com,+91-79805-47849,Maheshtala,2025-03-23
EMP04726,Wyatt Turner,Male,Marketing,Digital Marketing Specialist,18044,wyatt.turner4726@meta.com,+91-67459-39047,Howrah,2025-10-03
EMP04727,Christopher Herrera,Male,Marketing,Content Marketing Manager,19943,christopher.herrera4727@meta.com,+91-62151-42772,Nashik,2025-03-28
EMP04728,Carla Briggs,Female,Research and Development,R&D Project Manager,27358,carla.briggs4728@meta.com,+91-74642-45003,Bhusawal,2025-01-30
EMP04729,Jeanne White,Female,Research and Development,Research Scientist,47464,jeanne.white4729@meta.com,+91-82420-66559,Kozhikode,2025-06-23
EMP04730,Cristian Anderson,Male,Research and Development,Research Analyst,12352,cristian.anderson4730@meta.com,+91-96625-23562,Muzaffarpur,2025-03-12
EMP04731,Adam Smith,Male,Research and Development,Product Development Engineer,15709,adam.smith4731@meta.com,+91-65185-50254,Rewa,2025-07-03
EMP04732,Kenneth Rodriguez,Male,IT,data analytics,39013,kenneth.rodriguez4732@meta.com,+91-73522-05480,Hyderabad,2025-09-15
EMP04733,David Robinson,Male,IT,software engineer,16494,david.robinson4733@meta.com,+91-98476-46798,Alappuzha,2025-07-02
EMP04734,Julie Jones,Female,Marketing,Digital Marketing Specialist,43977,julie.jones4734@meta.com,+91-79149-98544,Haldia,2025-05-01
EMP04735,Richard Diaz,Male,Research and Development,Research Analyst,21816,richard.diaz4735@meta.com,+91-89446-25672,Bahraich,2025-08-05
EMP04736,Scott Thomas,Male,Marketing,Digital Marketing Specialist,19270,scott.thomas4736@meta.com,+91-60983-12580,Phagwara,2025-03-31
EMP04737,Leonard Potter,Male,Research and Development,Product Development Engineer,39259,leonard.potter4737@meta.com,+91-71578-68896,Kulti,2025-12-11
EMP04738,Stephanie Brown,Female,Research and Development,Research Scientist,17740,stephanie.brown4738@meta.com,+91-86901-12371,Uluberia,2025-12-08
EMP04739,Daniel Miller,Male,Research and Development,Product Development Engineer,14577,daniel.miller4739@meta.com,+91-73601-78737,Ahmednagar,2025-08-31
EMP04740,Nicholas Hawkins,Male,IT,software engineer,36858,nicholas.hawkins4740@meta.com,+91-84410-43331,Morbi,2025-12-16
EMP04741,Carolyn Johnson,Female,Marketing,Marketing Analyst,10452,carolyn.johnson4741@meta.com,+91-82035-72069,Mira-Bhayandar,2025-07-06
EMP04742,Anthony Fernandez,Male,IT,data analytics,40962,anthony.fernandez4742@meta.com,+91-76511-17274,Jabalpur,2025-10-04
EMP04743,Theresa Marsh,Female,Marketing,SEO Specialist,14865,theresa.marsh4743@meta.com,+91-91426-36638,Mysore,2025-05-10
EMP04744,Jesse Martin,Male,IT,software engineer,44019,jesse.martin4744@meta.com,+91-84669-58333,Mira-Bhayandar,2025-08-16
EMP04745,Edward Ibarra,Male,IT,ML engineer,13502,edward.ibarra4745@meta.com,+91-86378-73167,Bahraich,2025-03-05
EMP04746,Robert Bowen,Male,IT,software engineer,29064,robert.bowen4746@meta.com,+91-74028-61040,Bongaigaon,2025-01-14
EMP04747,Julia Parsons,Female,Marketing,Marketing Manager,40125,julia.parsons4747@meta.com,+91-93818-40443,Fatehpur,2025-09-14
EMP04748,Martin Vazquez,Male,Research and Development,R&D Project Manager,23110,martin.vazquez4748@meta.com,+91-67026-78591,Bhilwara,2025-08-06
EMP04749,Jason Dean,Male,IT,data analytics,15375,jason.dean4749@meta.com,+91-69388-73114,Bilaspur,2025-10-10
EMP04750,Anthony Ward,Male,Research and Development,R&D Project Manager,26752,anthony.ward4750@meta.com,+91-67838-65184,Jorhat,2025-11-01
EMP04751,Shelia Alexander,Female,Marketing,Marketing Manager,46515,shelia.alexander4751@meta.com,+91-94484-70190,Siliguri,2025-12-05
EMP04752,Gerald Brennan,Male,IT,data scientist,38128,gerald.brennan4752@meta.com,+91-77107-14809,Bokaro,2025-02-07
EMP04753,Christopher George,Male,Marketing,SEO Specialist,19888,christopher.george4753@meta.com,+91-69495-93363,Kharagpur,2025-08-16
EMP04754,Jennifer Ferguson,Female,Marketing,Marketing Manager,25881,jennifer.ferguson4754@meta.com,+91-74652-92968,Guna,2025-06-25
EMP04755,Nathaniel Hernandez,Male,IT,data scientist,23935,nathaniel.hernandez4755@meta.com,+91-97801-48410,Shivpuri,2025-11-22
EMP04756,David Lopez,Male,Marketing,Marketing Manager,25783,david.lopez4756@meta.com,+91-77176-20843,Gaya,2025-08-18
EMP04757,Ariel Miller,Female,Marketing,Digital Marketing Specialist,47336,ariel.miller4757@meta.com,+91-80094-97251,Jamshedpur,2025-08-14
EMP04758,Kiara Church,Female,Research and Development,Research Analyst,39606,kiara.church4758@meta.com,+91-78480-91646,Noida,2025-09-05
EMP04759,Melissa Haas,Female,IT,data scientist,41098,melissa.haas4759@meta.com,+91-69902-14941,Srikakulam,2025-06-10
EMP04760,Anthony Hendricks,Male,Research and Development,Research Scientist,40654,anthony.hendricks4760@meta.com,+91-62640-32515,Malda,2025-05-21
EMP04761,Sarah Roy,Female,IT,ML engineer,30621,sarah.roy4761@meta.com,+91-82684-26477,Jalna,2025-11-18
EMP04762,Melissa Yates,Female,Research and Development,R&D Project Manager,18711,melissa.yates4762@meta.com,+91-60859-61497,Khora ,2025-07-07
EMP04763,Brittany Garcia,Female,Research and Development,Product Development Engineer,31082,brittany.garcia4763@meta.com,+91-63080-35930,Raichur,2025-01-15
EMP04764,Christopher Flores,Male,Marketing,Marketing Analyst,34246,christopher.flores4764@meta.com,+91-68509-60304,Kumbakonam,2025-12-17
EMP04765,Ashley Thompson,Female,Marketing,Digital Marketing Specialist,16878,ashley.thompson4765@meta.com,+91-79052-72007,Munger,2025-05-06
EMP04766,Paul Wright,Male,Marketing,Content Marketing Manager,19040,paul.wright4766@meta.com,+91-74716-68648,South Dumdum,2025-02-03
EMP04767,Christopher Ward,Male,Marketing,Digital Marketing Specialist,10434,christopher.ward4767@meta.com,+91-64050-81338,Jalgaon,2025-01-17
EMP04768,Charles Bennett,Male,Research and Development,R&D Engineer,31648,charles.bennett4768@meta.com,+91-98401-07993,Pondicherry,2025-12-01
EMP04769,Michael Green,Male,Research and Development,R&D Project Manager,39564,michael.green4769@meta.com,+91-69031-62236,Nellore,2025-04-14
EMP04770,Terry Singh,Male,Marketing,Content Marketing Manager,21214,terry.singh4770@meta.com,+91-71796-10369,Panvel,2025-05-07
EMP04771,Robert Harris,Male,IT,data analytics,14784,robert.harris4771@meta.com,+91-71987-02669,Durg,2025-05-15
EMP04772,Elizabeth Wiley,Female,Marketing,Digital Marketing Specialist,10783,elizabeth.wiley4772@meta.com,+91-61079-70754,Farrukhabad,2025-07-14
EMP04773,Kathryn Stone,Female,Research and Development,Research Analyst,32252,kathryn.stone4773@meta.com,+91-79161-26424,Ahmedabad,2025-02-05
EMP04774,Devin Smith,Male,Research and Development,Research Scientist,23055,devin.smith4774@meta.com,+91-77303-49000,Hyderabad,2025-05-05
EMP04775,Shannon Austin,Female,IT,software engineer,35892,shannon.austin4775@meta.com,+91-77775-82864,Guna,2025-05-01
EMP04776,Melinda Jones,Female,IT,ML engineer,25802,melinda.jones4776@meta.com,+91-62614-81811,Jhansi,2025-11-12
EMP04777,Richard West,Male,Marketing,Digital Marketing Specialist,43918,richard.west4777@meta.com,+91-90130-54080,South Dumdum,2025-04-06
EMP04778,James Walters,Male,Research and Development,Research Analyst,10740,james.walters4778@meta.com,+91-93485-33839,Kozhikode,2025-09-26
EMP04779,Travis Harper,Male,Marketing,Marketing Manager,23820,travis.harper4779@meta.com,+91-62815-27157,Vijayanagaram,2025-04-22
EMP04780,David Lopez,Male,IT,data scientist,25094,david.lopez4780@meta.com,+91-68629-63175,Bhalswa Jahangir Pur,2025-12-16
EMP04781,Francis Jackson,Male,Research and Development,Research Analyst,43008,francis.jackson4781@meta.com,+91-96004-10633,Tezpur,2025-04-19
EMP04782,Christian Barnes,Male,Research and Development,Product Development Engineer,10462,christian.barnes4782@meta.com,+91-97261-24342,Karnal,2025-06-29
EMP04783,Joshua Thomas,Male,Marketing,Content Marketing Manager,37508,joshua.thomas4783@meta.com,+91-79407-94796,Bhopal,2025-06-16
EMP04784,Matthew Armstrong,Male,Marketing,Digital Marketing Specialist,49794,matthew.armstrong4784@meta.com,+91-99475-09010,Saharanpur,2025-09-13
EMP04785,Leslie Wilson,Female,Marketing,Content Marketing Manager,30321,leslie.wilson4785@meta.com,+91-67280-25451,Bulandshahr,2025-11-10
EMP04786,Colleen Hernandez,Female,IT,data scientist,40274,colleen.hernandez4786@meta.com,+91-65587-52765,Satna,2025-09-17
EMP04787,Nina Haynes,Female,Marketing,Digital Marketing Specialist,42880,nina.haynes4787@meta.com,+91-61530-70202,Muzaffarpur,2025-10-11
EMP04788,Jessica Ford,Female,Research and Development,Research Scientist,34110,jessica.ford4788@meta.com,+91-85454-08114,Alappuzha,2025-05-03
EMP04789,Carrie Dean,Female,Research and Development,Research Scientist,45917,carrie.dean4789@meta.com,+91-81286-07056,Bokaro,2025-08-06
EMP04790,Andrew Bennett,Male,IT,ML engineer,35530,andrew.bennett4790@meta.com,+91-76981-64143,Rampur,2025-03-04
EMP04791,Loretta Johnson,Female,Research and Development,Product Development Engineer,39534,loretta.johnson4791@meta.com,+91-78833-04495,Jalandhar,2025-08-22
EMP04792,Cory Cummings,Male,Marketing,Marketing Manager,33153,cory.cummings4792@meta.com,+91-89934-34459,Siwan,2025-09-13
EMP04793,Philip Williams,Male,Marketing,SEO Specialist,30140,philip.williams4793@meta.com,+91-66010-64609,Chapra,2025-08-18
EMP04794,Joseph Rosales,Male,IT,software engineer,38111,joseph.rosales4794@meta.com,+91-85811-96558,Rajkot,2025-09-19
EMP04795,Robert Miller,Male,IT,software engineer,28653,robert.miller4795@meta.com,+91-85639-30027,Bareilly,2025-03-15
EMP04796,Tiffany Thompson,Female,IT,data analytics,15396,tiffany.thompson4796@meta.com,+91-77174-17310,Serampore,2025-07-30
EMP04797,Nicole Dixon,Female,Marketing,Content Marketing Manager,19406,nicole.dixon4797@meta.com,+91-77643-74328,Serampore,2025-07-23
EMP04798,Joshua Kane,Male,Marketing,Content Marketing Manager,40954,joshua.kane4798@meta.com,+91-83798-97641,Jorhat,2025-09-23
EMP04799,Jonathan Morales,Male,Research and Development,Product Development Engineer,11185,jonathan.morales4799@meta.com,+91-91454-91477,Vasai-Virar,2025-03-26
EMP04800,Pamela Rodriguez,Female,Research and Development,R&D Project Manager,17173,pamela.rodriguez4800@meta.com,+91-74366-30616,Firozabad,2025-11-19
EMP04801,Justin Brown,Male,Research and Development,R&D Project Manager,20134,justin.brown4801@meta.com,+91-64658-74726,Farrukhabad,2025-03-15
EMP04802,Nicole Hood,Female,Marketing,Content Marketing Manager,17115,nicole.hood4802@meta.com,+91-72826-20318,Kalyan-Dombivli,2025-05-11
EMP04803,Rebecca Thompson,Female,Research and Development,Research Scientist,26451,rebecca.thompson4803@meta.com,+91-73510-57967,Mango,2025-03-06
EMP04804,Mark Castillo,Male,Marketing,Marketing Manager,13929,mark.castillo4804@meta.com,+91-72733-97619,Saharsa,2025-04-07
EMP04805,Erin Doyle,Female,Research and Development,Research Analyst,19983,erin.doyle4805@meta.com,+91-73881-00470,Rewa,2025-11-04
EMP04806,Diane Berg,Female,Marketing,Marketing Analyst,19358,diane.berg4806@meta.com,+91-73648-07112,Kochi,2025-02-05
EMP04807,Linda Ramsey,Female,Research and Development,Product Development Engineer,48485,linda.ramsey4807@meta.com,+91-77791-03283,Sagar,2025-11-15
EMP04808,Matthew Rodriguez,Male,IT,data scientist,40926,matthew.rodriguez4808@meta.com,+91-64855-91765,Junagadh,2025-04-11
EMP04809,Robert White,Male,Marketing,Digital Marketing Specialist,17676,robert.white4809@meta.com,+91-67678-19873,South Dumdum,2025-12-01
EMP04810,Alicia Vaughn,Female,Research and Development,Research Scientist,34125,alicia.vaughn4810@meta.com,+91-92592-66307,Anantapuram,2025-07-12
EMP04811,Carla King,Female,IT,data analytics,20486,carla.king4811@meta.com,+91-82976-43160,Gorakhpur,2025-08-29
EMP04812,Douglas Washington,Male,IT,data scientist,36925,douglas.washington4812@meta.com,+91-73292-90197,Mysore,2025-08-12
EMP04813,Kaitlin Gilbert,Female,Marketing,Marketing Analyst,41464,kaitlin.gilbert4813@meta.com,+91-78568-25602,Vellore,2025-04-18
EMP04814,Kevin Wheeler,Male,Marketing,Content Marketing Manager,49931,kevin.wheeler4814@meta.com,+91-64930-63042,Ramgarh,2025-01-04
EMP04815,Michael Davis,Male,IT,ML engineer,41534,michael.davis4815@meta.com,+91-94709-37302,Kottayam,2025-10-13
EMP04816,Melissa Rodriguez,Female,IT,ML engineer,42014,melissa.rodriguez4816@meta.com,+91-80583-42209,Howrah,2025-09-27
EMP04817,Daniel Reynolds,Male,Marketing,Content Marketing Manager,21861,daniel.reynolds4817@meta.com,+91-77312-25087,Jaipur,2025-09-11
EMP04818,Nancy Mcgee,Female,Research and Development,R&D Project Manager,43585,nancy.mcgee4818@meta.com,+91-62750-03135,Ghaziabad,2025-06-30
EMP04819,Aaron Mayer,Male,Marketing,SEO Specialist,18154,aaron.mayer4819@meta.com,+91-80244-84092,Panvel,2025-04-26
EMP04820,George Stephens,Male,IT,software engineer,49333,george.stephens4820@meta.com,+91-70616-51658,Jalandhar,2025-10-21
EMP04821,April Welch,Female,Marketing,Content Marketing Manager,22643,april.welch4821@meta.com,+91-76923-09604,Mangalore,2025-04-24
EMP04822,Devin Mercado,Male,Research and Development,R&D Engineer,19675,devin.mercado4822@meta.com,+91-75713-43416,Jamalpur,2025-06-20
EMP04823,Michael Mcconnell,Male,Research and Development,Research Analyst,11843,michael.mcconnell4823@meta.com,+91-69865-14488,Erode,2025-08-14
EMP04824,Sarah Gilbert,Female,Marketing,SEO Specialist,40487,sarah.gilbert4824@meta.com,+91-91852-92400,Allahabad,2025-12-27
EMP04825,Joanne Ferguson,Female,IT,data scientist,31928,joanne.ferguson4825@meta.com,+91-95534-57794,Ujjain,2025-11-24
EMP04826,Rodney Avila,Male,Marketing,Marketing Manager,47177,rodney.avila4826@meta.com,+91-99020-72025,Ambattur,2025-01-02
EMP04827,Christopher Peters,Male,Marketing,Digital Marketing Specialist,14595,christopher.peters4827@meta.com,+91-89076-26356,Orai,2025-10-12
EMP04828,Lisa Cruz,Female,IT,ML engineer,31519,lisa.cruz4828@meta.com,+91-90999-45297,Kakinada,2025-07-19
EMP04829,Robert Russell,Male,IT,data scientist,22249,robert.russell4829@meta.com,+91-84599-33628,Dibrugarh,2025-03-18
EMP04830,Gabrielle Wilson,Female,Research and Development,Product Development Engineer,48877,gabrielle.wilson4830@meta.com,+91-77427-39076,Belgaum,2025-12-30
EMP04831,James Garcia,Male,IT,data scientist,47575,james.garcia4831@meta.com,+91-87557-52729,Suryapet,2025-07-05
EMP04832,Elizabeth Waters,Female,Research and Development,Research Analyst,25343,elizabeth.waters4832@meta.com,+91-86330-95735,Aurangabad,2025-12-31
EMP04833,Colton Beck,Male,Research and Development,R&D Project Manager,20515,colton.beck4833@meta.com,+91-69455-30072,Kollam,2025-11-02
EMP04834,Steven Love,Male,IT,data scientist,22017,steven.love4834@meta.com,+91-88463-70212,Navi Mumbai,2025-04-18
EMP04835,Michael Sweeney,Male,IT,ML engineer,31251,michael.sweeney4835@meta.com,+91-88892-86263,Karnal,2025-10-06
EMP04836,Stephanie Murray,Female,Marketing,Marketing Manager,18880,stephanie.murray4836@meta.com,+91-91875-17988,Dehri,2025-06-12
EMP04837,John Erickson,Male,Research and Development,Research Analyst,49013,john.erickson4837@meta.com,+91-84841-00445,Machilipatnam,2025-09-15
EMP04838,Troy Olson,Male,Marketing,Digital Marketing Specialist,35484,troy.olson4838@meta.com,+91-78036-44225,Bareilly,2025-02-17
EMP04839,Matthew Henderson,Male,Research and Development,Research Analyst,28023,matthew.henderson4839@meta.com,+91-95835-52008,Amaravati,2025-03-27
EMP04840,Carol Walters,Female,Marketing,Content Marketing Manager,39944,carol.walters4840@meta.com,+91-73499-01894,Shimoga,2025-05-06
EMP04841,Danielle Jones,Female,Marketing,Marketing Manager,33950,danielle.jones4841@meta.com,+91-72670-94986,Bhind,2025-10-06
EMP04842,Lisa Huber,Female,Research and Development,Research Scientist,37285,lisa.huber4842@meta.com,+91-66710-53901,Jaunpur,2025-12-23
EMP04843,Thomas Neal,Male,Research and Development,Research Analyst,36260,thomas.neal4843@meta.com,+91-82857-29197,Guntakal,2025-07-20
EMP04844,Jason Castaneda,Male,Marketing,Digital Marketing Specialist,30742,jason.castaneda4844@meta.com,+91-60846-54382,Hosur,2025-11-24
EMP04845,Michael Bell,Male,IT,data analytics,22022,michael.bell4845@meta.com,+91-73809-83068,Mangalore,2025-11-27
EMP04846,Nicholas Smith,Male,Research and Development,R&D Engineer,23055,nicholas.smith4846@meta.com,+91-74032-09704,Katni,2025-07-03
EMP04847,Jamie Dominguez,Female,Research and Development,Product Development Engineer,31050,jamie.dominguez4847@meta.com,+91-74578-59718,Deoghar,2025-10-31
EMP04848,James Jackson,Male,IT,software engineer,43777,james.jackson4848@meta.com,+91-97196-62064,Ramgarh,2025-04-21
EMP04849,Sandra Taylor,Female,IT,data scientist,27144,sandra.taylor4849@meta.com,+91-68665-23089,Kurnool,2025-11-17
EMP04850,Elizabeth Hunter,Female,Research and Development,Research Analyst,25863,elizabeth.hunter4850@meta.com,+91-79715-63259,Tiruvottiyur,2025-01-13
EMP04851,Erika Guzman,Female,IT,software engineer,47885,erika.guzman4851@meta.com,+91-87743-98010,Bangalore,2025-11-01
EMP04852,Phillip Rojas,Male,IT,data scientist,11410,phillip.rojas4852@meta.com,+91-70457-02853,Adoni,2025-03-24
EMP04853,Scott Johnson,Male,IT,ML engineer,47548,scott.johnson4853@meta.com,+91-95843-18230,Fatehpur,2025-01-17
EMP04854,Charles Williamson,Male,Research and Development,R&D Engineer,17402,charles.williamson4854@meta.com,+91-65177-01732,Gudivada,2025-10-16
EMP04855,Virginia Torres,Female,IT,ML engineer,21800,virginia.torres4855@meta.com,+91-92670-02303,Chapra,2025-03-11
EMP04856,Lisa Washington,Female,Marketing,Digital Marketing Specialist,17212,lisa.washington4856@meta.com,+91-95187-35815,Begusarai,2025-01-08
EMP04857,Rachael Ellis,Female,Marketing,Marketing Analyst,47647,rachael.ellis4857@meta.com,+91-64385-86365,Rohtak,2025-07-18
EMP04858,Kristin Jennings,Female,Marketing,Marketing Manager,17078,kristin.jennings4858@meta.com,+91-98846-76045,Machilipatnam,2025-03-20
EMP04859,Donald Mckay,Male,IT,software engineer,34480,donald.mckay4859@meta.com,+91-84483-18169,Narasaraopet,2025-11-17
EMP04860,Rebecca Boone,Female,Research and Development,Research Analyst,29739,rebecca.boone4860@meta.com,+91-89043-49503,Bulandshahr,2025-07-10
EMP04861,Joel Roberts,Male,Research and Development,R&D Project Manager,48330,joel.roberts4861@meta.com,+91-94398-13370,Kadapa,2025-06-01
EMP04862,Tony Cooper,Male,IT,software engineer,20582,tony.cooper4862@meta.com,+91-67977-70139,Amaravati,2025-04-01
EMP04863,Joshua Ferguson,Male,IT,software engineer,28884,joshua.ferguson4863@meta.com,+91-76074-25220,Jalna,2025-09-05
EMP04864,Ricardo Ferguson,Male,Research and Development,R&D Project Manager,29909,ricardo.ferguson4864@meta.com,+91-94623-65622,Ramagundam,2025-02-19
EMP04865,Eugene Sparks,Male,Research and Development,R&D Engineer,34991,eugene.sparks4865@meta.com,+91-69347-04036,Kottayam,2025-07-31
EMP04866,Renee Liu,Female,Marketing,Digital Marketing Specialist,25597,renee.liu4866@meta.com,+91-93120-03000,Tirunelveli,2025-12-10
EMP04867,Bryan Clay,Male,Research and Development,Product Development Engineer,48057,bryan.clay4867@meta.com,+91-81290-37308,Ujjain,2025-12-06
EMP04868,Jennifer Woodward,Female,Research and Development,R&D Project Manager,24742,jennifer.woodward4868@meta.com,+91-71808-81809,Sikar,2025-10-16
EMP04869,James Tran,Male,Marketing,SEO Specialist,11883,james.tran4869@meta.com,+91-65614-67434,Surat,2025-06-18
EMP04870,Sara White,Female,Marketing,SEO Specialist,18053,sara.white4870@meta.com,+91-70477-92183,Secunderabad,2025-05-27
EMP04871,Joseph Carrillo,Male,Marketing,Marketing Analyst,49322,joseph.carrillo4871@meta.com,+91-72529-71979,Miryalaguda,2025-11-12
EMP04872,Sherry Berry,Female,Marketing,Content Marketing Manager,27875,sherry.berry4872@meta.com,+91-83933-04698,Kalyan-Dombivli,2025-10-20
EMP04873,Gary Torres,Male,IT,software engineer,12720,gary.torres4873@meta.com,+91-84713-92437,Tadipatri,2025-02-04
EMP04874,Kurt Wells,Male,Research and Development,Research Scientist,25586,kurt.wells4874@meta.com,+91-74072-15424,Begusarai,2025-12-02
EMP04875,Gregory Joyce,Male,Research and Development,Research Analyst,17945,gregory.joyce4875@meta.com,+91-62689-08817,Kanpur,2025-08-10
EMP04876,Chase Choi,Male,Marketing,Content Marketing Manager,26676,chase.choi4876@meta.com,+91-73095-86911,Ahmedabad,2025-06-18
EMP04877,Anthony Lewis,Male,IT,data scientist,21227,anthony.lewis4877@meta.com,+91-93028-68780,Pali,2025-10-01
EMP04878,Olivia Powell,Female,Marketing,Digital Marketing Specialist,36339,olivia.powell4878@meta.com,+91-76465-91417,Kurnool,2025-06-10
EMP04879,Alan Donaldson,Male,Research and Development,Product Development Engineer,38316,alan.donaldson4879@meta.com,+91-81928-33544,Munger,2025-12-07
EMP04880,Eileen Grant,Female,Research and Development,R&D Project Manager,36135,eileen.grant4880@meta.com,+91-74716-80611,Bahraich,2025-03-12
EMP04881,William Ortega,Male,IT,software engineer,16649,william.ortega4881@meta.com,+91-90074-69445,Bhiwani,2025-07-11
EMP04882,Jerry Williams,Male,IT,data analytics,10245,jerry.williams4882@meta.com,+91-70954-96421,Surat,2025-03-08
EMP04883,Martha Schmidt,Female,Research and Development,Research Scientist,13394,martha.schmidt4883@meta.com,+91-94564-47263,Vijayanagaram,2025-01-27
EMP04884,Sherry Lara,Female,Marketing,Content Marketing Manager,32169,sherry.lara4884@meta.com,+91-87821-39775,Gorakhpur,2025-05-30
EMP04885,Lynn Harris,Female,IT,data analytics,46635,lynn.harris4885@meta.com,+91-83131-84992,Bhilai,2025-02-25
EMP04886,Amber Nelson,Female,Marketing,Digital Marketing Specialist,30710,amber.nelson4886@meta.com,+91-80452-10351,Avadi,2025-07-31
EMP04887,Tiffany King,Female,IT,data analytics,24063,tiffany.king4887@meta.com,+91-83964-64403,Singrauli,2025-07-12
EMP04888,John Ortega,Male,Marketing,Digital Marketing Specialist,29839,john.ortega4888@meta.com,+91-78131-86001,Karaikudi,2025-02-12
EMP04889,Steven Morales,Male,Marketing,Digital Marketing Specialist,41201,steven.morales4889@meta.com,+91-73945-06059,Dehradun,2025-09-14
EMP04890,Elizabeth Johnson,Female,Marketing,Digital Marketing Specialist,37058,elizabeth.johnson4890@meta.com,+91-63748-07944,Cuttack,2025-04-09
EMP04891,Bruce Kent,Male,Research and Development,R&D Engineer,12168,bruce.kent4891@meta.com,+91-64166-25316,Morena,2025-08-29
EMP04892,Breanna Randolph,Female,Research and Development,Research Scientist,21061,breanna.randolph4892@meta.com,+91-72813-52348,Udaipur,2025-04-20
EMP04893,Teresa White,Female,Marketing,Marketing Manager,39516,teresa.white4893@meta.com,+91-85076-83317,Bathinda,2025-08-08
EMP04894,David Frederick,Male,Research and Development,Research Analyst,40963,david.frederick4894@meta.com,+91-89162-21923,Gandhidham,2025-10-31
EMP04895,Ricky Green,Male,IT,data scientist,32204,ricky.green4895@meta.com,+91-90957-18857,Nangloi Jat,2025-01-12
EMP04896,Stephanie Torres,Female,Research and Development,Product Development Engineer,40449,stephanie.torres4896@meta.com,+91-74910-84492,Anantapur,2025-01-13
EMP04897,Jacqueline Walker,Female,Marketing,Marketing Analyst,13443,jacqueline.walker4897@meta.com,+91-96144-59371,Khammam,2025-07-06
EMP04898,Christopher Charles,Male,IT,data analytics,29164,christopher.charles4898@meta.com,+91-76691-55786,Deoghar,2025-05-10
EMP04899,Courtney Smith,Female,IT,software engineer,15356,courtney.smith4899@meta.com,+91-71838-72219,Durgapur,2025-08-31
EMP04900,Donna Chandler,Female,IT,data analytics,37533,donna.chandler4900@meta.com,+91-61486-07994,Kota,2025-12-17
EMP04901,Christopher Poole,Male,Research and Development,R&D Engineer,34848,christopher.poole4901@meta.com,+91-76757-43029,Delhi,2025-04-21
EMP04902,Natalie Foster,Female,Marketing,SEO Specialist,22048,natalie.foster4902@meta.com,+91-97537-15714,Mysore,2025-04-06
EMP04903,Tara Jones,Female,Research and Development,Research Analyst,10739,tara.jones4903@meta.com,+91-87409-27432,Patiala,2025-01-25
EMP04904,Thomas Bowman,Male,Research and Development,Product Development Engineer,48092,thomas.bowman4904@meta.com,+91-97084-85728,Shimla,2025-11-01
EMP04905,Christopher Barton,Male,Marketing,Marketing Analyst,47786,christopher.barton4905@meta.com,+91-72555-35010,Tadipatri,2025-11-10
EMP04906,Hannah Morris,Female,Marketing,Marketing Analyst,35567,hannah.morris4906@meta.com,+91-82746-66516,Begusarai,2025-08-31
EMP04907,Erika White,Female,IT,data scientist,25187,erika.white4907@meta.com,+91-89185-28280,Tirunelveli,2025-08-25
EMP04908,Melanie Reed,Female,IT,data analytics,37316,melanie.reed4908@meta.com,+91-84253-61256,Salem,2025-05-01
EMP04909,Jared Madden,Male,Marketing,SEO Specialist,36000,jared.madden4909@meta.com,+91-63255-74711,Unnao,2025-06-16
EMP04910,Isabella Miller,Female,Marketing,Content Marketing Manager,17749,isabella.miller4910@meta.com,+91-87140-32560,Pimpri-Chinchwad,2025-06-19
EMP04911,Gabriella Williams,Female,Marketing,Digital Marketing Specialist,12301,gabriella.williams4911@meta.com,+91-90676-63045,Mirzapur,2025-05-13
EMP04912,Eric Davis,Male,Marketing,Marketing Manager,36297,eric.davis4912@meta.com,+91-68498-14025,Malda,2025-08-09
EMP04913,Elizabeth Ruiz,Female,Marketing,Content Marketing Manager,37447,elizabeth.ruiz4913@meta.com,+91-60112-02106,Kakinada,2025-11-18
EMP04914,Heather Thomas,Female,Research and Development,Research Analyst,23699,heather.thomas4914@meta.com,+91-61640-06034,Dehri,2025-02-21
EMP04915,Monique Castaneda,Female,IT,software engineer,48262,monique.castaneda4915@meta.com,+91-85784-09692,Gorakhpur,2025-07-10
EMP04916,Roy Anthony,Male,IT,software engineer,13024,roy.anthony4916@meta.com,+91-84231-91121,Raurkela Industrial Township,2025-09-06
EMP04917,Kevin Park,Male,Marketing,Digital Marketing Specialist,49176,kevin.park4917@meta.com,+91-99760-43502,Kollam,2025-03-08
EMP04918,David Boone,Male,IT,ML engineer,20195,david.boone4918@meta.com,+91-63026-18987,Vadodara,2025-06-06
EMP04919,Felicia Freeman,Female,Research and Development,Product Development Engineer,47204,felicia.freeman4919@meta.com,+91-79037-20777,Korba,2025-08-20
EMP04920,Christie Moreno,Female,Research and Development,Research Scientist,46623,christie.moreno4920@meta.com,+91-95815-48676,Gwalior,2025-04-21
EMP04921,Shelly Jones,Female,Research and Development,R&D Engineer,47424,shelly.jones4921@meta.com,+91-87853-40081,Mathura,2025-02-01
EMP04922,Samantha Boyd,Female,Research and Development,Research Scientist,17772,samantha.boyd4922@meta.com,+91-89508-87592,Purnia,2025-04-19
EMP04923,Taylor Palmer,Female,IT,ML engineer,47670,taylor.palmer4923@meta.com,+91-72367-76480,Proddatur,2025-05-23
EMP04924,Barry Bauer,Male,Marketing,SEO Specialist,22218,barry.bauer4924@meta.com,+91-88898-20784,Tinsukia,2025-01-22
EMP04925,Karen Smith,Female,IT,data scientist,40681,karen.smith4925@meta.com,+91-91190-62850,Udaipur,2025-06-05
EMP04926,Eugene Brown,Male,IT,software engineer,21115,eugene.brown4926@meta.com,+91-63822-57097,Bhilai,2025-05-30
EMP04927,Jeremy Torres,Male,Marketing,Marketing Manager,49665,jeremy.torres4927@meta.com,+91-89793-80223,Rajpur Sonarpur,2025-04-05
EMP04928,Timothy Daniel,Male,IT,ML engineer,48329,timothy.daniel4928@meta.com,+91-76851-13642,Anand,2025-12-31
EMP04929,Amber Hunt,Female,IT,data analytics,20900,amber.hunt4929@meta.com,+91-88157-54816,Raurkela Industrial Township,2025-08-15
EMP04930,Jeffery Mendoza,Male,IT,data analytics,18861,jeffery.mendoza4930@meta.com,+91-88227-08198,Alwar,2025-12-05
EMP04931,Sheila Crawford,Female,IT,data analytics,27639,sheila.crawford4931@meta.com,+91-96430-17932,Mango,2025-10-23
EMP04932,Patrick Mahoney,Male,IT,data scientist,35128,patrick.mahoney4932@meta.com,+91-87422-10730,Giridih,2025-10-14
EMP04933,Timothy Benitez,Male,Marketing,Marketing Manager,25599,timothy.benitez4933@meta.com,+91-65162-33934,Bhagalpur,2025-01-12
EMP04934,Robert Taylor,Male,Marketing,SEO Specialist,47412,robert.taylor4934@meta.com,+91-85926-03493,Gandhinagar,2025-07-08
EMP04935,Mark Jordan,Male,Marketing,SEO Specialist,16161,mark.jordan4935@meta.com,+91-96120-95275,Faridabad,2025-12-03
EMP04936,Leonard Andrews,Male,Research and Development,Research Analyst,29445,leonard.andrews4936@meta.com,+91-83903-61658,Vadodara,2025-01-11
EMP04937,Brian Patel,Male,Research and Development,Product Development Engineer,48044,brian.patel4937@meta.com,+91-82900-94954,Nangloi Jat,2025-11-02
EMP04938,Darren Smith,Male,IT,data analytics,26870,darren.smith4938@meta.com,+91-93168-14466,Mau,2025-03-28
EMP04939,Carla Padilla,Female,Research and Development,Product Development Engineer,48237,carla.padilla4939@meta.com,+91-99585-96913,Nagaon,2025-03-06
EMP04940,Dylan Roberts,Male,Research and Development,R&D Engineer,15566,dylan.roberts4940@meta.com,+91-81943-95533,Pali,2025-03-03
EMP04941,Donald Pace,Male,IT,software engineer,34179,donald.pace4941@meta.com,+91-83319-44555,Udupi,2025-01-20
EMP04942,Paul Santana,Male,IT,software engineer,24597,paul.santana4942@meta.com,+91-78587-45530,Ballia,2025-09-27
EMP04943,Jacob Jackson,Male,IT,data scientist,34449,jacob.jackson4943@meta.com,+91-65138-41917,Pallavaram,2025-07-25
EMP04944,Gary Mckinney,Male,IT,data analytics,33521,gary.mckinney4944@meta.com,+91-81675-72095,Saharsa,2025-11-20
EMP04945,Cameron Holmes,Male,IT,ML engineer,19771,cameron.holmes4945@meta.com,+91-73167-04723,Guntakal,2025-12-23
EMP04946,Amber Thomas,Female,IT,data analytics,43489,amber.thomas4946@meta.com,+91-84077-65226,Ballia,2025-02-10
EMP04947,Julie Ryan,Female,Marketing,SEO Specialist,25316,julie.ryan4947@meta.com,+91-76701-24121,Durgapur,2025-05-15
EMP04948,Edwin Fernandez,Male,IT,software engineer,38638,edwin.fernandez4948@meta.com,+91-86772-05978,Jodhpur,2025-08-17
EMP04949,Julia Howe,Female,Research and Development,Research Analyst,15441,julia.howe4949@meta.com,+91-89159-96151,Firozabad,2025-02-13
EMP04950,Tammy Cochran,Female,Marketing,Digital Marketing Specialist,43530,tammy.cochran4950@meta.com,+91-90603-96201,Tiruppur,2025-07-03
EMP04951,Jeffery Hodges,Male,Marketing,Marketing Analyst,31627,jeffery.hodges4951@meta.com,+91-81408-76806,Nagaon,2025-12-29
EMP04952,Whitney Hendrix,Female,IT,software engineer,49731,whitney.hendrix4952@meta.com,+91-78858-64848,Gwalior,2025-02-14
EMP04953,Clarence Robinson,Male,Marketing,Marketing Manager,16535,clarence.robinson4953@meta.com,+91-67601-26272,Bhagalpur,2025-12-19
EMP04954,Kelsey Peterson,Female,Research and Development,Research Analyst,30881,kelsey.peterson4954@meta.com,+91-78730-14301,Jorhat,2025-07-22
EMP04955,Brian Miller,Male,Research and Development,R&D Engineer,26442,brian.miller4955@meta.com,+91-85319-26429,Phagwara,2025-05-15
EMP04956,William Vasquez,Male,Research and Development,Product Development Engineer,13239,william.vasquez4956@meta.com,+91-96755-03067,Panipat,2025-02-05
EMP04957,Tony Rogers,Male,Research and Development,Research Scientist,37016,tony.rogers4957@meta.com,+91-82856-36762,Lucknow,2025-03-21
EMP04958,Oscar Williamson,Male,Research and Development,R&D Project Manager,21183,oscar.williamson4958@meta.com,+91-76212-60091,Vasai-Virar,2025-12-16
EMP04959,Jeremy Ray,Male,IT,data analytics,27237,jeremy.ray4959@meta.com,+91-91644-52814,Satna,2025-11-15
EMP04960,Brittany Hensley,Female,Research and Development,Research Analyst,49655,brittany.hensley4960@meta.com,+91-79947-65401,Bhimavaram,2025-08-04
EMP04961,Christine Morrow,Female,Research and Development,R&D Project Manager,22625,christine.morrow4961@meta.com,+91-60349-77637,Hubli–Dharwad,2025-04-02
EMP04962,Mark Sandoval,Male,Research and Development,R&D Engineer,20130,mark.sandoval4962@meta.com,+91-83837-75458,Madhyamgram,2025-03-22
EMP04963,Tonya Smith,Female,IT,software engineer,25672,tonya.smith4963@meta.com,+91-96030-95248,Jammu,2025-03-01
EMP04964,Cameron Foster,Male,Marketing,Marketing Manager,29388,cameron.foster4964@meta.com,+91-67290-40642,Bhilai,2025-09-13
EMP04965,Laura Cobb,Female,Marketing,Content Marketing Manager,24192,laura.cobb4965@meta.com,+91-92282-90588,Hyderabad,2025-06-02
EMP04966,Danielle Mathews,Female,Research and Development,R&D Project Manager,37432,danielle.mathews4966@meta.com,+91-73520-67161,Chapra,2025-05-05
EMP04967,Victoria Parker,Female,Marketing,Digital Marketing Specialist,17976,victoria.parker4967@meta.com,+91-98093-05117,Karnal,2025-03-13
EMP04968,Barbara Cummings,Female,Research and Development,R&D Engineer,21372,barbara.cummings4968@meta.com,+91-72788-82062,Chapra,2025-04-12
EMP04969,Anthony Schmidt,Male,Marketing,Marketing Manager,36678,anthony.schmidt4969@meta.com,+91-78816-14381,Ambala,2025-02-27
EMP04970,Mitchell Williams,Male,IT,data scientist,19951,mitchell.williams4970@meta.com,+91-94029-75997,Ghaziabad,2025-09-14
EMP04971,Shawn Evans,Male,Marketing,Marketing Analyst,23981,shawn.evans4971@meta.com,+91-87715-47850,Tiruppur,2025-09-18
EMP04972,James Bullock,Male,IT,data analytics,35602,james.bullock4972@meta.com,+91-67238-04918,Tiruppur,2025-06-22
EMP04973,James Morales,Male,Marketing,SEO Specialist,33709,james.morales4973@meta.com,+91-72566-59399,Vijayawada,2025-05-05
EMP04974,Daniel Bailey,Male,IT,ML engineer,26236,daniel.bailey4974@meta.com,+91-78305-52325,Tezpur,2025-01-11
EMP04975,David Gomez,Male,Marketing,Marketing Analyst,42702,david.gomez4975@meta.com,+91-66190-73759,Chennai,2025-07-28
EMP04976,Lori Stephens,Female,Research and Development,Product Development Engineer,43762,lori.stephens4976@meta.com,+91-73933-17005,Mysore,2025-04-15
EMP04977,Holly Sosa,Female,IT,data analytics,24835,holly.sosa4977@meta.com,+91-90693-34336,Shahjahanpur,2025-05-23
EMP04978,Brady Cook,Male,IT,data analytics,14979,brady.cook4978@meta.com,+91-83616-51352,Gandhinagar,2025-01-18
EMP04979,David Freeman,Male,Research and Development,Research Scientist,17148,david.freeman4979@meta.com,+91-65367-76133,Raurkela Industrial Township,2025-12-19
EMP04980,Gregory Wiley,Male,Research and Development,R&D Project Manager,17144,gregory.wiley4980@meta.com,+91-66323-14117,Nadiad,2025-07-02
EMP04981,Donna Long,Female,Marketing,Marketing Analyst,46156,donna.long4981@meta.com,+91-72417-35251,Guntur,2025-01-25
EMP04982,Sara Bartlett,Female,IT,software engineer,15624,sara.bartlett4982@meta.com,+91-90943-54841,Shivpuri,2025-04-01
EMP04983,Christopher Johnson,Male,IT,data analytics,36330,christopher.johnson4983@meta.com,+91-74386-48716,Tinsukia,2025-04-07
EMP04984,Linda Barajas,Female,Marketing,SEO Specialist,16039,linda.barajas4984@meta.com,+91-64821-98951,Alappuzha,2025-10-22
EMP04985,Aaron Sloan,Male,Research and Development,Product Development Engineer,48328,aaron.sloan4985@meta.com,+91-78764-62664,Belgaum,2025-02-20
EMP04986,Joseph Gray,Male,IT,ML engineer,44087,joseph.gray4986@meta.com,+91-91002-59446,Bardhaman,2025-06-22
EMP04987,Andrea Bush,Female,Research and Development,Research Scientist,39096,andrea.bush4987@meta.com,+91-89220-12486,Solapur,2025-11-28
EMP04988,Amanda Garcia,Female,IT,data analytics,47576,amanda.garcia4988@meta.com,+91-94183-72373,North Dumdum,2025-01-09
EMP04989,Mark Harris,Male,Marketing,Marketing Analyst,10812,mark.harris4989@meta.com,+91-68703-72486,Alappuzha,2025-03-09
EMP04990,Ronald Williams,Male,Marketing,Digital Marketing Specialist,46430,ronald.williams4990@meta.com,+91-97348-32637,Amravati,2025-11-13
EMP04991,Andrew Caldwell,Male,Research and Development,Research Analyst,28606,andrew.caldwell4991@meta.com,+91-90688-05465,Bhavnagar,2025-11-14
EMP04992,Katherine Lewis,Female,IT,ML engineer,16756,katherine.lewis4992@meta.com,+91-90529-35877,Asansol,2025-01-01
EMP04993,John Clark,Male,Marketing,SEO Specialist,12189,john.clark4993@meta.com,+91-96096-73066,Danapur,2025-11-22
EMP04994,Shane Baker,Male,Marketing,Marketing Manager,33569,shane.baker4994@meta.com,+91-74710-11209,Gopalpur,2025-05-04
EMP04995,Jesse Rice,Male,IT,software engineer,45400,jesse.rice4995@meta.com,+91-98319-19709,Guntakal,2025-08-05
EMP04996,Emily Lewis,Female,Marketing,Marketing Analyst,43616,emily.lewis4996@meta.com,+91-90569-10185,Ramgarh,2025-08-22
EMP04997,Jason Salinas,Male,Research and Development,Research Scientist,20540,jason.salinas4997@meta.com,+91-73173-31382,Shimla,2025-09-26
EMP04998,James Neal,Male,IT,software engineer,21407,james.neal4998@meta.com,+91-81418-76741,Jehanabad,2025-11-02
EMP04999,Christopher Wagner,Male,Research and Development,Research Analyst,29918,christopher.wagner4999@meta.com,+91-65648-05163,Srikakulam,2025-05-14
EMP05000,Katrina Hubbard,Female,IT,ML engineer,29045,katrina.hubbard5000@meta.com,+91-93557-57877,Etawah,2025-07-29
